[2026-09-01T09:28:17.646+0000] {processor.py:161} INFO - Started process (PID=25) to work on /opt/airflow/dags/model_deployment_dag.py
[2026-09-01T09:28:17.726+0000] {processor.py:830} INFO - Processing file /opt/airflow/dags/model_deployment_dag.py for tasks to queue
[2026-09-01T09:28:17.814+0000] {logging_mixin.py:188} INFO - [2026-09-01T09:28:17.791+0000] {dagbag.py:545} INFO - Filling up the DagBag from /opt/airflow/dags/model_deployment_dag.py
[2026-09-01T09:28:18.243+0000] {processor.py:840} INFO - DAG(s) 'recommendation_model_deployment' retrieved from /opt/airflow/dags/model_deployment_dag.py
[2026-09-01T09:28:20.536+0000] {logging_mixin.py:188} INFO - [2026-09-01T09:28:20.534+0000] {override.py:1829} INFO - Created Permission View: can edit on DAG:recommendation_model_deployment
[2026-09-01T09:28:20.654+0000] {logging_mixin.py:188} INFO - [2026-09-01T09:28:20.653+0000] {override.py:1829} INFO - Created Permission View: can read on DAG:recommendation_model_deployment
[2026-09-01T09:28:20.742+0000] {logging_mixin.py:188} INFO - [2026-09-01T09:28:20.741+0000] {override.py:1829} INFO - Created Permission View: can delete on DAG:recommendation_model_deployment
[2026-09-01T09:28:20.745+0000] {logging_mixin.py:188} INFO - [2026-09-01T09:28:20.744+0000] {dag.py:3096} INFO - Sync 1 DAGs
[2026-09-01T09:28:20.803+0000] {logging_mixin.py:188} INFO - [2026-09-01T09:28:20.803+0000] {dag.py:3118} INFO - Creating ORM DAG for recommendation_model_deployment
[2026-09-01T09:28:20.805+0000] {logging_mixin.py:188} INFO - [2026-09-01T09:28:20.805+0000] {dag.py:3954} INFO - Setting next_dagrun for recommendation_model_deployment to None, run_after=None
[2026-09-01T09:28:20.926+0000] {processor.py:183} INFO - Processing /opt/airflow/dags/model_deployment_dag.py took 3.456 seconds
[2026-09-01T09:28:52.191+0000] {processor.py:161} INFO - Started process (PID=29) to work on /opt/airflow/dags/model_deployment_dag.py
[2026-09-01T09:28:52.206+0000] {processor.py:830} INFO - Processing file /opt/airflow/dags/model_deployment_dag.py for tasks to queue
[2026-09-01T09:28:52.242+0000] {logging_mixin.py:188} INFO - [2026-09-01T09:28:52.235+0000] {dagbag.py:545} INFO - Filling up the DagBag from /opt/airflow/dags/model_deployment_dag.py
[2026-09-01T09:28:52.540+0000] {processor.py:840} INFO - DAG(s) 'recommendation_model_deployment' retrieved from /opt/airflow/dags/model_deployment_dag.py
[2026-09-01T09:28:52.737+0000] {logging_mixin.py:188} INFO - [2026-09-01T09:28:52.736+0000] {dag.py:3096} INFO - Sync 1 DAGs
[2026-09-01T09:28:52.708+0000] {logging_mixin.py:188} INFO - [2026-09-01T09:28:52.707+0000] {dag.py:3954} INFO - Setting next_dagrun for recommendation_model_deployment to None, run_after=None
[2026-09-01T09:28:52.449+0000] {processor.py:183} INFO - Processing /opt/airflow/dags/model_deployment_dag.py took 0.922 seconds
[2026-09-01T09:29:23.469+0000] {processor.py:161} INFO - Started process (PID=33) to work on /opt/airflow/dags/model_deployment_dag.py
[2026-09-01T09:29:23.483+0000] {processor.py:830} INFO - Processing file /opt/airflow/dags/model_deployment_dag.py for tasks to queue
[2026-09-01T09:29:23.491+0000] {logging_mixin.py:188} INFO - [2026-09-01T09:29:23.490+0000] {dagbag.py:545} INFO - Filling up the DagBag from /opt/airflow/dags/model_deployment_dag.py
[2026-09-01T09:29:23.643+0000] {processor.py:840} INFO - DAG(s) 'recommendation_model_deployment' retrieved from /opt/airflow/dags/model_deployment_dag.py
[2026-09-01T09:29:23.808+0000] {logging_mixin.py:188} INFO - [2026-09-01T09:29:23.807+0000] {dag.py:3096} INFO - Sync 1 DAGs
[2026-09-01T09:29:23.847+0000] {logging_mixin.py:188} INFO - [2026-09-01T09:29:23.846+0000] {dag.py:3954} INFO - Setting next_dagrun for recommendation_model_deployment to None, run_after=None
[2026-09-01T09:29:24.000+0000] {processor.py:183} INFO - Processing /opt/airflow/dags/model_deployment_dag.py took 0.590 seconds
[2026-09-01T09:29:54.273+0000] {processor.py:161} INFO - Started process (PID=37) to work on /opt/airflow/dags/model_deployment_dag.py
[2026-09-01T09:29:54.275+0000] {processor.py:830} INFO - Processing file /opt/airflow/dags/model_deployment_dag.py for tasks to queue
[2026-09-01T09:29:54.279+0000] {logging_mixin.py:188} INFO - [2026-09-01T09:29:54.278+0000] {dagbag.py:545} INFO - Filling up the DagBag from /opt/airflow/dags/model_deployment_dag.py
[2026-09-01T09:29:54.361+0000] {processor.py:840} INFO - DAG(s) 'recommendation_model_deployment' retrieved from /opt/airflow/dags/model_deployment_dag.py
[2026-09-01T09:29:54.417+0000] {logging_mixin.py:188} INFO - [2026-09-01T09:29:54.416+0000] {dag.py:3096} INFO - Sync 1 DAGs
[2026-09-01T09:29:54.441+0000] {logging_mixin.py:188} INFO - [2026-09-01T09:29:54.441+0000] {dag.py:3954} INFO - Setting next_dagrun for recommendation_model_deployment to None, run_after=None
[2026-09-01T09:29:54.545+0000] {processor.py:183} INFO - Processing /opt/airflow/dags/model_deployment_dag.py took 0.287 seconds
[2026-09-01T09:30:25.646+0000] {processor.py:161} INFO - Started process (PID=41) to work on /opt/airflow/dags/model_deployment_dag.py
[2026-09-01T09:30:25.649+0000] {processor.py:830} INFO - Processing file /opt/airflow/dags/model_deployment_dag.py for tasks to queue
[2026-09-01T09:30:25.653+0000] {logging_mixin.py:188} INFO - [2026-09-01T09:30:25.652+0000] {dagbag.py:545} INFO - Filling up the DagBag from /opt/airflow/dags/model_deployment_dag.py
[2026-09-01T09:30:25.793+0000] {processor.py:840} INFO - DAG(s) 'recommendation_model_deployment' retrieved from /opt/airflow/dags/model_deployment_dag.py
[2026-09-01T09:30:25.849+0000] {logging_mixin.py:188} INFO - [2026-09-01T09:30:25.848+0000] {dag.py:3096} INFO - Sync 1 DAGs
[2026-09-01T09:30:25.871+0000] {logging_mixin.py:188} INFO - [2026-09-01T09:30:25.870+0000] {dag.py:3954} INFO - Setting next_dagrun for recommendation_model_deployment to None, run_after=None
[2026-09-01T09:30:25.986+0000] {processor.py:183} INFO - Processing /opt/airflow/dags/model_deployment_dag.py took 0.363 seconds
[2026-09-01T09:30:56.920+0000] {processor.py:161} INFO - Started process (PID=45) to work on /opt/airflow/dags/model_deployment_dag.py
[2026-09-01T09:30:56.923+0000] {processor.py:830} INFO - Processing file /opt/airflow/dags/model_deployment_dag.py for tasks to queue
[2026-09-01T09:30:56.929+0000] {logging_mixin.py:188} INFO - [2026-09-01T09:30:56.928+0000] {dagbag.py:545} INFO - Filling up the DagBag from /opt/airflow/dags/model_deployment_dag.py
[2026-09-01T09:30:57.028+0000] {processor.py:840} INFO - DAG(s) 'recommendation_model_deployment' retrieved from /opt/airflow/dags/model_deployment_dag.py
[2026-09-01T09:30:57.123+0000] {logging_mixin.py:188} INFO - [2026-09-01T09:30:57.122+0000] {dag.py:3096} INFO - Sync 1 DAGs
[2026-09-01T09:30:57.435+0000] {logging_mixin.py:188} INFO - [2026-09-01T09:30:57.435+0000] {dag.py:3954} INFO - Setting next_dagrun for recommendation_model_deployment to None, run_after=None
[2026-09-01T09:30:57.538+0000] {processor.py:183} INFO - Processing /opt/airflow/dags/model_deployment_dag.py took 0.633 seconds
[2026-09-01T09:31:28.203+0000] {processor.py:161} INFO - Started process (PID=49) to work on /opt/airflow/dags/model_deployment_dag.py
[2026-09-01T09:31:28.225+0000] {processor.py:830} INFO - Processing file /opt/airflow/dags/model_deployment_dag.py for tasks to queue
[2026-09-01T09:31:28.244+0000] {logging_mixin.py:188} INFO - [2026-09-01T09:31:28.241+0000] {dagbag.py:545} INFO - Filling up the DagBag from /opt/airflow/dags/model_deployment_dag.py
[2026-09-01T09:31:28.928+0000] {processor.py:840} INFO - DAG(s) 'recommendation_model_deployment' retrieved from /opt/airflow/dags/model_deployment_dag.py
[2026-09-01T09:31:28.974+0000] {logging_mixin.py:188} INFO - [2026-09-01T09:31:28.974+0000] {dag.py:3096} INFO - Sync 1 DAGs
[2026-09-01T09:31:29.000+0000] {logging_mixin.py:188} INFO - [2026-09-01T09:31:28.999+0000] {dag.py:3954} INFO - Setting next_dagrun for recommendation_model_deployment to None, run_after=None
[2026-09-01T09:31:29.102+0000] {processor.py:183} INFO - Processing /opt/airflow/dags/model_deployment_dag.py took 0.996 seconds
[2026-09-01T09:31:59.980+0000] {processor.py:161} INFO - Started process (PID=53) to work on /opt/airflow/dags/model_deployment_dag.py
[2026-09-01T09:31:59.983+0000] {processor.py:830} INFO - Processing file /opt/airflow/dags/model_deployment_dag.py for tasks to queue
[2026-09-01T09:31:59.987+0000] {logging_mixin.py:188} INFO - [2026-09-01T09:31:59.986+0000] {dagbag.py:545} INFO - Filling up the DagBag from /opt/airflow/dags/model_deployment_dag.py
[2026-09-01T09:32:00.094+0000] {processor.py:840} INFO - DAG(s) 'recommendation_model_deployment' retrieved from /opt/airflow/dags/model_deployment_dag.py
[2026-09-01T09:32:00.173+0000] {logging_mixin.py:188} INFO - [2026-09-01T09:32:00.173+0000] {dag.py:3096} INFO - Sync 1 DAGs
[2026-09-01T09:32:00.215+0000] {logging_mixin.py:188} INFO - [2026-09-01T09:32:00.214+0000] {dag.py:3954} INFO - Setting next_dagrun for recommendation_model_deployment to None, run_after=None
[2026-09-01T09:32:00.353+0000] {processor.py:183} INFO - Processing /opt/airflow/dags/model_deployment_dag.py took 0.418 seconds
[2026-09-01T09:32:31.515+0000] {processor.py:161} INFO - Started process (PID=57) to work on /opt/airflow/dags/model_deployment_dag.py
[2026-09-01T09:32:31.517+0000] {processor.py:830} INFO - Processing file /opt/airflow/dags/model_deployment_dag.py for tasks to queue
[2026-09-01T09:32:31.520+0000] {logging_mixin.py:188} INFO - [2026-09-01T09:32:31.520+0000] {dagbag.py:545} INFO - Filling up the DagBag from /opt/airflow/dags/model_deployment_dag.py
[2026-09-01T09:32:31.609+0000] {processor.py:840} INFO - DAG(s) 'recommendation_model_deployment' retrieved from /opt/airflow/dags/model_deployment_dag.py
[2026-09-01T09:32:31.663+0000] {logging_mixin.py:188} INFO - [2026-09-01T09:32:31.663+0000] {dag.py:3096} INFO - Sync 1 DAGs
[2026-09-01T09:32:31.685+0000] {logging_mixin.py:188} INFO - [2026-09-01T09:32:31.685+0000] {dag.py:3954} INFO - Setting next_dagrun for recommendation_model_deployment to None, run_after=None
[2026-09-01T09:32:31.763+0000] {processor.py:183} INFO - Processing /opt/airflow/dags/model_deployment_dag.py took 0.264 seconds
[2026-09-01T09:33:02.803+0000] {processor.py:161} INFO - Started process (PID=61) to work on /opt/airflow/dags/model_deployment_dag.py
[2026-09-01T09:33:02.805+0000] {processor.py:830} INFO - Processing file /opt/airflow/dags/model_deployment_dag.py for tasks to queue
[2026-09-01T09:33:02.812+0000] {logging_mixin.py:188} INFO - [2026-09-01T09:33:02.810+0000] {dagbag.py:545} INFO - Filling up the DagBag from /opt/airflow/dags/model_deployment_dag.py
[2026-09-01T09:33:02.892+0000] {processor.py:840} INFO - DAG(s) 'recommendation_model_deployment' retrieved from /opt/airflow/dags/model_deployment_dag.py
[2026-09-01T09:33:02.952+0000] {logging_mixin.py:188} INFO - [2026-09-01T09:33:02.952+0000] {dag.py:3096} INFO - Sync 1 DAGs
[2026-09-01T09:33:02.975+0000] {logging_mixin.py:188} INFO - [2026-09-01T09:33:02.975+0000] {dag.py:3954} INFO - Setting next_dagrun for recommendation_model_deployment to None, run_after=None
[2026-09-01T09:33:03.058+0000] {processor.py:183} INFO - Processing /opt/airflow/dags/model_deployment_dag.py took 0.264 seconds
[2026-09-01T09:33:33.622+0000] {processor.py:161} INFO - Started process (PID=65) to work on /opt/airflow/dags/model_deployment_dag.py
[2026-09-01T09:33:33.628+0000] {processor.py:830} INFO - Processing file /opt/airflow/dags/model_deployment_dag.py for tasks to queue
[2026-09-01T09:33:33.655+0000] {logging_mixin.py:188} INFO - [2026-09-01T09:33:33.652+0000] {dagbag.py:545} INFO - Filling up the DagBag from /opt/airflow/dags/model_deployment_dag.py
[2026-09-01T09:33:33.938+0000] {processor.py:840} INFO - DAG(s) 'recommendation_model_deployment' retrieved from /opt/airflow/dags/model_deployment_dag.py
[2026-09-01T09:33:34.326+0000] {logging_mixin.py:188} INFO - [2026-09-01T09:33:34.325+0000] {dag.py:3096} INFO - Sync 1 DAGs
[2026-09-01T09:33:34.537+0000] {logging_mixin.py:188} INFO - [2026-09-01T09:33:34.536+0000] {dag.py:3954} INFO - Setting next_dagrun for recommendation_model_deployment to None, run_after=None
[2026-09-01T09:33:34.922+0000] {processor.py:183} INFO - Processing /opt/airflow/dags/model_deployment_dag.py took 1.424 seconds
[2026-09-01T09:34:06.176+0000] {processor.py:161} INFO - Started process (PID=69) to work on /opt/airflow/dags/model_deployment_dag.py
[2026-09-01T09:34:06.180+0000] {processor.py:830} INFO - Processing file /opt/airflow/dags/model_deployment_dag.py for tasks to queue
[2026-09-01T09:34:06.184+0000] {logging_mixin.py:188} INFO - [2026-09-01T09:34:06.184+0000] {dagbag.py:545} INFO - Filling up the DagBag from /opt/airflow/dags/model_deployment_dag.py
[2026-09-01T09:34:06.373+0000] {processor.py:840} INFO - DAG(s) 'recommendation_model_deployment' retrieved from /opt/airflow/dags/model_deployment_dag.py
[2026-09-01T09:34:06.502+0000] {logging_mixin.py:188} INFO - [2026-09-01T09:34:06.502+0000] {dag.py:3096} INFO - Sync 1 DAGs
[2026-09-01T09:34:06.544+0000] {logging_mixin.py:188} INFO - [2026-09-01T09:34:06.544+0000] {dag.py:3954} INFO - Setting next_dagrun for recommendation_model_deployment to None, run_after=None
[2026-09-01T09:34:06.631+0000] {processor.py:183} INFO - Processing /opt/airflow/dags/model_deployment_dag.py took 0.476 seconds
[2026-09-01T09:34:36.944+0000] {processor.py:161} INFO - Started process (PID=73) to work on /opt/airflow/dags/model_deployment_dag.py
[2026-09-01T09:34:36.946+0000] {processor.py:830} INFO - Processing file /opt/airflow/dags/model_deployment_dag.py for tasks to queue
[2026-09-01T09:34:36.948+0000] {logging_mixin.py:188} INFO - [2026-09-01T09:34:36.947+0000] {dagbag.py:545} INFO - Filling up the DagBag from /opt/airflow/dags/model_deployment_dag.py
[2026-09-01T09:34:37.005+0000] {processor.py:840} INFO - DAG(s) 'recommendation_model_deployment' retrieved from /opt/airflow/dags/model_deployment_dag.py
[2026-09-01T09:34:37.046+0000] {logging_mixin.py:188} INFO - [2026-09-01T09:34:37.046+0000] {dag.py:3096} INFO - Sync 1 DAGs
[2026-09-01T09:34:37.065+0000] {logging_mixin.py:188} INFO - [2026-09-01T09:34:37.065+0000] {dag.py:3954} INFO - Setting next_dagrun for recommendation_model_deployment to None, run_after=None
[2026-09-01T09:34:37.134+0000] {processor.py:183} INFO - Processing /opt/airflow/dags/model_deployment_dag.py took 0.200 seconds
[2026-09-01T09:35:08.023+0000] {processor.py:161} INFO - Started process (PID=77) to work on /opt/airflow/dags/model_deployment_dag.py
[2026-09-01T09:35:08.025+0000] {processor.py:830} INFO - Processing file /opt/airflow/dags/model_deployment_dag.py for tasks to queue
[2026-09-01T09:35:08.035+0000] {logging_mixin.py:188} INFO - [2026-09-01T09:35:08.034+0000] {dagbag.py:545} INFO - Filling up the DagBag from /opt/airflow/dags/model_deployment_dag.py
[2026-09-01T09:35:08.138+0000] {processor.py:840} INFO - DAG(s) 'recommendation_model_deployment' retrieved from /opt/airflow/dags/model_deployment_dag.py
[2026-09-01T09:35:08.187+0000] {logging_mixin.py:188} INFO - [2026-09-01T09:35:08.187+0000] {dag.py:3096} INFO - Sync 1 DAGs
[2026-09-01T09:35:08.202+0000] {logging_mixin.py:188} INFO - [2026-09-01T09:35:08.202+0000] {dag.py:3954} INFO - Setting next_dagrun for recommendation_model_deployment to None, run_after=None
[2026-09-01T09:35:08.280+0000] {processor.py:183} INFO - Processing /opt/airflow/dags/model_deployment_dag.py took 0.297 seconds
[2026-09-01T09:35:38.454+0000] {processor.py:161} INFO - Started process (PID=81) to work on /opt/airflow/dags/model_deployment_dag.py
[2026-09-01T09:35:38.455+0000] {processor.py:830} INFO - Processing file /opt/airflow/dags/model_deployment_dag.py for tasks to queue
[2026-09-01T09:35:38.458+0000] {logging_mixin.py:188} INFO - [2026-09-01T09:35:38.457+0000] {dagbag.py:545} INFO - Filling up the DagBag from /opt/airflow/dags/model_deployment_dag.py
[2026-09-01T09:35:38.538+0000] {processor.py:840} INFO - DAG(s) 'recommendation_model_deployment' retrieved from /opt/airflow/dags/model_deployment_dag.py
[2026-09-01T09:35:38.587+0000] {logging_mixin.py:188} INFO - [2026-09-01T09:35:38.587+0000] {dag.py:3096} INFO - Sync 1 DAGs
[2026-09-01T09:35:38.609+0000] {logging_mixin.py:188} INFO - [2026-09-01T09:35:38.608+0000] {dag.py:3954} INFO - Setting next_dagrun for recommendation_model_deployment to None, run_after=None
[2026-09-01T09:35:38.705+0000] {processor.py:183} INFO - Processing /opt/airflow/dags/model_deployment_dag.py took 0.264 seconds
[2026-09-01T09:36:09.043+0000] {processor.py:161} INFO - Started process (PID=85) to work on /opt/airflow/dags/model_deployment_dag.py
[2026-09-01T09:36:09.044+0000] {processor.py:830} INFO - Processing file /opt/airflow/dags/model_deployment_dag.py for tasks to queue
[2026-09-01T09:36:09.046+0000] {logging_mixin.py:188} INFO - [2026-09-01T09:36:09.046+0000] {dagbag.py:545} INFO - Filling up the DagBag from /opt/airflow/dags/model_deployment_dag.py
[2026-09-01T09:36:09.111+0000] {processor.py:840} INFO - DAG(s) 'recommendation_model_deployment' retrieved from /opt/airflow/dags/model_deployment_dag.py
[2026-09-01T09:36:09.150+0000] {logging_mixin.py:188} INFO - [2026-09-01T09:36:09.150+0000] {dag.py:3096} INFO - Sync 1 DAGs
[2026-09-01T09:36:09.164+0000] {logging_mixin.py:188} INFO - [2026-09-01T09:36:09.164+0000] {dag.py:3954} INFO - Setting next_dagrun for recommendation_model_deployment to None, run_after=None
[2026-09-01T09:36:09.236+0000] {processor.py:183} INFO - Processing /opt/airflow/dags/model_deployment_dag.py took 0.203 seconds
[2026-09-01T09:36:39.730+0000] {processor.py:161} INFO - Started process (PID=89) to work on /opt/airflow/dags/model_deployment_dag.py
[2026-09-01T09:36:39.733+0000] {processor.py:830} INFO - Processing file /opt/airflow/dags/model_deployment_dag.py for tasks to queue
[2026-09-01T09:36:39.735+0000] {logging_mixin.py:188} INFO - [2026-09-01T09:36:39.735+0000] {dagbag.py:545} INFO - Filling up the DagBag from /opt/airflow/dags/model_deployment_dag.py
[2026-09-01T09:36:39.802+0000] {processor.py:840} INFO - DAG(s) 'recommendation_model_deployment' retrieved from /opt/airflow/dags/model_deployment_dag.py
[2026-09-01T09:36:39.856+0000] {logging_mixin.py:188} INFO - [2026-09-01T09:36:39.856+0000] {dag.py:3096} INFO - Sync 1 DAGs
[2026-09-01T09:36:39.875+0000] {logging_mixin.py:188} INFO - [2026-09-01T09:36:39.875+0000] {dag.py:3954} INFO - Setting next_dagrun for recommendation_model_deployment to None, run_after=None
[2026-09-01T09:36:39.945+0000] {processor.py:183} INFO - Processing /opt/airflow/dags/model_deployment_dag.py took 0.227 seconds
[2026-09-01T09:37:10.365+0000] {processor.py:161} INFO - Started process (PID=93) to work on /opt/airflow/dags/model_deployment_dag.py
[2026-09-01T09:37:10.366+0000] {processor.py:830} INFO - Processing file /opt/airflow/dags/model_deployment_dag.py for tasks to queue
[2026-09-01T09:37:10.368+0000] {logging_mixin.py:188} INFO - [2026-09-01T09:37:10.368+0000] {dagbag.py:545} INFO - Filling up the DagBag from /opt/airflow/dags/model_deployment_dag.py
[2026-09-01T09:37:10.446+0000] {processor.py:840} INFO - DAG(s) 'recommendation_model_deployment' retrieved from /opt/airflow/dags/model_deployment_dag.py
[2026-09-01T09:37:10.503+0000] {logging_mixin.py:188} INFO - [2026-09-01T09:37:10.502+0000] {dag.py:3096} INFO - Sync 1 DAGs
[2026-09-01T09:37:10.526+0000] {logging_mixin.py:188} INFO - [2026-09-01T09:37:10.525+0000] {dag.py:3954} INFO - Setting next_dagrun for recommendation_model_deployment to None, run_after=None
[2026-09-01T09:37:10.621+0000] {processor.py:183} INFO - Processing /opt/airflow/dags/model_deployment_dag.py took 0.267 seconds
[2026-09-01T09:37:41.326+0000] {processor.py:161} INFO - Started process (PID=97) to work on /opt/airflow/dags/model_deployment_dag.py
[2026-09-01T09:37:41.331+0000] {processor.py:830} INFO - Processing file /opt/airflow/dags/model_deployment_dag.py for tasks to queue
[2026-09-01T09:37:41.337+0000] {logging_mixin.py:188} INFO - [2026-09-01T09:37:41.336+0000] {dagbag.py:545} INFO - Filling up the DagBag from /opt/airflow/dags/model_deployment_dag.py
[2026-09-01T09:37:41.490+0000] {processor.py:840} INFO - DAG(s) 'recommendation_model_deployment' retrieved from /opt/airflow/dags/model_deployment_dag.py
[2026-09-01T09:37:41.579+0000] {logging_mixin.py:188} INFO - [2026-09-01T09:37:41.579+0000] {dag.py:3096} INFO - Sync 1 DAGs
[2026-09-01T09:37:41.621+0000] {logging_mixin.py:188} INFO - [2026-09-01T09:37:41.620+0000] {dag.py:3954} INFO - Setting next_dagrun for recommendation_model_deployment to None, run_after=None
[2026-09-01T09:37:41.765+0000] {processor.py:183} INFO - Processing /opt/airflow/dags/model_deployment_dag.py took 0.493 seconds
[2026-09-01T09:38:12.117+0000] {processor.py:161} INFO - Started process (PID=101) to work on /opt/airflow/dags/model_deployment_dag.py
[2026-09-01T09:38:12.125+0000] {processor.py:830} INFO - Processing file /opt/airflow/dags/model_deployment_dag.py for tasks to queue
[2026-09-01T09:38:12.130+0000] {logging_mixin.py:188} INFO - [2026-09-01T09:38:12.129+0000] {dagbag.py:545} INFO - Filling up the DagBag from /opt/airflow/dags/model_deployment_dag.py
[2026-09-01T09:38:12.231+0000] {processor.py:840} INFO - DAG(s) 'recommendation_model_deployment' retrieved from /opt/airflow/dags/model_deployment_dag.py
[2026-09-01T09:38:12.336+0000] {logging_mixin.py:188} INFO - [2026-09-01T09:38:12.336+0000] {dag.py:3096} INFO - Sync 1 DAGs
[2026-09-01T09:38:12.379+0000] {logging_mixin.py:188} INFO - [2026-09-01T09:38:12.378+0000] {dag.py:3954} INFO - Setting next_dagrun for recommendation_model_deployment to None, run_after=None
[2026-09-01T09:38:12.531+0000] {processor.py:183} INFO - Processing /opt/airflow/dags/model_deployment_dag.py took 0.440 seconds
[2026-09-01T09:38:42.980+0000] {processor.py:161} INFO - Started process (PID=105) to work on /opt/airflow/dags/model_deployment_dag.py
[2026-09-01T09:38:42.982+0000] {processor.py:830} INFO - Processing file /opt/airflow/dags/model_deployment_dag.py for tasks to queue
[2026-09-01T09:38:42.986+0000] {logging_mixin.py:188} INFO - [2026-09-01T09:38:42.985+0000] {dagbag.py:545} INFO - Filling up the DagBag from /opt/airflow/dags/model_deployment_dag.py
[2026-09-01T09:38:43.036+0000] {processor.py:840} INFO - DAG(s) 'recommendation_model_deployment' retrieved from /opt/airflow/dags/model_deployment_dag.py
[2026-09-01T09:38:43.071+0000] {logging_mixin.py:188} INFO - [2026-09-01T09:38:43.071+0000] {dag.py:3096} INFO - Sync 1 DAGs
[2026-09-01T09:38:43.083+0000] {logging_mixin.py:188} INFO - [2026-09-01T09:38:43.083+0000] {dag.py:3954} INFO - Setting next_dagrun for recommendation_model_deployment to None, run_after=None
[2026-09-01T09:38:43.174+0000] {processor.py:183} INFO - Processing /opt/airflow/dags/model_deployment_dag.py took 0.203 seconds
[2026-09-01T09:39:13.555+0000] {processor.py:161} INFO - Started process (PID=109) to work on /opt/airflow/dags/model_deployment_dag.py
[2026-09-01T09:39:13.558+0000] {processor.py:830} INFO - Processing file /opt/airflow/dags/model_deployment_dag.py for tasks to queue
[2026-09-01T09:39:13.561+0000] {logging_mixin.py:188} INFO - [2026-09-01T09:39:13.560+0000] {dagbag.py:545} INFO - Filling up the DagBag from /opt/airflow/dags/model_deployment_dag.py
[2026-09-01T09:39:13.642+0000] {processor.py:840} INFO - DAG(s) 'recommendation_model_deployment' retrieved from /opt/airflow/dags/model_deployment_dag.py
[2026-09-01T09:39:13.696+0000] {logging_mixin.py:188} INFO - [2026-09-01T09:39:13.696+0000] {dag.py:3096} INFO - Sync 1 DAGs
[2026-09-01T09:39:13.711+0000] {logging_mixin.py:188} INFO - [2026-09-01T09:39:13.710+0000] {dag.py:3954} INFO - Setting next_dagrun for recommendation_model_deployment to None, run_after=None
[2026-09-01T09:39:13.780+0000] {processor.py:183} INFO - Processing /opt/airflow/dags/model_deployment_dag.py took 0.242 seconds
[2026-09-01T09:39:44.787+0000] {processor.py:161} INFO - Started process (PID=113) to work on /opt/airflow/dags/model_deployment_dag.py
[2026-09-01T09:39:44.788+0000] {processor.py:830} INFO - Processing file /opt/airflow/dags/model_deployment_dag.py for tasks to queue
[2026-09-01T09:39:44.790+0000] {logging_mixin.py:188} INFO - [2026-09-01T09:39:44.789+0000] {dagbag.py:545} INFO - Filling up the DagBag from /opt/airflow/dags/model_deployment_dag.py
[2026-09-01T09:39:44.870+0000] {processor.py:840} INFO - DAG(s) 'recommendation_model_deployment' retrieved from /opt/airflow/dags/model_deployment_dag.py
[2026-09-01T09:39:44.913+0000] {logging_mixin.py:188} INFO - [2026-09-01T09:39:44.913+0000] {dag.py:3096} INFO - Sync 1 DAGs
[2026-09-01T09:39:44.930+0000] {logging_mixin.py:188} INFO - [2026-09-01T09:39:44.929+0000] {dag.py:3954} INFO - Setting next_dagrun for recommendation_model_deployment to None, run_after=None
[2026-09-01T09:39:45.020+0000] {processor.py:183} INFO - Processing /opt/airflow/dags/model_deployment_dag.py took 0.245 seconds
[2026-09-01T09:40:15.173+0000] {processor.py:161} INFO - Started process (PID=117) to work on /opt/airflow/dags/model_deployment_dag.py
[2026-09-01T09:40:15.175+0000] {processor.py:830} INFO - Processing file /opt/airflow/dags/model_deployment_dag.py for tasks to queue
[2026-09-01T09:40:15.180+0000] {logging_mixin.py:188} INFO - [2026-09-01T09:40:15.179+0000] {dagbag.py:545} INFO - Filling up the DagBag from /opt/airflow/dags/model_deployment_dag.py
[2026-09-01T09:40:15.274+0000] {processor.py:840} INFO - DAG(s) 'recommendation_model_deployment' retrieved from /opt/airflow/dags/model_deployment_dag.py
[2026-09-01T09:40:15.328+0000] {logging_mixin.py:188} INFO - [2026-09-01T09:40:15.328+0000] {dag.py:3096} INFO - Sync 1 DAGs
[2026-09-01T09:40:15.346+0000] {logging_mixin.py:188} INFO - [2026-09-01T09:40:15.345+0000] {dag.py:3954} INFO - Setting next_dagrun for recommendation_model_deployment to None, run_after=None
[2026-09-01T09:40:15.421+0000] {processor.py:183} INFO - Processing /opt/airflow/dags/model_deployment_dag.py took 0.262 seconds
[2026-09-01T09:40:46.325+0000] {processor.py:161} INFO - Started process (PID=121) to work on /opt/airflow/dags/model_deployment_dag.py
[2026-09-01T09:40:46.327+0000] {processor.py:830} INFO - Processing file /opt/airflow/dags/model_deployment_dag.py for tasks to queue
[2026-09-01T09:40:46.331+0000] {logging_mixin.py:188} INFO - [2026-09-01T09:40:46.330+0000] {dagbag.py:545} INFO - Filling up the DagBag from /opt/airflow/dags/model_deployment_dag.py
[2026-09-01T09:40:46.405+0000] {processor.py:840} INFO - DAG(s) 'recommendation_model_deployment' retrieved from /opt/airflow/dags/model_deployment_dag.py
[2026-09-01T09:40:46.454+0000] {logging_mixin.py:188} INFO - [2026-09-01T09:40:46.453+0000] {dag.py:3096} INFO - Sync 1 DAGs
[2026-09-01T09:40:46.473+0000] {logging_mixin.py:188} INFO - [2026-09-01T09:40:46.473+0000] {dag.py:3954} INFO - Setting next_dagrun for recommendation_model_deployment to None, run_after=None
[2026-09-01T09:40:46.574+0000] {processor.py:183} INFO - Processing /opt/airflow/dags/model_deployment_dag.py took 0.265 seconds
[2026-09-01T09:41:17.088+0000] {processor.py:161} INFO - Started process (PID=125) to work on /opt/airflow/dags/model_deployment_dag.py
[2026-09-01T09:41:17.090+0000] {processor.py:830} INFO - Processing file /opt/airflow/dags/model_deployment_dag.py for tasks to queue
[2026-09-01T09:41:17.093+0000] {logging_mixin.py:188} INFO - [2026-09-01T09:41:17.092+0000] {dagbag.py:545} INFO - Filling up the DagBag from /opt/airflow/dags/model_deployment_dag.py
[2026-09-01T09:41:17.237+0000] {processor.py:840} INFO - DAG(s) 'recommendation_model_deployment' retrieved from /opt/airflow/dags/model_deployment_dag.py
[2026-09-01T09:41:17.288+0000] {logging_mixin.py:188} INFO - [2026-09-01T09:41:17.288+0000] {dag.py:3096} INFO - Sync 1 DAGs
[2026-09-01T09:41:17.305+0000] {logging_mixin.py:188} INFO - [2026-09-01T09:41:17.304+0000] {dag.py:3954} INFO - Setting next_dagrun for recommendation_model_deployment to None, run_after=None
[2026-09-01T09:41:17.385+0000] {processor.py:183} INFO - Processing /opt/airflow/dags/model_deployment_dag.py took 0.315 seconds
[2026-09-01T09:41:47.922+0000] {processor.py:161} INFO - Started process (PID=129) to work on /opt/airflow/dags/model_deployment_dag.py
[2026-09-01T09:41:47.925+0000] {processor.py:830} INFO - Processing file /opt/airflow/dags/model_deployment_dag.py for tasks to queue
[2026-09-01T09:41:47.928+0000] {logging_mixin.py:188} INFO - [2026-09-01T09:41:47.928+0000] {dagbag.py:545} INFO - Filling up the DagBag from /opt/airflow/dags/model_deployment_dag.py
[2026-09-01T09:41:48.053+0000] {processor.py:840} INFO - DAG(s) 'recommendation_model_deployment' retrieved from /opt/airflow/dags/model_deployment_dag.py
[2026-09-01T09:41:48.109+0000] {logging_mixin.py:188} INFO - [2026-09-01T09:41:48.109+0000] {dag.py:3096} INFO - Sync 1 DAGs
[2026-09-01T09:41:48.134+0000] {logging_mixin.py:188} INFO - [2026-09-01T09:41:48.134+0000] {dag.py:3954} INFO - Setting next_dagrun for recommendation_model_deployment to None, run_after=None
[2026-09-01T09:41:48.253+0000] {processor.py:183} INFO - Processing /opt/airflow/dags/model_deployment_dag.py took 0.345 seconds
[2026-09-01T09:42:19.119+0000] {processor.py:161} INFO - Started process (PID=133) to work on /opt/airflow/dags/model_deployment_dag.py
[2026-09-01T09:42:19.121+0000] {processor.py:830} INFO - Processing file /opt/airflow/dags/model_deployment_dag.py for tasks to queue
[2026-09-01T09:42:19.124+0000] {logging_mixin.py:188} INFO - [2026-09-01T09:42:19.123+0000] {dagbag.py:545} INFO - Filling up the DagBag from /opt/airflow/dags/model_deployment_dag.py
[2026-09-01T09:42:19.204+0000] {processor.py:840} INFO - DAG(s) 'recommendation_model_deployment' retrieved from /opt/airflow/dags/model_deployment_dag.py
[2026-09-01T09:42:19.243+0000] {logging_mixin.py:188} INFO - [2026-09-01T09:42:19.243+0000] {dag.py:3096} INFO - Sync 1 DAGs
[2026-09-01T09:42:19.255+0000] {logging_mixin.py:188} INFO - [2026-09-01T09:42:19.255+0000] {dag.py:3954} INFO - Setting next_dagrun for recommendation_model_deployment to None, run_after=None
[2026-09-01T09:42:19.327+0000] {processor.py:183} INFO - Processing /opt/airflow/dags/model_deployment_dag.py took 0.222 seconds
[2026-09-01T09:42:50.301+0000] {processor.py:161} INFO - Started process (PID=137) to work on /opt/airflow/dags/model_deployment_dag.py
[2026-09-01T09:42:50.302+0000] {processor.py:830} INFO - Processing file /opt/airflow/dags/model_deployment_dag.py for tasks to queue
[2026-09-01T09:42:50.304+0000] {logging_mixin.py:188} INFO - [2026-09-01T09:42:50.304+0000] {dagbag.py:545} INFO - Filling up the DagBag from /opt/airflow/dags/model_deployment_dag.py
[2026-09-01T09:42:50.380+0000] {processor.py:840} INFO - DAG(s) 'recommendation_model_deployment' retrieved from /opt/airflow/dags/model_deployment_dag.py
[2026-09-01T09:42:50.453+0000] {logging_mixin.py:188} INFO - [2026-09-01T09:42:50.453+0000] {dag.py:3096} INFO - Sync 1 DAGs
[2026-09-01T09:42:50.471+0000] {logging_mixin.py:188} INFO - [2026-09-01T09:42:50.471+0000] {dag.py:3954} INFO - Setting next_dagrun for recommendation_model_deployment to None, run_after=None
[2026-09-01T09:42:50.549+0000] {processor.py:183} INFO - Processing /opt/airflow/dags/model_deployment_dag.py took 0.255 seconds
[2026-09-01T09:43:21.198+0000] {processor.py:161} INFO - Started process (PID=141) to work on /opt/airflow/dags/model_deployment_dag.py
[2026-09-01T09:43:21.199+0000] {processor.py:830} INFO - Processing file /opt/airflow/dags/model_deployment_dag.py for tasks to queue
[2026-09-01T09:43:21.202+0000] {logging_mixin.py:188} INFO - [2026-09-01T09:43:21.201+0000] {dagbag.py:545} INFO - Filling up the DagBag from /opt/airflow/dags/model_deployment_dag.py
[2026-09-01T09:43:21.302+0000] {processor.py:840} INFO - DAG(s) 'recommendation_model_deployment' retrieved from /opt/airflow/dags/model_deployment_dag.py
[2026-09-01T09:43:21.360+0000] {logging_mixin.py:188} INFO - [2026-09-01T09:43:21.360+0000] {dag.py:3096} INFO - Sync 1 DAGs
[2026-09-01T09:43:21.375+0000] {logging_mixin.py:188} INFO - [2026-09-01T09:43:21.375+0000] {dag.py:3954} INFO - Setting next_dagrun for recommendation_model_deployment to None, run_after=None
[2026-09-01T09:43:21.444+0000] {processor.py:183} INFO - Processing /opt/airflow/dags/model_deployment_dag.py took 0.278 seconds
[2026-09-01T09:43:52.277+0000] {processor.py:161} INFO - Started process (PID=145) to work on /opt/airflow/dags/model_deployment_dag.py
[2026-09-01T09:43:52.279+0000] {processor.py:830} INFO - Processing file /opt/airflow/dags/model_deployment_dag.py for tasks to queue
[2026-09-01T09:43:52.283+0000] {logging_mixin.py:188} INFO - [2026-09-01T09:43:52.283+0000] {dagbag.py:545} INFO - Filling up the DagBag from /opt/airflow/dags/model_deployment_dag.py
[2026-09-01T09:43:52.342+0000] {processor.py:840} INFO - DAG(s) 'recommendation_model_deployment' retrieved from /opt/airflow/dags/model_deployment_dag.py
[2026-09-01T09:43:52.374+0000] {logging_mixin.py:188} INFO - [2026-09-01T09:43:52.374+0000] {dag.py:3096} INFO - Sync 1 DAGs
[2026-09-01T09:43:52.387+0000] {logging_mixin.py:188} INFO - [2026-09-01T09:43:52.387+0000] {dag.py:3954} INFO - Setting next_dagrun for recommendation_model_deployment to None, run_after=None
[2026-09-01T09:43:52.478+0000] {processor.py:183} INFO - Processing /opt/airflow/dags/model_deployment_dag.py took 0.213 seconds
[2026-09-01T09:44:23.294+0000] {processor.py:161} INFO - Started process (PID=149) to work on /opt/airflow/dags/model_deployment_dag.py
[2026-09-01T09:44:23.296+0000] {processor.py:830} INFO - Processing file /opt/airflow/dags/model_deployment_dag.py for tasks to queue
[2026-09-01T09:44:23.299+0000] {logging_mixin.py:188} INFO - [2026-09-01T09:44:23.298+0000] {dagbag.py:545} INFO - Filling up the DagBag from /opt/airflow/dags/model_deployment_dag.py
[2026-09-01T09:44:23.354+0000] {processor.py:840} INFO - DAG(s) 'recommendation_model_deployment' retrieved from /opt/airflow/dags/model_deployment_dag.py
[2026-09-01T09:44:23.388+0000] {logging_mixin.py:188} INFO - [2026-09-01T09:44:23.387+0000] {dag.py:3096} INFO - Sync 1 DAGs
[2026-09-01T09:44:23.401+0000] {logging_mixin.py:188} INFO - [2026-09-01T09:44:23.400+0000] {dag.py:3954} INFO - Setting next_dagrun for recommendation_model_deployment to None, run_after=None
[2026-09-01T09:44:23.491+0000] {processor.py:183} INFO - Processing /opt/airflow/dags/model_deployment_dag.py took 0.209 seconds
[2026-09-01T09:44:53.695+0000] {processor.py:161} INFO - Started process (PID=153) to work on /opt/airflow/dags/model_deployment_dag.py
[2026-09-01T09:44:53.697+0000] {processor.py:830} INFO - Processing file /opt/airflow/dags/model_deployment_dag.py for tasks to queue
[2026-09-01T09:44:53.701+0000] {logging_mixin.py:188} INFO - [2026-09-01T09:44:53.700+0000] {dagbag.py:545} INFO - Filling up the DagBag from /opt/airflow/dags/model_deployment_dag.py
[2026-09-01T09:44:53.769+0000] {processor.py:840} INFO - DAG(s) 'recommendation_model_deployment' retrieved from /opt/airflow/dags/model_deployment_dag.py
[2026-09-01T09:44:53.799+0000] {logging_mixin.py:188} INFO - [2026-09-01T09:44:53.799+0000] {dag.py:3096} INFO - Sync 1 DAGs
[2026-09-01T09:44:53.811+0000] {logging_mixin.py:188} INFO - [2026-09-01T09:44:53.811+0000] {dag.py:3954} INFO - Setting next_dagrun for recommendation_model_deployment to None, run_after=None
[2026-09-01T09:44:53.894+0000] {processor.py:183} INFO - Processing /opt/airflow/dags/model_deployment_dag.py took 0.214 seconds
[2026-09-01T09:45:24.848+0000] {processor.py:161} INFO - Started process (PID=157) to work on /opt/airflow/dags/model_deployment_dag.py
[2026-09-01T09:45:24.855+0000] {processor.py:830} INFO - Processing file /opt/airflow/dags/model_deployment_dag.py for tasks to queue
[2026-09-01T09:45:24.866+0000] {logging_mixin.py:188} INFO - [2026-09-01T09:45:24.865+0000] {dagbag.py:545} INFO - Filling up the DagBag from /opt/airflow/dags/model_deployment_dag.py
[2026-09-01T09:45:25.008+0000] {processor.py:840} INFO - DAG(s) 'recommendation_model_deployment' retrieved from /opt/airflow/dags/model_deployment_dag.py
[2026-09-01T09:45:25.083+0000] {logging_mixin.py:188} INFO - [2026-09-01T09:45:25.082+0000] {dag.py:3096} INFO - Sync 1 DAGs
[2026-09-01T09:45:25.105+0000] {logging_mixin.py:188} INFO - [2026-09-01T09:45:25.105+0000] {dag.py:3954} INFO - Setting next_dagrun for recommendation_model_deployment to None, run_after=None
[2026-09-01T09:45:25.221+0000] {processor.py:183} INFO - Processing /opt/airflow/dags/model_deployment_dag.py took 0.397 seconds
[2026-09-01T09:45:55.747+0000] {processor.py:161} INFO - Started process (PID=161) to work on /opt/airflow/dags/model_deployment_dag.py
[2026-09-01T09:45:55.750+0000] {processor.py:830} INFO - Processing file /opt/airflow/dags/model_deployment_dag.py for tasks to queue
[2026-09-01T09:45:55.753+0000] {logging_mixin.py:188} INFO - [2026-09-01T09:45:55.752+0000] {dagbag.py:545} INFO - Filling up the DagBag from /opt/airflow/dags/model_deployment_dag.py
[2026-09-01T09:45:55.852+0000] {processor.py:840} INFO - DAG(s) 'recommendation_model_deployment' retrieved from /opt/airflow/dags/model_deployment_dag.py
[2026-09-01T09:45:55.903+0000] {logging_mixin.py:188} INFO - [2026-09-01T09:45:55.903+0000] {dag.py:3096} INFO - Sync 1 DAGs
[2026-09-01T09:45:55.917+0000] {logging_mixin.py:188} INFO - [2026-09-01T09:45:55.916+0000] {dag.py:3954} INFO - Setting next_dagrun for recommendation_model_deployment to None, run_after=None
[2026-09-01T09:45:56.024+0000] {processor.py:183} INFO - Processing /opt/airflow/dags/model_deployment_dag.py took 0.292 seconds
[2026-09-01T09:46:27.014+0000] {processor.py:161} INFO - Started process (PID=165) to work on /opt/airflow/dags/model_deployment_dag.py
[2026-09-01T09:46:27.015+0000] {processor.py:830} INFO - Processing file /opt/airflow/dags/model_deployment_dag.py for tasks to queue
[2026-09-01T09:46:27.018+0000] {logging_mixin.py:188} INFO - [2026-09-01T09:46:27.017+0000] {dagbag.py:545} INFO - Filling up the DagBag from /opt/airflow/dags/model_deployment_dag.py
[2026-09-01T09:46:27.098+0000] {processor.py:840} INFO - DAG(s) 'recommendation_model_deployment' retrieved from /opt/airflow/dags/model_deployment_dag.py
[2026-09-01T09:46:27.137+0000] {logging_mixin.py:188} INFO - [2026-09-01T09:46:27.137+0000] {dag.py:3096} INFO - Sync 1 DAGs
[2026-09-01T09:46:27.152+0000] {logging_mixin.py:188} INFO - [2026-09-01T09:46:27.152+0000] {dag.py:3954} INFO - Setting next_dagrun for recommendation_model_deployment to None, run_after=None
[2026-09-01T09:46:27.226+0000] {processor.py:183} INFO - Processing /opt/airflow/dags/model_deployment_dag.py took 0.220 seconds
[2026-09-01T09:46:57.898+0000] {processor.py:161} INFO - Started process (PID=169) to work on /opt/airflow/dags/model_deployment_dag.py
[2026-09-01T09:46:57.904+0000] {processor.py:830} INFO - Processing file /opt/airflow/dags/model_deployment_dag.py for tasks to queue
[2026-09-01T09:46:57.913+0000] {logging_mixin.py:188} INFO - [2026-09-01T09:46:57.913+0000] {dagbag.py:545} INFO - Filling up the DagBag from /opt/airflow/dags/model_deployment_dag.py
[2026-09-01T09:46:58.013+0000] {processor.py:840} INFO - DAG(s) 'recommendation_model_deployment' retrieved from /opt/airflow/dags/model_deployment_dag.py
[2026-09-01T09:46:58.063+0000] {logging_mixin.py:188} INFO - [2026-09-01T09:46:58.062+0000] {dag.py:3096} INFO - Sync 1 DAGs
[2026-09-01T09:46:58.080+0000] {logging_mixin.py:188} INFO - [2026-09-01T09:46:58.080+0000] {dag.py:3954} INFO - Setting next_dagrun for recommendation_model_deployment to None, run_after=None
[2026-09-01T09:46:58.177+0000] {processor.py:183} INFO - Processing /opt/airflow/dags/model_deployment_dag.py took 0.310 seconds
[2026-09-01T09:47:28.555+0000] {processor.py:161} INFO - Started process (PID=173) to work on /opt/airflow/dags/model_deployment_dag.py
[2026-09-01T09:47:28.557+0000] {processor.py:830} INFO - Processing file /opt/airflow/dags/model_deployment_dag.py for tasks to queue
[2026-09-01T09:47:28.560+0000] {logging_mixin.py:188} INFO - [2026-09-01T09:47:28.560+0000] {dagbag.py:545} INFO - Filling up the DagBag from /opt/airflow/dags/model_deployment_dag.py
[2026-09-01T09:47:28.649+0000] {processor.py:840} INFO - DAG(s) 'recommendation_model_deployment' retrieved from /opt/airflow/dags/model_deployment_dag.py
[2026-09-01T09:47:28.707+0000] {logging_mixin.py:188} INFO - [2026-09-01T09:47:28.706+0000] {dag.py:3096} INFO - Sync 1 DAGs
[2026-09-01T09:47:28.725+0000] {logging_mixin.py:188} INFO - [2026-09-01T09:47:28.725+0000] {dag.py:3954} INFO - Setting next_dagrun for recommendation_model_deployment to None, run_after=None
[2026-09-01T09:47:28.796+0000] {processor.py:183} INFO - Processing /opt/airflow/dags/model_deployment_dag.py took 0.253 seconds
[2026-09-01T09:47:59.244+0000] {processor.py:161} INFO - Started process (PID=177) to work on /opt/airflow/dags/model_deployment_dag.py
[2026-09-01T09:47:59.246+0000] {processor.py:830} INFO - Processing file /opt/airflow/dags/model_deployment_dag.py for tasks to queue
[2026-09-01T09:47:59.260+0000] {logging_mixin.py:188} INFO - [2026-09-01T09:47:59.259+0000] {dagbag.py:545} INFO - Filling up the DagBag from /opt/airflow/dags/model_deployment_dag.py
[2026-09-01T09:47:59.361+0000] {processor.py:840} INFO - DAG(s) 'recommendation_model_deployment' retrieved from /opt/airflow/dags/model_deployment_dag.py
[2026-09-01T09:47:59.437+0000] {logging_mixin.py:188} INFO - [2026-09-01T09:47:59.436+0000] {dag.py:3096} INFO - Sync 1 DAGs
[2026-09-01T09:47:59.460+0000] {logging_mixin.py:188} INFO - [2026-09-01T09:47:59.460+0000] {dag.py:3954} INFO - Setting next_dagrun for recommendation_model_deployment to None, run_after=None
[2026-09-01T09:47:59.573+0000] {processor.py:183} INFO - Processing /opt/airflow/dags/model_deployment_dag.py took 0.374 seconds
[2026-09-01T09:48:30.581+0000] {processor.py:161} INFO - Started process (PID=181) to work on /opt/airflow/dags/model_deployment_dag.py
[2026-09-01T09:48:30.583+0000] {processor.py:830} INFO - Processing file /opt/airflow/dags/model_deployment_dag.py for tasks to queue
[2026-09-01T09:48:30.367+0000] {logging_mixin.py:188} INFO - [2026-09-01T09:48:30.586+0000] {dagbag.py:545} INFO - Filling up the DagBag from /opt/airflow/dags/model_deployment_dag.py
[2026-09-01T09:48:30.583+0000] {processor.py:840} INFO - DAG(s) 'recommendation_model_deployment' retrieved from /opt/airflow/dags/model_deployment_dag.py
[2026-09-01T09:48:30.208+0000] {logging_mixin.py:188} INFO - [2026-09-01T09:48:30.208+0000] {dag.py:3096} INFO - Sync 1 DAGs
[2026-09-01T09:48:30.225+0000] {logging_mixin.py:188} INFO - [2026-09-01T09:48:30.225+0000] {dag.py:3954} INFO - Setting next_dagrun for recommendation_model_deployment to None, run_after=None
[2026-09-01T09:48:30.299+0000] {processor.py:183} INFO - Processing /opt/airflow/dags/model_deployment_dag.py took 0.396 seconds
[2026-09-01T09:49:01.181+0000] {processor.py:161} INFO - Started process (PID=185) to work on /opt/airflow/dags/model_deployment_dag.py
[2026-09-01T09:49:01.183+0000] {processor.py:830} INFO - Processing file /opt/airflow/dags/model_deployment_dag.py for tasks to queue
[2026-09-01T09:49:01.185+0000] {logging_mixin.py:188} INFO - [2026-09-01T09:49:01.185+0000] {dagbag.py:545} INFO - Filling up the DagBag from /opt/airflow/dags/model_deployment_dag.py
[2026-09-01T09:49:01.261+0000] {processor.py:840} INFO - DAG(s) 'recommendation_model_deployment' retrieved from /opt/airflow/dags/model_deployment_dag.py
[2026-09-01T09:49:01.306+0000] {logging_mixin.py:188} INFO - [2026-09-01T09:49:01.305+0000] {dag.py:3096} INFO - Sync 1 DAGs
[2026-09-01T09:49:01.321+0000] {logging_mixin.py:188} INFO - [2026-09-01T09:49:01.321+0000] {dag.py:3954} INFO - Setting next_dagrun for recommendation_model_deployment to None, run_after=None
[2026-09-01T09:49:01.392+0000] {processor.py:183} INFO - Processing /opt/airflow/dags/model_deployment_dag.py took 0.224 seconds
[2026-09-01T09:49:31.717+0000] {processor.py:161} INFO - Started process (PID=189) to work on /opt/airflow/dags/model_deployment_dag.py
[2026-09-01T09:49:31.729+0000] {processor.py:830} INFO - Processing file /opt/airflow/dags/model_deployment_dag.py for tasks to queue
[2026-09-01T09:49:31.748+0000] {logging_mixin.py:188} INFO - [2026-09-01T09:49:31.746+0000] {dagbag.py:545} INFO - Filling up the DagBag from /opt/airflow/dags/model_deployment_dag.py
[2026-09-01T09:49:31.875+0000] {processor.py:840} INFO - DAG(s) 'recommendation_model_deployment' retrieved from /opt/airflow/dags/model_deployment_dag.py
[2026-09-01T09:49:31.969+0000] {logging_mixin.py:188} INFO - [2026-09-01T09:49:31.969+0000] {dag.py:3096} INFO - Sync 1 DAGs
[2026-09-01T09:49:31.993+0000] {logging_mixin.py:188} INFO - [2026-09-01T09:49:31.992+0000] {dag.py:3954} INFO - Setting next_dagrun for recommendation_model_deployment to None, run_after=None
[2026-09-01T09:49:32.118+0000] {processor.py:183} INFO - Processing /opt/airflow/dags/model_deployment_dag.py took 0.446 seconds
[2026-09-01T09:50:02.923+0000] {processor.py:161} INFO - Started process (PID=193) to work on /opt/airflow/dags/model_deployment_dag.py
[2026-09-01T09:50:02.925+0000] {processor.py:830} INFO - Processing file /opt/airflow/dags/model_deployment_dag.py for tasks to queue
[2026-09-01T09:50:02.928+0000] {logging_mixin.py:188} INFO - [2026-09-01T09:50:02.928+0000] {dagbag.py:545} INFO - Filling up the DagBag from /opt/airflow/dags/model_deployment_dag.py
[2026-09-01T09:50:03.041+0000] {processor.py:840} INFO - DAG(s) 'recommendation_model_deployment' retrieved from /opt/airflow/dags/model_deployment_dag.py
[2026-09-01T09:50:03.085+0000] {logging_mixin.py:188} INFO - [2026-09-01T09:50:03.085+0000] {dag.py:3096} INFO - Sync 1 DAGs
[2026-09-01T09:50:03.101+0000] {logging_mixin.py:188} INFO - [2026-09-01T09:50:03.101+0000] {dag.py:3954} INFO - Setting next_dagrun for recommendation_model_deployment to None, run_after=None
[2026-09-01T09:50:03.195+0000] {processor.py:183} INFO - Processing /opt/airflow/dags/model_deployment_dag.py took 0.290 seconds
[2026-09-01T09:50:34.443+0000] {processor.py:161} INFO - Started process (PID=197) to work on /opt/airflow/dags/model_deployment_dag.py
[2026-09-01T09:50:34.445+0000] {processor.py:830} INFO - Processing file /opt/airflow/dags/model_deployment_dag.py for tasks to queue
[2026-09-01T09:50:34.448+0000] {logging_mixin.py:188} INFO - [2026-09-01T09:50:34.447+0000] {dagbag.py:545} INFO - Filling up the DagBag from /opt/airflow/dags/model_deployment_dag.py
[2026-09-01T09:50:34.494+0000] {processor.py:840} INFO - DAG(s) 'recommendation_model_deployment' retrieved from /opt/airflow/dags/model_deployment_dag.py
[2026-09-01T09:50:34.522+0000] {logging_mixin.py:188} INFO - [2026-09-01T09:50:34.522+0000] {dag.py:3096} INFO - Sync 1 DAGs
[2026-09-01T09:50:34.533+0000] {logging_mixin.py:188} INFO - [2026-09-01T09:50:34.533+0000] {dag.py:3954} INFO - Setting next_dagrun for recommendation_model_deployment to None, run_after=None
[2026-09-01T09:50:34.624+0000] {processor.py:183} INFO - Processing /opt/airflow/dags/model_deployment_dag.py took 0.192 seconds
[2026-09-01T09:51:04.839+0000] {processor.py:161} INFO - Started process (PID=201) to work on /opt/airflow/dags/model_deployment_dag.py
[2026-09-01T09:51:04.842+0000] {processor.py:830} INFO - Processing file /opt/airflow/dags/model_deployment_dag.py for tasks to queue
[2026-09-01T09:51:04.845+0000] {logging_mixin.py:188} INFO - [2026-09-01T09:51:04.844+0000] {dagbag.py:545} INFO - Filling up the DagBag from /opt/airflow/dags/model_deployment_dag.py
[2026-09-01T09:51:04.927+0000] {processor.py:840} INFO - DAG(s) 'recommendation_model_deployment' retrieved from /opt/airflow/dags/model_deployment_dag.py
[2026-09-01T09:51:04.989+0000] {logging_mixin.py:188} INFO - [2026-09-01T09:51:04.989+0000] {dag.py:3096} INFO - Sync 1 DAGs
[2026-09-01T09:51:05.003+0000] {logging_mixin.py:188} INFO - [2026-09-01T09:51:05.003+0000] {dag.py:3954} INFO - Setting next_dagrun for recommendation_model_deployment to None, run_after=None
[2026-09-01T09:51:05.048+0000] {processor.py:183} INFO - Processing /opt/airflow/dags/model_deployment_dag.py took 0.223 seconds
[2026-09-01T09:51:35.551+0000] {processor.py:161} INFO - Started process (PID=205) to work on /opt/airflow/dags/model_deployment_dag.py
[2026-09-01T09:51:35.553+0000] {processor.py:830} INFO - Processing file /opt/airflow/dags/model_deployment_dag.py for tasks to queue
[2026-09-01T09:51:35.555+0000] {logging_mixin.py:188} INFO - [2026-09-01T09:51:35.554+0000] {dagbag.py:545} INFO - Filling up the DagBag from /opt/airflow/dags/model_deployment_dag.py
[2026-09-01T09:51:35.640+0000] {processor.py:840} INFO - DAG(s) 'recommendation_model_deployment' retrieved from /opt/airflow/dags/model_deployment_dag.py
[2026-09-01T09:51:35.679+0000] {logging_mixin.py:188} INFO - [2026-09-01T09:51:35.679+0000] {dag.py:3096} INFO - Sync 1 DAGs
[2026-09-01T09:51:35.689+0000] {logging_mixin.py:188} INFO - [2026-09-01T09:51:35.689+0000] {dag.py:3954} INFO - Setting next_dagrun for recommendation_model_deployment to None, run_after=None
[2026-09-01T09:51:35.737+0000] {processor.py:183} INFO - Processing /opt/airflow/dags/model_deployment_dag.py took 0.194 seconds
[2026-09-01T09:52:06.130+0000] {processor.py:161} INFO - Started process (PID=209) to work on /opt/airflow/dags/model_deployment_dag.py
[2026-09-01T09:52:06.132+0000] {processor.py:830} INFO - Processing file /opt/airflow/dags/model_deployment_dag.py for tasks to queue
[2026-09-01T09:52:06.134+0000] {logging_mixin.py:188} INFO - [2026-09-01T09:52:06.134+0000] {dagbag.py:545} INFO - Filling up the DagBag from /opt/airflow/dags/model_deployment_dag.py
[2026-09-01T09:52:06.231+0000] {processor.py:840} INFO - DAG(s) 'recommendation_model_deployment' retrieved from /opt/airflow/dags/model_deployment_dag.py
[2026-09-01T09:52:06.269+0000] {logging_mixin.py:188} INFO - [2026-09-01T09:52:06.269+0000] {dag.py:3096} INFO - Sync 1 DAGs
[2026-09-01T09:52:06.285+0000] {logging_mixin.py:188} INFO - [2026-09-01T09:52:06.285+0000] {dag.py:3954} INFO - Setting next_dagrun for recommendation_model_deployment to None, run_after=None
[2026-09-01T09:52:06.368+0000] {processor.py:183} INFO - Processing /opt/airflow/dags/model_deployment_dag.py took 0.252 seconds
[2026-09-01T09:52:37.394+0000] {processor.py:161} INFO - Started process (PID=213) to work on /opt/airflow/dags/model_deployment_dag.py
[2026-09-01T09:52:37.396+0000] {processor.py:830} INFO - Processing file /opt/airflow/dags/model_deployment_dag.py for tasks to queue
[2026-09-01T09:52:37.400+0000] {logging_mixin.py:188} INFO - [2026-09-01T09:52:37.399+0000] {dagbag.py:545} INFO - Filling up the DagBag from /opt/airflow/dags/model_deployment_dag.py
[2026-09-01T09:52:37.482+0000] {processor.py:840} INFO - DAG(s) 'recommendation_model_deployment' retrieved from /opt/airflow/dags/model_deployment_dag.py
[2026-09-01T09:52:37.525+0000] {logging_mixin.py:188} INFO - [2026-09-01T09:52:37.525+0000] {dag.py:3096} INFO - Sync 1 DAGs
[2026-09-01T09:52:37.538+0000] {logging_mixin.py:188} INFO - [2026-09-01T09:52:37.537+0000] {dag.py:3954} INFO - Setting next_dagrun for recommendation_model_deployment to None, run_after=None
[2026-09-01T09:52:37.613+0000] {processor.py:183} INFO - Processing /opt/airflow/dags/model_deployment_dag.py took 0.231 seconds
[2026-09-01T09:53:09.142+0000] {processor.py:161} INFO - Started process (PID=217) to work on /opt/airflow/dags/model_deployment_dag.py
[2026-09-01T09:53:09.144+0000] {processor.py:830} INFO - Processing file /opt/airflow/dags/model_deployment_dag.py for tasks to queue
[2026-09-01T09:53:09.147+0000] {logging_mixin.py:188} INFO - [2026-09-01T09:53:09.146+0000] {dagbag.py:545} INFO - Filling up the DagBag from /opt/airflow/dags/model_deployment_dag.py
[2026-09-01T09:53:09.195+0000] {processor.py:840} INFO - DAG(s) 'recommendation_model_deployment' retrieved from /opt/airflow/dags/model_deployment_dag.py
[2026-09-01T09:53:09.221+0000] {logging_mixin.py:188} INFO - [2026-09-01T09:53:09.220+0000] {dag.py:3096} INFO - Sync 1 DAGs
[2026-09-01T09:53:09.230+0000] {logging_mixin.py:188} INFO - [2026-09-01T09:53:09.230+0000] {dag.py:3954} INFO - Setting next_dagrun for recommendation_model_deployment to None, run_after=None
[2026-09-01T09:53:09.293+0000] {processor.py:183} INFO - Processing /opt/airflow/dags/model_deployment_dag.py took 0.163 seconds
[2026-09-01T09:53:40.015+0000] {processor.py:161} INFO - Started process (PID=221) to work on /opt/airflow/dags/model_deployment_dag.py
[2026-09-01T09:53:40.017+0000] {processor.py:830} INFO - Processing file /opt/airflow/dags/model_deployment_dag.py for tasks to queue
[2026-09-01T09:53:40.030+0000] {logging_mixin.py:188} INFO - [2026-09-01T09:53:40.027+0000] {dagbag.py:545} INFO - Filling up the DagBag from /opt/airflow/dags/model_deployment_dag.py
[2026-09-01T09:53:40.185+0000] {processor.py:840} INFO - DAG(s) 'recommendation_model_deployment' retrieved from /opt/airflow/dags/model_deployment_dag.py
[2026-09-01T09:53:40.272+0000] {logging_mixin.py:188} INFO - [2026-09-01T09:53:40.272+0000] {dag.py:3096} INFO - Sync 1 DAGs
[2026-09-01T09:53:40.284+0000] {logging_mixin.py:188} INFO - [2026-09-01T09:53:40.284+0000] {dag.py:3954} INFO - Setting next_dagrun for recommendation_model_deployment to None, run_after=None
[2026-09-01T09:53:40.376+0000] {processor.py:183} INFO - Processing /opt/airflow/dags/model_deployment_dag.py took 0.394 seconds
[2026-09-01T09:54:10.625+0000] {processor.py:161} INFO - Started process (PID=225) to work on /opt/airflow/dags/model_deployment_dag.py
[2026-09-01T09:54:10.626+0000] {processor.py:830} INFO - Processing file /opt/airflow/dags/model_deployment_dag.py for tasks to queue
[2026-09-01T09:54:10.628+0000] {logging_mixin.py:188} INFO - [2026-09-01T09:54:10.628+0000] {dagbag.py:545} INFO - Filling up the DagBag from /opt/airflow/dags/model_deployment_dag.py
[2026-09-01T09:54:10.707+0000] {processor.py:840} INFO - DAG(s) 'recommendation_model_deployment' retrieved from /opt/airflow/dags/model_deployment_dag.py
[2026-09-01T09:54:10.754+0000] {logging_mixin.py:188} INFO - [2026-09-01T09:54:10.754+0000] {dag.py:3096} INFO - Sync 1 DAGs
[2026-09-01T09:54:10.773+0000] {logging_mixin.py:188} INFO - [2026-09-01T09:54:10.773+0000] {dag.py:3954} INFO - Setting next_dagrun for recommendation_model_deployment to None, run_after=None
[2026-09-01T09:54:10.870+0000] {processor.py:183} INFO - Processing /opt/airflow/dags/model_deployment_dag.py took 0.257 seconds
[2026-09-01T09:54:41.902+0000] {processor.py:161} INFO - Started process (PID=229) to work on /opt/airflow/dags/model_deployment_dag.py
[2026-09-01T09:54:41.905+0000] {processor.py:830} INFO - Processing file /opt/airflow/dags/model_deployment_dag.py for tasks to queue
[2026-09-01T09:54:41.908+0000] {logging_mixin.py:188} INFO - [2026-09-01T09:54:41.908+0000] {dagbag.py:545} INFO - Filling up the DagBag from /opt/airflow/dags/model_deployment_dag.py
[2026-09-01T09:54:41.959+0000] {processor.py:840} INFO - DAG(s) 'recommendation_model_deployment' retrieved from /opt/airflow/dags/model_deployment_dag.py
[2026-09-01T09:54:41.991+0000] {logging_mixin.py:188} INFO - [2026-09-01T09:54:41.991+0000] {dag.py:3096} INFO - Sync 1 DAGs
[2026-09-01T09:54:42.003+0000] {logging_mixin.py:188} INFO - [2026-09-01T09:54:42.002+0000] {dag.py:3954} INFO - Setting next_dagrun for recommendation_model_deployment to None, run_after=None
[2026-09-01T09:54:42.096+0000] {processor.py:183} INFO - Processing /opt/airflow/dags/model_deployment_dag.py took 0.208 seconds
[2026-09-01T09:55:13.334+0000] {processor.py:161} INFO - Started process (PID=233) to work on /opt/airflow/dags/model_deployment_dag.py
[2026-09-01T09:55:13.336+0000] {processor.py:830} INFO - Processing file /opt/airflow/dags/model_deployment_dag.py for tasks to queue
[2026-09-01T09:55:13.350+0000] {logging_mixin.py:188} INFO - [2026-09-01T09:55:13.347+0000] {dagbag.py:545} INFO - Filling up the DagBag from /opt/airflow/dags/model_deployment_dag.py
[2026-09-01T09:55:13.458+0000] {processor.py:840} INFO - DAG(s) 'recommendation_model_deployment' retrieved from /opt/airflow/dags/model_deployment_dag.py
[2026-09-01T09:55:13.528+0000] {logging_mixin.py:188} INFO - [2026-09-01T09:55:13.528+0000] {dag.py:3096} INFO - Sync 1 DAGs
[2026-09-01T09:55:13.557+0000] {logging_mixin.py:188} INFO - [2026-09-01T09:55:13.557+0000] {dag.py:3954} INFO - Setting next_dagrun for recommendation_model_deployment to None, run_after=None
[2026-09-01T09:55:13.653+0000] {processor.py:183} INFO - Processing /opt/airflow/dags/model_deployment_dag.py took 0.358 seconds
[2026-09-01T09:55:43.968+0000] {processor.py:161} INFO - Started process (PID=237) to work on /opt/airflow/dags/model_deployment_dag.py
[2026-09-01T09:55:43.970+0000] {processor.py:830} INFO - Processing file /opt/airflow/dags/model_deployment_dag.py for tasks to queue
[2026-09-01T09:55:43.974+0000] {logging_mixin.py:188} INFO - [2026-09-01T09:55:43.973+0000] {dagbag.py:545} INFO - Filling up the DagBag from /opt/airflow/dags/model_deployment_dag.py
[2026-09-01T09:55:44.031+0000] {processor.py:840} INFO - DAG(s) 'recommendation_model_deployment' retrieved from /opt/airflow/dags/model_deployment_dag.py
[2026-09-01T09:55:44.077+0000] {logging_mixin.py:188} INFO - [2026-09-01T09:55:44.077+0000] {dag.py:3096} INFO - Sync 1 DAGs
[2026-09-01T09:55:44.098+0000] {logging_mixin.py:188} INFO - [2026-09-01T09:55:44.098+0000] {dag.py:3954} INFO - Setting next_dagrun for recommendation_model_deployment to None, run_after=None
[2026-09-01T09:55:44.196+0000] {processor.py:183} INFO - Processing /opt/airflow/dags/model_deployment_dag.py took 0.249 seconds
[2026-09-01T09:56:14.441+0000] {processor.py:161} INFO - Started process (PID=241) to work on /opt/airflow/dags/model_deployment_dag.py
[2026-09-01T09:56:14.442+0000] {processor.py:830} INFO - Processing file /opt/airflow/dags/model_deployment_dag.py for tasks to queue
[2026-09-01T09:56:14.444+0000] {logging_mixin.py:188} INFO - [2026-09-01T09:56:14.444+0000] {dagbag.py:545} INFO - Filling up the DagBag from /opt/airflow/dags/model_deployment_dag.py
[2026-09-01T09:56:14.493+0000] {processor.py:840} INFO - DAG(s) 'recommendation_model_deployment' retrieved from /opt/airflow/dags/model_deployment_dag.py
[2026-09-01T09:56:14.522+0000] {logging_mixin.py:188} INFO - [2026-09-01T09:56:14.522+0000] {dag.py:3096} INFO - Sync 1 DAGs
[2026-09-01T09:56:14.532+0000] {logging_mixin.py:188} INFO - [2026-09-01T09:56:14.532+0000] {dag.py:3954} INFO - Setting next_dagrun for recommendation_model_deployment to None, run_after=None
[2026-09-01T09:56:14.577+0000] {processor.py:183} INFO - Processing /opt/airflow/dags/model_deployment_dag.py took 0.149 seconds
[2026-09-01T09:56:45.393+0000] {processor.py:161} INFO - Started process (PID=245) to work on /opt/airflow/dags/model_deployment_dag.py
[2026-09-01T09:56:45.395+0000] {processor.py:830} INFO - Processing file /opt/airflow/dags/model_deployment_dag.py for tasks to queue
[2026-09-01T09:56:45.399+0000] {logging_mixin.py:188} INFO - [2026-09-01T09:56:45.398+0000] {dagbag.py:545} INFO - Filling up the DagBag from /opt/airflow/dags/model_deployment_dag.py
[2026-09-01T09:56:45.476+0000] {processor.py:840} INFO - DAG(s) 'recommendation_model_deployment' retrieved from /opt/airflow/dags/model_deployment_dag.py
[2026-09-01T09:56:45.534+0000] {logging_mixin.py:188} INFO - [2026-09-01T09:56:45.533+0000] {dag.py:3096} INFO - Sync 1 DAGs
[2026-09-01T09:56:45.548+0000] {logging_mixin.py:188} INFO - [2026-09-01T09:56:45.548+0000] {dag.py:3954} INFO - Setting next_dagrun for recommendation_model_deployment to None, run_after=None
[2026-09-01T09:56:45.615+0000] {processor.py:183} INFO - Processing /opt/airflow/dags/model_deployment_dag.py took 0.234 seconds
[2026-09-01T09:57:16.261+0000] {processor.py:161} INFO - Started process (PID=249) to work on /opt/airflow/dags/model_deployment_dag.py
[2026-09-01T09:57:16.264+0000] {processor.py:830} INFO - Processing file /opt/airflow/dags/model_deployment_dag.py for tasks to queue
[2026-09-01T09:57:16.273+0000] {logging_mixin.py:188} INFO - [2026-09-01T09:57:16.271+0000] {dagbag.py:545} INFO - Filling up the DagBag from /opt/airflow/dags/model_deployment_dag.py
[2026-09-01T09:57:16.356+0000] {processor.py:840} INFO - DAG(s) 'recommendation_model_deployment' retrieved from /opt/airflow/dags/model_deployment_dag.py
[2026-09-01T09:57:16.390+0000] {logging_mixin.py:188} INFO - [2026-09-01T09:57:16.390+0000] {dag.py:3096} INFO - Sync 1 DAGs
[2026-09-01T09:57:16.403+0000] {logging_mixin.py:188} INFO - [2026-09-01T09:57:16.403+0000] {dag.py:3954} INFO - Setting next_dagrun for recommendation_model_deployment to None, run_after=None
[2026-09-01T09:57:16.484+0000] {processor.py:183} INFO - Processing /opt/airflow/dags/model_deployment_dag.py took 0.251 seconds
[2026-09-01T09:57:47.600+0000] {processor.py:161} INFO - Started process (PID=253) to work on /opt/airflow/dags/model_deployment_dag.py
[2026-09-01T09:57:47.602+0000] {processor.py:830} INFO - Processing file /opt/airflow/dags/model_deployment_dag.py for tasks to queue
[2026-09-01T09:57:47.606+0000] {logging_mixin.py:188} INFO - [2026-09-01T09:57:47.605+0000] {dagbag.py:545} INFO - Filling up the DagBag from /opt/airflow/dags/model_deployment_dag.py
[2026-09-01T09:57:47.676+0000] {processor.py:840} INFO - DAG(s) 'recommendation_model_deployment' retrieved from /opt/airflow/dags/model_deployment_dag.py
[2026-09-01T09:57:47.704+0000] {logging_mixin.py:188} INFO - [2026-09-01T09:57:47.703+0000] {dag.py:3096} INFO - Sync 1 DAGs
[2026-09-01T09:57:47.716+0000] {logging_mixin.py:188} INFO - [2026-09-01T09:57:47.715+0000] {dag.py:3954} INFO - Setting next_dagrun for recommendation_model_deployment to None, run_after=None
[2026-09-01T09:57:47.764+0000] {processor.py:183} INFO - Processing /opt/airflow/dags/model_deployment_dag.py took 0.176 seconds
[2026-09-01T09:58:18.380+0000] {processor.py:161} INFO - Started process (PID=257) to work on /opt/airflow/dags/model_deployment_dag.py
[2026-09-01T09:58:18.382+0000] {processor.py:830} INFO - Processing file /opt/airflow/dags/model_deployment_dag.py for tasks to queue
[2026-09-01T09:58:18.385+0000] {logging_mixin.py:188} INFO - [2026-09-01T09:58:18.384+0000] {dagbag.py:545} INFO - Filling up the DagBag from /opt/airflow/dags/model_deployment_dag.py
[2026-09-01T09:58:18.478+0000] {processor.py:840} INFO - DAG(s) 'recommendation_model_deployment' retrieved from /opt/airflow/dags/model_deployment_dag.py
[2026-09-01T09:58:18.530+0000] {logging_mixin.py:188} INFO - [2026-09-01T09:58:18.530+0000] {dag.py:3096} INFO - Sync 1 DAGs
[2026-09-01T09:58:18.545+0000] {logging_mixin.py:188} INFO - [2026-09-01T09:58:18.544+0000] {dag.py:3954} INFO - Setting next_dagrun for recommendation_model_deployment to None, run_after=None
[2026-09-01T09:58:18.645+0000] {processor.py:183} INFO - Processing /opt/airflow/dags/model_deployment_dag.py took 0.298 seconds
[2026-09-01T09:58:50.124+0000] {processor.py:161} INFO - Started process (PID=261) to work on /opt/airflow/dags/model_deployment_dag.py
[2026-09-01T09:58:50.134+0000] {processor.py:830} INFO - Processing file /opt/airflow/dags/model_deployment_dag.py for tasks to queue
[2026-09-01T09:58:50.141+0000] {logging_mixin.py:188} INFO - [2026-09-01T09:58:50.141+0000] {dagbag.py:545} INFO - Filling up the DagBag from /opt/airflow/dags/model_deployment_dag.py
[2026-09-01T09:58:50.246+0000] {processor.py:840} INFO - DAG(s) 'recommendation_model_deployment' retrieved from /opt/airflow/dags/model_deployment_dag.py
[2026-09-01T09:58:50.289+0000] {logging_mixin.py:188} INFO - [2026-09-01T09:58:50.289+0000] {dag.py:3096} INFO - Sync 1 DAGs
[2026-09-01T09:58:50.301+0000] {logging_mixin.py:188} INFO - [2026-09-01T09:58:50.301+0000] {dag.py:3954} INFO - Setting next_dagrun for recommendation_model_deployment to None, run_after=None
[2026-09-01T09:58:50.376+0000] {processor.py:183} INFO - Processing /opt/airflow/dags/model_deployment_dag.py took 0.304 seconds
[2026-09-01T09:59:21.673+0000] {processor.py:161} INFO - Started process (PID=265) to work on /opt/airflow/dags/model_deployment_dag.py
[2026-09-01T09:59:21.675+0000] {processor.py:830} INFO - Processing file /opt/airflow/dags/model_deployment_dag.py for tasks to queue
[2026-09-01T09:59:21.680+0000] {logging_mixin.py:188} INFO - [2026-09-01T09:59:21.679+0000] {dagbag.py:545} INFO - Filling up the DagBag from /opt/airflow/dags/model_deployment_dag.py
[2026-09-01T09:59:21.786+0000] {processor.py:840} INFO - DAG(s) 'recommendation_model_deployment' retrieved from /opt/airflow/dags/model_deployment_dag.py
[2026-09-01T09:59:21.843+0000] {logging_mixin.py:188} INFO - [2026-09-01T09:59:21.843+0000] {dag.py:3096} INFO - Sync 1 DAGs
[2026-09-01T09:59:21.855+0000] {logging_mixin.py:188} INFO - [2026-09-01T09:59:21.855+0000] {dag.py:3954} INFO - Setting next_dagrun for recommendation_model_deployment to None, run_after=None
[2026-09-01T09:59:21.934+0000] {processor.py:183} INFO - Processing /opt/airflow/dags/model_deployment_dag.py took 0.277 seconds
[2026-09-01T09:59:52.521+0000] {processor.py:161} INFO - Started process (PID=269) to work on /opt/airflow/dags/model_deployment_dag.py
[2026-09-01T09:59:52.523+0000] {processor.py:830} INFO - Processing file /opt/airflow/dags/model_deployment_dag.py for tasks to queue
[2026-09-01T09:59:52.526+0000] {logging_mixin.py:188} INFO - [2026-09-01T09:59:52.526+0000] {dagbag.py:545} INFO - Filling up the DagBag from /opt/airflow/dags/model_deployment_dag.py
[2026-09-01T09:59:52.616+0000] {processor.py:840} INFO - DAG(s) 'recommendation_model_deployment' retrieved from /opt/airflow/dags/model_deployment_dag.py
[2026-09-01T09:59:52.668+0000] {logging_mixin.py:188} INFO - [2026-09-01T09:59:52.667+0000] {dag.py:3096} INFO - Sync 1 DAGs
[2026-09-01T09:59:52.689+0000] {logging_mixin.py:188} INFO - [2026-09-01T09:59:52.689+0000] {dag.py:3954} INFO - Setting next_dagrun for recommendation_model_deployment to None, run_after=None
[2026-09-01T09:59:52.810+0000] {processor.py:183} INFO - Processing /opt/airflow/dags/model_deployment_dag.py took 0.302 seconds
[2026-09-01T10:00:23.185+0000] {processor.py:161} INFO - Started process (PID=273) to work on /opt/airflow/dags/model_deployment_dag.py
[2026-09-01T10:00:23.187+0000] {processor.py:830} INFO - Processing file /opt/airflow/dags/model_deployment_dag.py for tasks to queue
[2026-09-01T10:00:23.190+0000] {logging_mixin.py:188} INFO - [2026-09-01T10:00:23.190+0000] {dagbag.py:545} INFO - Filling up the DagBag from /opt/airflow/dags/model_deployment_dag.py
[2026-09-01T10:00:23.271+0000] {processor.py:840} INFO - DAG(s) 'recommendation_model_deployment' retrieved from /opt/airflow/dags/model_deployment_dag.py
[2026-09-01T10:00:23.307+0000] {logging_mixin.py:188} INFO - [2026-09-01T10:00:23.307+0000] {dag.py:3096} INFO - Sync 1 DAGs
[2026-09-01T10:00:23.323+0000] {logging_mixin.py:188} INFO - [2026-09-01T10:00:23.323+0000] {dag.py:3954} INFO - Setting next_dagrun for recommendation_model_deployment to None, run_after=None
[2026-09-01T10:00:23.384+0000] {processor.py:183} INFO - Processing /opt/airflow/dags/model_deployment_dag.py took 0.213 seconds
[2026-09-01T10:00:54.622+0000] {processor.py:161} INFO - Started process (PID=277) to work on /opt/airflow/dags/model_deployment_dag.py
[2026-09-01T10:00:54.624+0000] {processor.py:830} INFO - Processing file /opt/airflow/dags/model_deployment_dag.py for tasks to queue
[2026-09-01T10:00:54.628+0000] {logging_mixin.py:188} INFO - [2026-09-01T10:00:54.627+0000] {dagbag.py:545} INFO - Filling up the DagBag from /opt/airflow/dags/model_deployment_dag.py
[2026-09-01T10:00:54.671+0000] {processor.py:840} INFO - DAG(s) 'recommendation_model_deployment' retrieved from /opt/airflow/dags/model_deployment_dag.py
[2026-09-01T10:00:54.696+0000] {logging_mixin.py:188} INFO - [2026-09-01T10:00:54.696+0000] {dag.py:3096} INFO - Sync 1 DAGs
[2026-09-01T10:00:54.707+0000] {logging_mixin.py:188} INFO - [2026-09-01T10:00:54.706+0000] {dag.py:3954} INFO - Setting next_dagrun for recommendation_model_deployment to None, run_after=None
[2026-09-01T10:00:54.779+0000] {processor.py:183} INFO - Processing /opt/airflow/dags/model_deployment_dag.py took 0.171 seconds
[2026-09-01T10:01:26.295+0000] {processor.py:161} INFO - Started process (PID=281) to work on /opt/airflow/dags/model_deployment_dag.py
[2026-09-01T10:01:26.299+0000] {processor.py:830} INFO - Processing file /opt/airflow/dags/model_deployment_dag.py for tasks to queue
[2026-09-01T10:01:26.316+0000] {logging_mixin.py:188} INFO - [2026-09-01T10:01:26.312+0000] {dagbag.py:545} INFO - Filling up the DagBag from /opt/airflow/dags/model_deployment_dag.py
[2026-09-01T10:01:26.460+0000] {processor.py:840} INFO - DAG(s) 'recommendation_model_deployment' retrieved from /opt/airflow/dags/model_deployment_dag.py
[2026-09-01T10:01:26.511+0000] {logging_mixin.py:188} INFO - [2026-09-01T10:01:26.511+0000] {dag.py:3096} INFO - Sync 1 DAGs
[2026-09-01T10:01:26.524+0000] {logging_mixin.py:188} INFO - [2026-09-01T10:01:26.523+0000] {dag.py:3954} INFO - Setting next_dagrun for recommendation_model_deployment to None, run_after=None
[2026-09-01T10:01:26.610+0000] {processor.py:183} INFO - Processing /opt/airflow/dags/model_deployment_dag.py took 0.409 seconds
[2026-09-01T10:01:57.579+0000] {processor.py:161} INFO - Started process (PID=285) to work on /opt/airflow/dags/model_deployment_dag.py
[2026-09-01T10:01:57.581+0000] {processor.py:830} INFO - Processing file /opt/airflow/dags/model_deployment_dag.py for tasks to queue
[2026-09-01T10:01:57.585+0000] {logging_mixin.py:188} INFO - [2026-09-01T10:01:57.584+0000] {dagbag.py:545} INFO - Filling up the DagBag from /opt/airflow/dags/model_deployment_dag.py
[2026-09-01T10:01:57.680+0000] {processor.py:840} INFO - DAG(s) 'recommendation_model_deployment' retrieved from /opt/airflow/dags/model_deployment_dag.py
[2026-09-01T10:01:57.725+0000] {logging_mixin.py:188} INFO - [2026-09-01T10:01:57.725+0000] {dag.py:3096} INFO - Sync 1 DAGs
[2026-09-01T10:01:57.736+0000] {logging_mixin.py:188} INFO - [2026-09-01T10:01:57.736+0000] {dag.py:3954} INFO - Setting next_dagrun for recommendation_model_deployment to None, run_after=None
[2026-09-01T10:01:57.783+0000] {processor.py:183} INFO - Processing /opt/airflow/dags/model_deployment_dag.py took 0.215 seconds
[2026-09-01T10:02:29.085+0000] {processor.py:161} INFO - Started process (PID=289) to work on /opt/airflow/dags/model_deployment_dag.py
[2026-09-01T10:02:29.087+0000] {processor.py:830} INFO - Processing file /opt/airflow/dags/model_deployment_dag.py for tasks to queue
[2026-09-01T10:02:29.092+0000] {logging_mixin.py:188} INFO - [2026-09-01T10:02:29.091+0000] {dagbag.py:545} INFO - Filling up the DagBag from /opt/airflow/dags/model_deployment_dag.py
[2026-09-01T10:02:29.192+0000] {processor.py:840} INFO - DAG(s) 'recommendation_model_deployment' retrieved from /opt/airflow/dags/model_deployment_dag.py
[2026-09-01T10:02:29.238+0000] {logging_mixin.py:188} INFO - [2026-09-01T10:02:29.238+0000] {dag.py:3096} INFO - Sync 1 DAGs
[2026-09-01T10:02:29.253+0000] {logging_mixin.py:188} INFO - [2026-09-01T10:02:29.253+0000] {dag.py:3954} INFO - Setting next_dagrun for recommendation_model_deployment to None, run_after=None
[2026-09-01T10:02:29.323+0000] {processor.py:183} INFO - Processing /opt/airflow/dags/model_deployment_dag.py took 0.253 seconds
[2026-09-01T10:02:59.539+0000] {processor.py:161} INFO - Started process (PID=293) to work on /opt/airflow/dags/model_deployment_dag.py
[2026-09-01T10:02:59.544+0000] {processor.py:830} INFO - Processing file /opt/airflow/dags/model_deployment_dag.py for tasks to queue
[2026-09-01T10:02:59.550+0000] {logging_mixin.py:188} INFO - [2026-09-01T10:02:59.548+0000] {dagbag.py:545} INFO - Filling up the DagBag from /opt/airflow/dags/model_deployment_dag.py
[2026-09-01T10:02:59.623+0000] {processor.py:840} INFO - DAG(s) 'recommendation_model_deployment' retrieved from /opt/airflow/dags/model_deployment_dag.py
[2026-09-01T10:02:59.661+0000] {logging_mixin.py:188} INFO - [2026-09-01T10:02:59.661+0000] {dag.py:3096} INFO - Sync 1 DAGs
[2026-09-01T10:02:59.674+0000] {logging_mixin.py:188} INFO - [2026-09-01T10:02:59.673+0000] {dag.py:3954} INFO - Setting next_dagrun for recommendation_model_deployment to None, run_after=None
[2026-09-01T10:02:59.756+0000] {processor.py:183} INFO - Processing /opt/airflow/dags/model_deployment_dag.py took 0.271 seconds
[2026-09-01T10:03:30.680+0000] {processor.py:161} INFO - Started process (PID=297) to work on /opt/airflow/dags/model_deployment_dag.py
[2026-09-01T10:03:30.681+0000] {processor.py:830} INFO - Processing file /opt/airflow/dags/model_deployment_dag.py for tasks to queue
[2026-09-01T10:03:30.684+0000] {logging_mixin.py:188} INFO - [2026-09-01T10:03:30.683+0000] {dagbag.py:545} INFO - Filling up the DagBag from /opt/airflow/dags/model_deployment_dag.py
[2026-09-01T10:03:30.764+0000] {processor.py:840} INFO - DAG(s) 'recommendation_model_deployment' retrieved from /opt/airflow/dags/model_deployment_dag.py
[2026-09-01T10:03:30.831+0000] {logging_mixin.py:188} INFO - [2026-09-01T10:03:30.831+0000] {dag.py:3096} INFO - Sync 1 DAGs
[2026-09-01T10:03:30.848+0000] {logging_mixin.py:188} INFO - [2026-09-01T10:03:30.847+0000] {dag.py:3954} INFO - Setting next_dagrun for recommendation_model_deployment to None, run_after=None
[2026-09-01T10:03:30.932+0000] {processor.py:183} INFO - Processing /opt/airflow/dags/model_deployment_dag.py took 0.266 seconds
[2026-09-01T10:04:02.124+0000] {processor.py:161} INFO - Started process (PID=301) to work on /opt/airflow/dags/model_deployment_dag.py
[2026-09-01T10:04:02.126+0000] {processor.py:830} INFO - Processing file /opt/airflow/dags/model_deployment_dag.py for tasks to queue
[2026-09-01T10:04:02.130+0000] {logging_mixin.py:188} INFO - [2026-09-01T10:04:02.129+0000] {dagbag.py:545} INFO - Filling up the DagBag from /opt/airflow/dags/model_deployment_dag.py
[2026-09-01T10:04:02.257+0000] {processor.py:840} INFO - DAG(s) 'recommendation_model_deployment' retrieved from /opt/airflow/dags/model_deployment_dag.py
[2026-09-01T10:04:02.355+0000] {logging_mixin.py:188} INFO - [2026-09-01T10:04:02.354+0000] {dag.py:3096} INFO - Sync 1 DAGs
[2026-09-01T10:04:02.378+0000] {logging_mixin.py:188} INFO - [2026-09-01T10:04:02.378+0000] {dag.py:3954} INFO - Setting next_dagrun for recommendation_model_deployment to None, run_after=None
[2026-09-01T10:04:02.486+0000] {processor.py:183} INFO - Processing /opt/airflow/dags/model_deployment_dag.py took 0.376 seconds
[2026-09-01T10:04:33.055+0000] {processor.py:161} INFO - Started process (PID=305) to work on /opt/airflow/dags/model_deployment_dag.py
[2026-09-01T10:04:33.056+0000] {processor.py:830} INFO - Processing file /opt/airflow/dags/model_deployment_dag.py for tasks to queue
[2026-09-01T10:04:33.058+0000] {logging_mixin.py:188} INFO - [2026-09-01T10:04:33.058+0000] {dagbag.py:545} INFO - Filling up the DagBag from /opt/airflow/dags/model_deployment_dag.py
[2026-09-01T10:04:33.160+0000] {processor.py:840} INFO - DAG(s) 'recommendation_model_deployment' retrieved from /opt/airflow/dags/model_deployment_dag.py
[2026-09-01T10:04:33.220+0000] {logging_mixin.py:188} INFO - [2026-09-01T10:04:33.220+0000] {dag.py:3096} INFO - Sync 1 DAGs
[2026-09-01T10:04:33.241+0000] {logging_mixin.py:188} INFO - [2026-09-01T10:04:33.241+0000] {dag.py:3954} INFO - Setting next_dagrun for recommendation_model_deployment to None, run_after=None
[2026-09-01T10:04:33.347+0000] {processor.py:183} INFO - Processing /opt/airflow/dags/model_deployment_dag.py took 0.324 seconds
[2026-09-01T10:05:04.013+0000] {processor.py:161} INFO - Started process (PID=309) to work on /opt/airflow/dags/model_deployment_dag.py
[2026-09-01T10:05:04.014+0000] {processor.py:830} INFO - Processing file /opt/airflow/dags/model_deployment_dag.py for tasks to queue
[2026-09-01T10:05:04.017+0000] {logging_mixin.py:188} INFO - [2026-09-01T10:05:04.017+0000] {dagbag.py:545} INFO - Filling up the DagBag from /opt/airflow/dags/model_deployment_dag.py
[2026-09-01T10:05:04.055+0000] {processor.py:840} INFO - DAG(s) 'recommendation_model_deployment' retrieved from /opt/airflow/dags/model_deployment_dag.py
[2026-09-01T10:05:04.083+0000] {logging_mixin.py:188} INFO - [2026-09-01T10:05:04.082+0000] {dag.py:3096} INFO - Sync 1 DAGs
[2026-09-01T10:05:04.094+0000] {logging_mixin.py:188} INFO - [2026-09-01T10:05:04.094+0000] {dag.py:3954} INFO - Setting next_dagrun for recommendation_model_deployment to None, run_after=None
[2026-09-01T10:05:04.189+0000] {processor.py:183} INFO - Processing /opt/airflow/dags/model_deployment_dag.py took 0.187 seconds
[2026-09-01T10:05:35.255+0000] {processor.py:161} INFO - Started process (PID=313) to work on /opt/airflow/dags/model_deployment_dag.py
[2026-09-01T10:05:35.274+0000] {processor.py:830} INFO - Processing file /opt/airflow/dags/model_deployment_dag.py for tasks to queue
[2026-09-01T10:05:35.280+0000] {logging_mixin.py:188} INFO - [2026-09-01T10:05:35.279+0000] {dagbag.py:545} INFO - Filling up the DagBag from /opt/airflow/dags/model_deployment_dag.py
[2026-09-01T10:05:35.401+0000] {processor.py:840} INFO - DAG(s) 'recommendation_model_deployment' retrieved from /opt/airflow/dags/model_deployment_dag.py
[2026-09-01T10:05:35.450+0000] {logging_mixin.py:188} INFO - [2026-09-01T10:05:35.450+0000] {dag.py:3096} INFO - Sync 1 DAGs
[2026-09-01T10:05:35.464+0000] {logging_mixin.py:188} INFO - [2026-09-01T10:05:35.464+0000] {dag.py:3954} INFO - Setting next_dagrun for recommendation_model_deployment to None, run_after=None
[2026-09-01T10:05:35.541+0000] {processor.py:183} INFO - Processing /opt/airflow/dags/model_deployment_dag.py took 0.347 seconds
[2026-09-01T10:06:06.096+0000] {processor.py:161} INFO - Started process (PID=317) to work on /opt/airflow/dags/model_deployment_dag.py
[2026-09-01T10:06:06.097+0000] {processor.py:830} INFO - Processing file /opt/airflow/dags/model_deployment_dag.py for tasks to queue
[2026-09-01T10:06:06.099+0000] {logging_mixin.py:188} INFO - [2026-09-01T10:06:06.099+0000] {dagbag.py:545} INFO - Filling up the DagBag from /opt/airflow/dags/model_deployment_dag.py
[2026-09-01T10:06:06.176+0000] {processor.py:840} INFO - DAG(s) 'recommendation_model_deployment' retrieved from /opt/airflow/dags/model_deployment_dag.py
[2026-09-01T10:06:06.248+0000] {logging_mixin.py:188} INFO - [2026-09-01T10:06:06.248+0000] {dag.py:3096} INFO - Sync 1 DAGs
[2026-09-01T10:06:06.264+0000] {logging_mixin.py:188} INFO - [2026-09-01T10:06:06.264+0000] {dag.py:3954} INFO - Setting next_dagrun for recommendation_model_deployment to None, run_after=None
[2026-09-01T10:06:06.342+0000] {processor.py:183} INFO - Processing /opt/airflow/dags/model_deployment_dag.py took 0.256 seconds
[2026-09-01T10:06:36.441+0000] {processor.py:161} INFO - Started process (PID=321) to work on /opt/airflow/dags/model_deployment_dag.py
[2026-09-01T10:06:36.443+0000] {processor.py:830} INFO - Processing file /opt/airflow/dags/model_deployment_dag.py for tasks to queue
[2026-09-01T10:06:36.446+0000] {logging_mixin.py:188} INFO - [2026-09-01T10:06:36.446+0000] {dagbag.py:545} INFO - Filling up the DagBag from /opt/airflow/dags/model_deployment_dag.py
[2026-09-01T10:06:36.546+0000] {processor.py:840} INFO - DAG(s) 'recommendation_model_deployment' retrieved from /opt/airflow/dags/model_deployment_dag.py
[2026-09-01T10:06:36.606+0000] {logging_mixin.py:188} INFO - [2026-09-01T10:06:36.606+0000] {dag.py:3096} INFO - Sync 1 DAGs
[2026-09-01T10:06:36.631+0000] {logging_mixin.py:188} INFO - [2026-09-01T10:06:36.631+0000] {dag.py:3954} INFO - Setting next_dagrun for recommendation_model_deployment to None, run_after=None
[2026-09-01T10:06:36.738+0000] {processor.py:183} INFO - Processing /opt/airflow/dags/model_deployment_dag.py took 0.312 seconds
[2026-09-01T10:07:07.404+0000] {processor.py:161} INFO - Started process (PID=325) to work on /opt/airflow/dags/model_deployment_dag.py
[2026-09-01T10:07:07.406+0000] {processor.py:830} INFO - Processing file /opt/airflow/dags/model_deployment_dag.py for tasks to queue
[2026-09-01T10:07:07.417+0000] {logging_mixin.py:188} INFO - [2026-09-01T10:07:07.414+0000] {dagbag.py:545} INFO - Filling up the DagBag from /opt/airflow/dags/model_deployment_dag.py
[2026-09-01T10:07:07.525+0000] {processor.py:840} INFO - DAG(s) 'recommendation_model_deployment' retrieved from /opt/airflow/dags/model_deployment_dag.py
[2026-09-01T10:07:07.619+0000] {logging_mixin.py:188} INFO - [2026-09-01T10:07:07.619+0000] {dag.py:3096} INFO - Sync 1 DAGs
[2026-09-01T10:07:07.645+0000] {logging_mixin.py:188} INFO - [2026-09-01T10:07:07.644+0000] {dag.py:3954} INFO - Setting next_dagrun for recommendation_model_deployment to None, run_after=None
[2026-09-01T10:07:07.737+0000] {processor.py:183} INFO - Processing /opt/airflow/dags/model_deployment_dag.py took 0.358 seconds
[2026-09-01T10:07:38.984+0000] {processor.py:161} INFO - Started process (PID=329) to work on /opt/airflow/dags/model_deployment_dag.py
[2026-09-01T10:07:38.999+0000] {processor.py:830} INFO - Processing file /opt/airflow/dags/model_deployment_dag.py for tasks to queue
[2026-09-01T10:07:39.007+0000] {logging_mixin.py:188} INFO - [2026-09-01T10:07:39.006+0000] {dagbag.py:545} INFO - Filling up the DagBag from /opt/airflow/dags/model_deployment_dag.py
[2026-09-01T10:07:39.136+0000] {processor.py:840} INFO - DAG(s) 'recommendation_model_deployment' retrieved from /opt/airflow/dags/model_deployment_dag.py
[2026-09-01T10:07:39.176+0000] {logging_mixin.py:188} INFO - [2026-09-01T10:07:39.176+0000] {dag.py:3096} INFO - Sync 1 DAGs
[2026-09-01T10:07:39.186+0000] {logging_mixin.py:188} INFO - [2026-09-01T10:07:39.186+0000] {dag.py:3954} INFO - Setting next_dagrun for recommendation_model_deployment to None, run_after=None
[2026-09-01T10:07:39.249+0000] {processor.py:183} INFO - Processing /opt/airflow/dags/model_deployment_dag.py took 0.334 seconds
[2026-09-01T10:08:10.444+0000] {processor.py:161} INFO - Started process (PID=333) to work on /opt/airflow/dags/model_deployment_dag.py
[2026-09-01T10:08:10.445+0000] {processor.py:830} INFO - Processing file /opt/airflow/dags/model_deployment_dag.py for tasks to queue
[2026-09-01T10:08:10.447+0000] {logging_mixin.py:188} INFO - [2026-09-01T10:08:10.447+0000] {dagbag.py:545} INFO - Filling up the DagBag from /opt/airflow/dags/model_deployment_dag.py
[2026-09-01T10:08:10.485+0000] {processor.py:840} INFO - DAG(s) 'recommendation_model_deployment' retrieved from /opt/airflow/dags/model_deployment_dag.py
[2026-09-01T10:08:10.514+0000] {logging_mixin.py:188} INFO - [2026-09-01T10:08:10.513+0000] {dag.py:3096} INFO - Sync 1 DAGs
[2026-09-01T10:08:10.525+0000] {logging_mixin.py:188} INFO - [2026-09-01T10:08:10.525+0000] {dag.py:3954} INFO - Setting next_dagrun for recommendation_model_deployment to None, run_after=None
[2026-09-01T10:08:10.566+0000] {processor.py:183} INFO - Processing /opt/airflow/dags/model_deployment_dag.py took 0.130 seconds
[2026-09-01T10:08:41.677+0000] {processor.py:161} INFO - Started process (PID=337) to work on /opt/airflow/dags/model_deployment_dag.py
[2026-09-01T10:08:41.678+0000] {processor.py:830} INFO - Processing file /opt/airflow/dags/model_deployment_dag.py for tasks to queue
[2026-09-01T10:08:41.681+0000] {logging_mixin.py:188} INFO - [2026-09-01T10:08:41.680+0000] {dagbag.py:545} INFO - Filling up the DagBag from /opt/airflow/dags/model_deployment_dag.py
[2026-09-01T10:08:41.720+0000] {processor.py:840} INFO - DAG(s) 'recommendation_model_deployment' retrieved from /opt/airflow/dags/model_deployment_dag.py
[2026-09-01T10:08:41.749+0000] {logging_mixin.py:188} INFO - [2026-09-01T10:08:41.748+0000] {dag.py:3096} INFO - Sync 1 DAGs
[2026-09-01T10:08:41.765+0000] {logging_mixin.py:188} INFO - [2026-09-01T10:08:41.765+0000] {dag.py:3954} INFO - Setting next_dagrun for recommendation_model_deployment to None, run_after=None
[2026-09-01T10:08:41.882+0000] {processor.py:183} INFO - Processing /opt/airflow/dags/model_deployment_dag.py took 0.212 seconds
[2026-09-01T10:09:12.747+0000] {processor.py:161} INFO - Started process (PID=341) to work on /opt/airflow/dags/model_deployment_dag.py
[2026-09-01T10:09:12.750+0000] {processor.py:830} INFO - Processing file /opt/airflow/dags/model_deployment_dag.py for tasks to queue
[2026-09-01T10:09:12.753+0000] {logging_mixin.py:188} INFO - [2026-09-01T10:09:12.753+0000] {dagbag.py:545} INFO - Filling up the DagBag from /opt/airflow/dags/model_deployment_dag.py
[2026-09-01T10:09:12.828+0000] {processor.py:840} INFO - DAG(s) 'recommendation_model_deployment' retrieved from /opt/airflow/dags/model_deployment_dag.py
[2026-09-01T10:09:12.895+0000] {logging_mixin.py:188} INFO - [2026-09-01T10:09:12.894+0000] {dag.py:3096} INFO - Sync 1 DAGs
[2026-09-01T10:09:12.932+0000] {logging_mixin.py:188} INFO - [2026-09-01T10:09:12.932+0000] {dag.py:3954} INFO - Setting next_dagrun for recommendation_model_deployment to None, run_after=None
[2026-09-01T10:09:13.000+0000] {processor.py:183} INFO - Processing /opt/airflow/dags/model_deployment_dag.py took 0.262 seconds
[2026-09-01T10:09:43.412+0000] {processor.py:161} INFO - Started process (PID=345) to work on /opt/airflow/dags/model_deployment_dag.py
[2026-09-01T10:09:43.414+0000] {processor.py:830} INFO - Processing file /opt/airflow/dags/model_deployment_dag.py for tasks to queue
[2026-09-01T10:09:43.418+0000] {logging_mixin.py:188} INFO - [2026-09-01T10:09:43.417+0000] {dagbag.py:545} INFO - Filling up the DagBag from /opt/airflow/dags/model_deployment_dag.py
[2026-09-01T10:09:43.462+0000] {processor.py:840} INFO - DAG(s) 'recommendation_model_deployment' retrieved from /opt/airflow/dags/model_deployment_dag.py
[2026-09-01T10:09:43.589+0000] {logging_mixin.py:188} INFO - [2026-09-01T10:09:43.588+0000] {dag.py:3096} INFO - Sync 1 DAGs
[2026-09-01T10:09:43.609+0000] {logging_mixin.py:188} INFO - [2026-09-01T10:09:43.608+0000] {dag.py:3954} INFO - Setting next_dagrun for recommendation_model_deployment to None, run_after=None
[2026-09-01T10:09:43.698+0000] {processor.py:183} INFO - Processing /opt/airflow/dags/model_deployment_dag.py took 0.336 seconds
[2026-09-01T10:10:13.970+0000] {processor.py:161} INFO - Started process (PID=349) to work on /opt/airflow/dags/model_deployment_dag.py
[2026-09-01T10:10:13.980+0000] {processor.py:830} INFO - Processing file /opt/airflow/dags/model_deployment_dag.py for tasks to queue
[2026-09-01T10:10:13.993+0000] {logging_mixin.py:188} INFO - [2026-09-01T10:10:13.991+0000] {dagbag.py:545} INFO - Filling up the DagBag from /opt/airflow/dags/model_deployment_dag.py
[2026-09-01T10:10:14.130+0000] {processor.py:840} INFO - DAG(s) 'recommendation_model_deployment' retrieved from /opt/airflow/dags/model_deployment_dag.py
[2026-09-01T10:10:14.193+0000] {logging_mixin.py:188} INFO - [2026-09-01T10:10:14.193+0000] {dag.py:3096} INFO - Sync 1 DAGs
[2026-09-01T10:10:14.214+0000] {logging_mixin.py:188} INFO - [2026-09-01T10:10:14.213+0000] {dag.py:3954} INFO - Setting next_dagrun for recommendation_model_deployment to None, run_after=None
[2026-09-01T10:10:14.337+0000] {processor.py:183} INFO - Processing /opt/airflow/dags/model_deployment_dag.py took 0.441 seconds
[2026-09-01T10:10:44.441+0000] {processor.py:161} INFO - Started process (PID=353) to work on /opt/airflow/dags/model_deployment_dag.py
[2026-09-01T10:10:44.445+0000] {processor.py:830} INFO - Processing file /opt/airflow/dags/model_deployment_dag.py for tasks to queue
[2026-09-01T10:10:44.448+0000] {logging_mixin.py:188} INFO - [2026-09-01T10:10:44.448+0000] {dagbag.py:545} INFO - Filling up the DagBag from /opt/airflow/dags/model_deployment_dag.py
[2026-09-01T10:10:44.508+0000] {processor.py:840} INFO - DAG(s) 'recommendation_model_deployment' retrieved from /opt/airflow/dags/model_deployment_dag.py
[2026-09-01T10:10:44.537+0000] {logging_mixin.py:188} INFO - [2026-09-01T10:10:44.537+0000] {dag.py:3096} INFO - Sync 1 DAGs
[2026-09-01T10:10:44.549+0000] {logging_mixin.py:188} INFO - [2026-09-01T10:10:44.548+0000] {dag.py:3954} INFO - Setting next_dagrun for recommendation_model_deployment to None, run_after=None
[2026-09-01T10:10:44.600+0000] {processor.py:183} INFO - Processing /opt/airflow/dags/model_deployment_dag.py took 0.174 seconds
[2026-09-01T10:11:15.441+0000] {processor.py:161} INFO - Started process (PID=357) to work on /opt/airflow/dags/model_deployment_dag.py
[2026-09-01T10:11:15.443+0000] {processor.py:830} INFO - Processing file /opt/airflow/dags/model_deployment_dag.py for tasks to queue
[2026-09-01T10:11:15.445+0000] {logging_mixin.py:188} INFO - [2026-09-01T10:11:15.445+0000] {dagbag.py:545} INFO - Filling up the DagBag from /opt/airflow/dags/model_deployment_dag.py
[2026-09-01T10:11:15.533+0000] {processor.py:840} INFO - DAG(s) 'recommendation_model_deployment' retrieved from /opt/airflow/dags/model_deployment_dag.py
[2026-09-01T10:11:15.576+0000] {logging_mixin.py:188} INFO - [2026-09-01T10:11:15.576+0000] {dag.py:3096} INFO - Sync 1 DAGs
[2026-09-01T10:11:15.596+0000] {logging_mixin.py:188} INFO - [2026-09-01T10:11:15.595+0000] {dag.py:3954} INFO - Setting next_dagrun for recommendation_model_deployment to None, run_after=None
[2026-09-01T10:11:15.657+0000] {processor.py:183} INFO - Processing /opt/airflow/dags/model_deployment_dag.py took 0.231 seconds
[2026-09-01T10:11:46.294+0000] {processor.py:161} INFO - Started process (PID=361) to work on /opt/airflow/dags/model_deployment_dag.py
[2026-09-01T10:11:46.300+0000] {processor.py:830} INFO - Processing file /opt/airflow/dags/model_deployment_dag.py for tasks to queue
[2026-09-01T10:11:46.304+0000] {logging_mixin.py:188} INFO - [2026-09-01T10:11:46.303+0000] {dagbag.py:545} INFO - Filling up the DagBag from /opt/airflow/dags/model_deployment_dag.py
[2026-09-01T10:11:46.405+0000] {processor.py:840} INFO - DAG(s) 'recommendation_model_deployment' retrieved from /opt/airflow/dags/model_deployment_dag.py
[2026-09-01T10:11:46.449+0000] {logging_mixin.py:188} INFO - [2026-09-01T10:11:46.449+0000] {dag.py:3096} INFO - Sync 1 DAGs
[2026-09-01T10:11:46.464+0000] {logging_mixin.py:188} INFO - [2026-09-01T10:11:46.464+0000] {dag.py:3954} INFO - Setting next_dagrun for recommendation_model_deployment to None, run_after=None
[2026-09-01T10:11:46.549+0000] {processor.py:183} INFO - Processing /opt/airflow/dags/model_deployment_dag.py took 0.276 seconds
[2026-09-01T10:12:17.349+0000] {processor.py:161} INFO - Started process (PID=365) to work on /opt/airflow/dags/model_deployment_dag.py
[2026-09-01T10:12:17.351+0000] {processor.py:830} INFO - Processing file /opt/airflow/dags/model_deployment_dag.py for tasks to queue
[2026-09-01T10:12:17.361+0000] {logging_mixin.py:188} INFO - [2026-09-01T10:12:17.358+0000] {dagbag.py:545} INFO - Filling up the DagBag from /opt/airflow/dags/model_deployment_dag.py
[2026-09-01T10:12:17.508+0000] {processor.py:840} INFO - DAG(s) 'recommendation_model_deployment' retrieved from /opt/airflow/dags/model_deployment_dag.py
[2026-09-01T10:12:17.585+0000] {logging_mixin.py:188} INFO - [2026-09-01T10:12:17.584+0000] {dag.py:3096} INFO - Sync 1 DAGs
[2026-09-01T10:12:17.606+0000] {logging_mixin.py:188} INFO - [2026-09-01T10:12:17.606+0000] {dag.py:3954} INFO - Setting next_dagrun for recommendation_model_deployment to None, run_after=None
[2026-09-01T10:12:17.705+0000] {processor.py:183} INFO - Processing /opt/airflow/dags/model_deployment_dag.py took 0.438 seconds
[2026-09-01T10:12:47.937+0000] {processor.py:161} INFO - Started process (PID=369) to work on /opt/airflow/dags/model_deployment_dag.py
[2026-09-01T10:12:47.939+0000] {processor.py:830} INFO - Processing file /opt/airflow/dags/model_deployment_dag.py for tasks to queue
[2026-09-01T10:12:47.942+0000] {logging_mixin.py:188} INFO - [2026-09-01T10:12:47.941+0000] {dagbag.py:545} INFO - Filling up the DagBag from /opt/airflow/dags/model_deployment_dag.py
[2026-09-01T10:12:48.019+0000] {processor.py:840} INFO - DAG(s) 'recommendation_model_deployment' retrieved from /opt/airflow/dags/model_deployment_dag.py
[2026-09-01T10:12:48.051+0000] {logging_mixin.py:188} INFO - [2026-09-01T10:12:48.051+0000] {dag.py:3096} INFO - Sync 1 DAGs
[2026-09-01T10:12:48.070+0000] {logging_mixin.py:188} INFO - [2026-09-01T10:12:48.069+0000] {dag.py:3954} INFO - Setting next_dagrun for recommendation_model_deployment to None, run_after=None
[2026-09-01T10:12:48.149+0000] {processor.py:183} INFO - Processing /opt/airflow/dags/model_deployment_dag.py took 0.229 seconds
[2026-09-01T10:13:19.316+0000] {processor.py:161} INFO - Started process (PID=373) to work on /opt/airflow/dags/model_deployment_dag.py
[2026-09-01T10:13:19.319+0000] {processor.py:830} INFO - Processing file /opt/airflow/dags/model_deployment_dag.py for tasks to queue
[2026-09-01T10:13:19.325+0000] {logging_mixin.py:188} INFO - [2026-09-01T10:13:19.324+0000] {dagbag.py:545} INFO - Filling up the DagBag from /opt/airflow/dags/model_deployment_dag.py
[2026-09-01T10:13:19.374+0000] {processor.py:840} INFO - DAG(s) 'recommendation_model_deployment' retrieved from /opt/airflow/dags/model_deployment_dag.py
[2026-09-01T10:13:19.409+0000] {logging_mixin.py:188} INFO - [2026-09-01T10:13:19.409+0000] {dag.py:3096} INFO - Sync 1 DAGs
[2026-09-01T10:13:19.422+0000] {logging_mixin.py:188} INFO - [2026-09-01T10:13:19.421+0000] {dag.py:3954} INFO - Setting next_dagrun for recommendation_model_deployment to None, run_after=None
[2026-09-01T10:13:19.509+0000] {processor.py:183} INFO - Processing /opt/airflow/dags/model_deployment_dag.py took 0.249 seconds
[2026-09-01T10:13:50.175+0000] {processor.py:161} INFO - Started process (PID=377) to work on /opt/airflow/dags/model_deployment_dag.py
[2026-09-01T10:13:50.177+0000] {processor.py:830} INFO - Processing file /opt/airflow/dags/model_deployment_dag.py for tasks to queue
[2026-09-01T10:13:50.180+0000] {logging_mixin.py:188} INFO - [2026-09-01T10:13:50.180+0000] {dagbag.py:545} INFO - Filling up the DagBag from /opt/airflow/dags/model_deployment_dag.py
[2026-09-01T10:13:50.276+0000] {processor.py:840} INFO - DAG(s) 'recommendation_model_deployment' retrieved from /opt/airflow/dags/model_deployment_dag.py
[2026-09-01T10:13:50.321+0000] {logging_mixin.py:188} INFO - [2026-09-01T10:13:50.320+0000] {dag.py:3096} INFO - Sync 1 DAGs
[2026-09-01T10:13:50.339+0000] {logging_mixin.py:188} INFO - [2026-09-01T10:13:50.339+0000] {dag.py:3954} INFO - Setting next_dagrun for recommendation_model_deployment to None, run_after=None
[2026-09-01T10:13:50.407+0000] {processor.py:183} INFO - Processing /opt/airflow/dags/model_deployment_dag.py took 0.246 seconds
[2026-09-01T10:14:21.100+0000] {processor.py:161} INFO - Started process (PID=381) to work on /opt/airflow/dags/model_deployment_dag.py
[2026-09-01T10:14:21.101+0000] {processor.py:830} INFO - Processing file /opt/airflow/dags/model_deployment_dag.py for tasks to queue
[2026-09-01T10:14:21.104+0000] {logging_mixin.py:188} INFO - [2026-09-01T10:14:21.104+0000] {dagbag.py:545} INFO - Filling up the DagBag from /opt/airflow/dags/model_deployment_dag.py
[2026-09-01T10:14:21.193+0000] {processor.py:840} INFO - DAG(s) 'recommendation_model_deployment' retrieved from /opt/airflow/dags/model_deployment_dag.py
[2026-09-01T10:14:21.332+0000] {logging_mixin.py:188} INFO - [2026-09-01T10:14:21.332+0000] {dag.py:3096} INFO - Sync 1 DAGs
[2026-09-01T10:14:21.346+0000] {logging_mixin.py:188} INFO - [2026-09-01T10:14:21.346+0000] {dag.py:3954} INFO - Setting next_dagrun for recommendation_model_deployment to None, run_after=None
[2026-09-01T10:14:21.410+0000] {processor.py:183} INFO - Processing /opt/airflow/dags/model_deployment_dag.py took 0.321 seconds
[2026-09-01T10:14:51.640+0000] {processor.py:161} INFO - Started process (PID=385) to work on /opt/airflow/dags/model_deployment_dag.py
[2026-09-01T10:14:51.649+0000] {processor.py:830} INFO - Processing file /opt/airflow/dags/model_deployment_dag.py for tasks to queue
[2026-09-01T10:14:51.661+0000] {logging_mixin.py:188} INFO - [2026-09-01T10:14:51.660+0000] {dagbag.py:545} INFO - Filling up the DagBag from /opt/airflow/dags/model_deployment_dag.py
[2026-09-01T10:14:51.777+0000] {processor.py:840} INFO - DAG(s) 'recommendation_model_deployment' retrieved from /opt/airflow/dags/model_deployment_dag.py
[2026-09-01T10:14:51.842+0000] {logging_mixin.py:188} INFO - [2026-09-01T10:14:51.842+0000] {dag.py:3096} INFO - Sync 1 DAGs
[2026-09-01T10:14:51.857+0000] {logging_mixin.py:188} INFO - [2026-09-01T10:14:51.857+0000] {dag.py:3954} INFO - Setting next_dagrun for recommendation_model_deployment to None, run_after=None
[2026-09-01T10:14:51.947+0000] {processor.py:183} INFO - Processing /opt/airflow/dags/model_deployment_dag.py took 0.357 seconds
[2026-09-01T10:15:22.230+0000] {processor.py:161} INFO - Started process (PID=389) to work on /opt/airflow/dags/model_deployment_dag.py
[2026-09-01T10:15:22.232+0000] {processor.py:830} INFO - Processing file /opt/airflow/dags/model_deployment_dag.py for tasks to queue
[2026-09-01T10:15:22.235+0000] {logging_mixin.py:188} INFO - [2026-09-01T10:15:22.234+0000] {dagbag.py:545} INFO - Filling up the DagBag from /opt/airflow/dags/model_deployment_dag.py
[2026-09-01T10:15:22.296+0000] {processor.py:840} INFO - DAG(s) 'recommendation_model_deployment' retrieved from /opt/airflow/dags/model_deployment_dag.py
[2026-09-01T10:15:22.337+0000] {logging_mixin.py:188} INFO - [2026-09-01T10:15:22.337+0000] {dag.py:3096} INFO - Sync 1 DAGs
[2026-09-01T10:15:22.351+0000] {logging_mixin.py:188} INFO - [2026-09-01T10:15:22.351+0000] {dag.py:3954} INFO - Setting next_dagrun for recommendation_model_deployment to None, run_after=None
[2026-09-01T10:15:22.420+0000] {processor.py:183} INFO - Processing /opt/airflow/dags/model_deployment_dag.py took 0.215 seconds
[2026-09-01T10:15:52.667+0000] {processor.py:161} INFO - Started process (PID=393) to work on /opt/airflow/dags/model_deployment_dag.py
[2026-09-01T10:15:52.669+0000] {processor.py:830} INFO - Processing file /opt/airflow/dags/model_deployment_dag.py for tasks to queue
[2026-09-01T10:15:52.672+0000] {logging_mixin.py:188} INFO - [2026-09-01T10:15:52.672+0000] {dagbag.py:545} INFO - Filling up the DagBag from /opt/airflow/dags/model_deployment_dag.py
[2026-09-01T10:15:52.775+0000] {processor.py:840} INFO - DAG(s) 'recommendation_model_deployment' retrieved from /opt/airflow/dags/model_deployment_dag.py
[2026-09-01T10:15:52.832+0000] {logging_mixin.py:188} INFO - [2026-09-01T10:15:52.832+0000] {dag.py:3096} INFO - Sync 1 DAGs
[2026-09-01T10:15:52.853+0000] {logging_mixin.py:188} INFO - [2026-09-01T10:15:52.853+0000] {dag.py:3954} INFO - Setting next_dagrun for recommendation_model_deployment to None, run_after=None
[2026-09-01T10:15:52.961+0000] {processor.py:183} INFO - Processing /opt/airflow/dags/model_deployment_dag.py took 0.312 seconds
[2026-09-01T10:16:24.529+0000] {processor.py:161} INFO - Started process (PID=397) to work on /opt/airflow/dags/model_deployment_dag.py
[2026-09-01T10:16:24.532+0000] {processor.py:830} INFO - Processing file /opt/airflow/dags/model_deployment_dag.py for tasks to queue
[2026-09-01T10:16:24.539+0000] {logging_mixin.py:188} INFO - [2026-09-01T10:16:24.537+0000] {dagbag.py:545} INFO - Filling up the DagBag from /opt/airflow/dags/model_deployment_dag.py
[2026-09-01T10:16:24.593+0000] {processor.py:840} INFO - DAG(s) 'recommendation_model_deployment' retrieved from /opt/airflow/dags/model_deployment_dag.py
[2026-09-01T10:16:24.654+0000] {logging_mixin.py:188} INFO - [2026-09-01T10:16:24.654+0000] {dag.py:3096} INFO - Sync 1 DAGs
[2026-09-01T10:16:24.668+0000] {logging_mixin.py:188} INFO - [2026-09-01T10:16:24.668+0000] {dag.py:3954} INFO - Setting next_dagrun for recommendation_model_deployment to None, run_after=None
[2026-09-01T10:16:24.769+0000] {processor.py:183} INFO - Processing /opt/airflow/dags/model_deployment_dag.py took 0.264 seconds
[2026-09-01T10:16:55.383+0000] {processor.py:161} INFO - Started process (PID=401) to work on /opt/airflow/dags/model_deployment_dag.py
[2026-09-01T10:16:55.385+0000] {processor.py:830} INFO - Processing file /opt/airflow/dags/model_deployment_dag.py for tasks to queue
[2026-09-01T10:16:55.387+0000] {logging_mixin.py:188} INFO - [2026-09-01T10:16:55.386+0000] {dagbag.py:545} INFO - Filling up the DagBag from /opt/airflow/dags/model_deployment_dag.py
[2026-09-01T10:16:55.491+0000] {processor.py:840} INFO - DAG(s) 'recommendation_model_deployment' retrieved from /opt/airflow/dags/model_deployment_dag.py
[2026-09-01T10:16:55.554+0000] {logging_mixin.py:188} INFO - [2026-09-01T10:16:55.554+0000] {dag.py:3096} INFO - Sync 1 DAGs
[2026-09-01T10:16:55.571+0000] {logging_mixin.py:188} INFO - [2026-09-01T10:16:55.571+0000] {dag.py:3954} INFO - Setting next_dagrun for recommendation_model_deployment to None, run_after=None
[2026-09-01T10:16:55.631+0000] {processor.py:183} INFO - Processing /opt/airflow/dags/model_deployment_dag.py took 0.267 seconds
[2026-09-01T10:17:26.227+0000] {processor.py:161} INFO - Started process (PID=405) to work on /opt/airflow/dags/model_deployment_dag.py
[2026-09-01T10:17:26.229+0000] {processor.py:830} INFO - Processing file /opt/airflow/dags/model_deployment_dag.py for tasks to queue
[2026-09-01T10:17:26.230+0000] {logging_mixin.py:188} INFO - [2026-09-01T10:17:26.230+0000] {dagbag.py:545} INFO - Filling up the DagBag from /opt/airflow/dags/model_deployment_dag.py
[2026-09-01T10:17:26.305+0000] {processor.py:840} INFO - DAG(s) 'recommendation_model_deployment' retrieved from /opt/airflow/dags/model_deployment_dag.py
[2026-09-01T10:17:26.367+0000] {logging_mixin.py:188} INFO - [2026-09-01T10:17:26.367+0000] {dag.py:3096} INFO - Sync 1 DAGs
[2026-09-01T10:17:26.386+0000] {logging_mixin.py:188} INFO - [2026-09-01T10:17:26.385+0000] {dag.py:3954} INFO - Setting next_dagrun for recommendation_model_deployment to None, run_after=None
[2026-09-01T10:17:26.474+0000] {processor.py:183} INFO - Processing /opt/airflow/dags/model_deployment_dag.py took 0.255 seconds
[2026-09-01T10:17:57.025+0000] {processor.py:161} INFO - Started process (PID=409) to work on /opt/airflow/dags/model_deployment_dag.py
[2026-09-01T10:17:57.027+0000] {processor.py:830} INFO - Processing file /opt/airflow/dags/model_deployment_dag.py for tasks to queue
[2026-09-01T10:17:57.030+0000] {logging_mixin.py:188} INFO - [2026-09-01T10:17:57.029+0000] {dagbag.py:545} INFO - Filling up the DagBag from /opt/airflow/dags/model_deployment_dag.py
[2026-09-01T10:17:57.102+0000] {processor.py:840} INFO - DAG(s) 'recommendation_model_deployment' retrieved from /opt/airflow/dags/model_deployment_dag.py
[2026-09-01T10:17:57.133+0000] {logging_mixin.py:188} INFO - [2026-09-01T10:17:57.132+0000] {dag.py:3096} INFO - Sync 1 DAGs
[2026-09-01T10:17:57.144+0000] {logging_mixin.py:188} INFO - [2026-09-01T10:17:57.144+0000] {dag.py:3954} INFO - Setting next_dagrun for recommendation_model_deployment to None, run_after=None
[2026-09-01T10:17:57.219+0000] {processor.py:183} INFO - Processing /opt/airflow/dags/model_deployment_dag.py took 0.220 seconds
[2026-09-01T10:18:27.770+0000] {processor.py:161} INFO - Started process (PID=413) to work on /opt/airflow/dags/model_deployment_dag.py
[2026-09-01T10:18:27.782+0000] {processor.py:830} INFO - Processing file /opt/airflow/dags/model_deployment_dag.py for tasks to queue
[2026-09-01T10:18:27.787+0000] {logging_mixin.py:188} INFO - [2026-09-01T10:18:27.787+0000] {dagbag.py:545} INFO - Filling up the DagBag from /opt/airflow/dags/model_deployment_dag.py
[2026-09-01T10:18:27.893+0000] {processor.py:840} INFO - DAG(s) 'recommendation_model_deployment' retrieved from /opt/airflow/dags/model_deployment_dag.py
[2026-09-01T10:18:27.973+0000] {logging_mixin.py:188} INFO - [2026-09-01T10:18:27.973+0000] {dag.py:3096} INFO - Sync 1 DAGs
[2026-09-01T10:18:27.989+0000] {logging_mixin.py:188} INFO - [2026-09-01T10:18:27.989+0000] {dag.py:3954} INFO - Setting next_dagrun for recommendation_model_deployment to None, run_after=None
[2026-09-01T10:18:28.075+0000] {processor.py:183} INFO - Processing /opt/airflow/dags/model_deployment_dag.py took 0.362 seconds
