[2026-09-01T09:28:23.097+0000] {processor.py:161} INFO - Started process (PID=27) to work on /opt/airflow/dags/recommendation_training_dag.py
[2026-09-01T09:28:23.114+0000] {processor.py:830} INFO - Processing file /opt/airflow/dags/recommendation_training_dag.py for tasks to queue
[2026-09-01T09:28:23.141+0000] {logging_mixin.py:188} INFO - [2026-09-01T09:28:23.137+0000] {dagbag.py:545} INFO - Filling up the DagBag from /opt/airflow/dags/recommendation_training_dag.py
[2026-09-01T09:28:28.036+0000] {logging_mixin.py:188} INFO - [2026-09-01T09:28:28.027+0000] {dagbag.py:355} ERROR - Failed to import: /opt/airflow/dags/recommendation_training_dag.py
Traceback (most recent call last):
  File "/home/airflow/.local/lib/python3.11/site-packages/airflow/models/dagbag.py", line 351, in parse
    loader.exec_module(new_module)
  File "<frozen importlib._bootstrap_external>", line 940, in exec_module
  File "<frozen importlib._bootstrap>", line 241, in _call_with_frames_removed
  File "/opt/airflow/dags/recommendation_training_dag.py", line 28, in <module>
    from src.models.train_model import ModelTraining
  File "/opt/airflow/project/src/models/train_model.py", line 7, in <module>
    import mlflow
ModuleNotFoundError: No module named 'mlflow'
[2026-09-01T09:28:28.043+0000] {processor.py:842} WARNING - No viable dags retrieved from /opt/airflow/dags/recommendation_training_dag.py
[2026-09-01T09:28:28.101+0000] {processor.py:183} INFO - Processing /opt/airflow/dags/recommendation_training_dag.py took 5.602 seconds
[2026-09-01T09:28:58.335+0000] {processor.py:161} INFO - Started process (PID=31) to work on /opt/airflow/dags/recommendation_training_dag.py
[2026-09-01T09:28:58.352+0000] {processor.py:830} INFO - Processing file /opt/airflow/dags/recommendation_training_dag.py for tasks to queue
[2026-09-01T09:28:58.366+0000] {logging_mixin.py:188} INFO - [2026-09-01T09:28:58.365+0000] {dagbag.py:545} INFO - Filling up the DagBag from /opt/airflow/dags/recommendation_training_dag.py
[2026-09-01T09:29:01.004+0000] {logging_mixin.py:188} INFO - [2026-09-01T09:29:00.980+0000] {dagbag.py:355} ERROR - Failed to import: /opt/airflow/dags/recommendation_training_dag.py
Traceback (most recent call last):
  File "/home/airflow/.local/lib/python3.11/site-packages/airflow/models/dagbag.py", line 351, in parse
    loader.exec_module(new_module)
  File "<frozen importlib._bootstrap_external>", line 940, in exec_module
  File "<frozen importlib._bootstrap>", line 241, in _call_with_frames_removed
  File "/opt/airflow/dags/recommendation_training_dag.py", line 28, in <module>
    from src.models.train_model import ModelTraining
  File "/opt/airflow/project/src/models/train_model.py", line 7, in <module>
    import mlflow
ModuleNotFoundError: No module named 'mlflow'
[2026-09-01T09:29:01.010+0000] {processor.py:842} WARNING - No viable dags retrieved from /opt/airflow/dags/recommendation_training_dag.py
[2026-09-01T09:29:01.091+0000] {processor.py:183} INFO - Processing /opt/airflow/dags/recommendation_training_dag.py took 2.809 seconds
[2026-09-01T09:29:32.905+0000] {processor.py:161} INFO - Started process (PID=35) to work on /opt/airflow/dags/recommendation_training_dag.py
[2026-09-01T09:29:32.917+0000] {processor.py:830} INFO - Processing file /opt/airflow/dags/recommendation_training_dag.py for tasks to queue
[2026-09-01T09:29:32.930+0000] {logging_mixin.py:188} INFO - [2026-09-01T09:29:32.928+0000] {dagbag.py:545} INFO - Filling up the DagBag from /opt/airflow/dags/recommendation_training_dag.py
[2026-09-01T09:29:36.099+0000] {logging_mixin.py:188} INFO - [2026-09-01T09:29:36.050+0000] {dagbag.py:355} ERROR - Failed to import: /opt/airflow/dags/recommendation_training_dag.py
Traceback (most recent call last):
  File "/home/airflow/.local/lib/python3.11/site-packages/airflow/models/dagbag.py", line 351, in parse
    loader.exec_module(new_module)
  File "<frozen importlib._bootstrap_external>", line 940, in exec_module
  File "<frozen importlib._bootstrap>", line 241, in _call_with_frames_removed
  File "/opt/airflow/dags/recommendation_training_dag.py", line 28, in <module>
    from src.models.train_model import ModelTraining
  File "/opt/airflow/project/src/models/train_model.py", line 7, in <module>
    import mlflow
ModuleNotFoundError: No module named 'mlflow'
[2026-09-01T09:29:36.106+0000] {processor.py:842} WARNING - No viable dags retrieved from /opt/airflow/dags/recommendation_training_dag.py
[2026-09-01T09:29:36.200+0000] {processor.py:183} INFO - Processing /opt/airflow/dags/recommendation_training_dag.py took 3.348 seconds
[2026-09-01T09:30:07.053+0000] {processor.py:161} INFO - Started process (PID=39) to work on /opt/airflow/dags/recommendation_training_dag.py
[2026-09-01T09:30:07.056+0000] {processor.py:830} INFO - Processing file /opt/airflow/dags/recommendation_training_dag.py for tasks to queue
[2026-09-01T09:30:07.060+0000] {logging_mixin.py:188} INFO - [2026-09-01T09:30:07.059+0000] {dagbag.py:545} INFO - Filling up the DagBag from /opt/airflow/dags/recommendation_training_dag.py
[2026-09-01T09:30:08.140+0000] {logging_mixin.py:188} INFO - [2026-09-01T09:30:08.124+0000] {dagbag.py:355} ERROR - Failed to import: /opt/airflow/dags/recommendation_training_dag.py
Traceback (most recent call last):
  File "/home/airflow/.local/lib/python3.11/site-packages/airflow/models/dagbag.py", line 351, in parse
    loader.exec_module(new_module)
  File "<frozen importlib._bootstrap_external>", line 940, in exec_module
  File "<frozen importlib._bootstrap>", line 241, in _call_with_frames_removed
  File "/opt/airflow/dags/recommendation_training_dag.py", line 28, in <module>
    from src.models.train_model import ModelTraining
  File "/opt/airflow/project/src/models/train_model.py", line 7, in <module>
    import mlflow
ModuleNotFoundError: No module named 'mlflow'
[2026-09-01T09:30:08.143+0000] {processor.py:842} WARNING - No viable dags retrieved from /opt/airflow/dags/recommendation_training_dag.py
[2026-09-01T09:30:08.197+0000] {processor.py:183} INFO - Processing /opt/airflow/dags/recommendation_training_dag.py took 1.155 seconds
[2026-09-01T09:30:38.345+0000] {processor.py:161} INFO - Started process (PID=43) to work on /opt/airflow/dags/recommendation_training_dag.py
[2026-09-01T09:30:38.347+0000] {processor.py:830} INFO - Processing file /opt/airflow/dags/recommendation_training_dag.py for tasks to queue
[2026-09-01T09:30:38.351+0000] {logging_mixin.py:188} INFO - [2026-09-01T09:30:38.350+0000] {dagbag.py:545} INFO - Filling up the DagBag from /opt/airflow/dags/recommendation_training_dag.py
[2026-09-01T09:30:39.168+0000] {logging_mixin.py:188} INFO - [2026-09-01T09:30:39.153+0000] {dagbag.py:355} ERROR - Failed to import: /opt/airflow/dags/recommendation_training_dag.py
Traceback (most recent call last):
  File "/home/airflow/.local/lib/python3.11/site-packages/airflow/models/dagbag.py", line 351, in parse
    loader.exec_module(new_module)
  File "<frozen importlib._bootstrap_external>", line 940, in exec_module
  File "<frozen importlib._bootstrap>", line 241, in _call_with_frames_removed
  File "/opt/airflow/dags/recommendation_training_dag.py", line 28, in <module>
    from src.models.train_model import ModelTraining
  File "/opt/airflow/project/src/models/train_model.py", line 7, in <module>
    import mlflow
ModuleNotFoundError: No module named 'mlflow'
[2026-09-01T09:30:39.173+0000] {processor.py:842} WARNING - No viable dags retrieved from /opt/airflow/dags/recommendation_training_dag.py
[2026-09-01T09:30:39.221+0000] {processor.py:183} INFO - Processing /opt/airflow/dags/recommendation_training_dag.py took 0.890 seconds
[2026-09-01T09:31:09.629+0000] {processor.py:161} INFO - Started process (PID=47) to work on /opt/airflow/dags/recommendation_training_dag.py
[2026-09-01T09:31:09.632+0000] {processor.py:830} INFO - Processing file /opt/airflow/dags/recommendation_training_dag.py for tasks to queue
[2026-09-01T09:31:09.642+0000] {logging_mixin.py:188} INFO - [2026-09-01T09:31:09.640+0000] {dagbag.py:545} INFO - Filling up the DagBag from /opt/airflow/dags/recommendation_training_dag.py
[2026-09-01T09:31:11.621+0000] {logging_mixin.py:188} INFO - [2026-09-01T09:31:11.610+0000] {dagbag.py:355} ERROR - Failed to import: /opt/airflow/dags/recommendation_training_dag.py
Traceback (most recent call last):
  File "/home/airflow/.local/lib/python3.11/site-packages/airflow/models/dagbag.py", line 351, in parse
    loader.exec_module(new_module)
  File "<frozen importlib._bootstrap_external>", line 940, in exec_module
  File "<frozen importlib._bootstrap>", line 241, in _call_with_frames_removed
  File "/opt/airflow/dags/recommendation_training_dag.py", line 28, in <module>
    from src.models.train_model import ModelTraining
  File "/opt/airflow/project/src/models/train_model.py", line 7, in <module>
    import mlflow
ModuleNotFoundError: No module named 'mlflow'
[2026-09-01T09:31:11.624+0000] {processor.py:842} WARNING - No viable dags retrieved from /opt/airflow/dags/recommendation_training_dag.py
[2026-09-01T09:31:11.679+0000] {processor.py:183} INFO - Processing /opt/airflow/dags/recommendation_training_dag.py took 2.068 seconds
[2026-09-01T09:31:42.803+0000] {processor.py:161} INFO - Started process (PID=51) to work on /opt/airflow/dags/recommendation_training_dag.py
[2026-09-01T09:31:42.805+0000] {processor.py:830} INFO - Processing file /opt/airflow/dags/recommendation_training_dag.py for tasks to queue
[2026-09-01T09:31:42.812+0000] {logging_mixin.py:188} INFO - [2026-09-01T09:31:42.811+0000] {dagbag.py:545} INFO - Filling up the DagBag from /opt/airflow/dags/recommendation_training_dag.py
[2026-09-01T09:31:43.447+0000] {logging_mixin.py:188} INFO - [2026-09-01T09:31:43.431+0000] {dagbag.py:355} ERROR - Failed to import: /opt/airflow/dags/recommendation_training_dag.py
Traceback (most recent call last):
  File "/home/airflow/.local/lib/python3.11/site-packages/airflow/models/dagbag.py", line 351, in parse
    loader.exec_module(new_module)
  File "<frozen importlib._bootstrap_external>", line 940, in exec_module
  File "<frozen importlib._bootstrap>", line 241, in _call_with_frames_removed
  File "/opt/airflow/dags/recommendation_training_dag.py", line 28, in <module>
    from src.models.train_model import ModelTraining
  File "/opt/airflow/project/src/models/train_model.py", line 7, in <module>
    import mlflow
ModuleNotFoundError: No module named 'mlflow'
[2026-09-01T09:31:43.454+0000] {processor.py:842} WARNING - No viable dags retrieved from /opt/airflow/dags/recommendation_training_dag.py
[2026-09-01T09:31:43.514+0000] {processor.py:183} INFO - Processing /opt/airflow/dags/recommendation_training_dag.py took 0.728 seconds
[2026-09-01T09:32:14.407+0000] {processor.py:161} INFO - Started process (PID=55) to work on /opt/airflow/dags/recommendation_training_dag.py
[2026-09-01T09:32:14.409+0000] {processor.py:830} INFO - Processing file /opt/airflow/dags/recommendation_training_dag.py for tasks to queue
[2026-09-01T09:32:14.413+0000] {logging_mixin.py:188} INFO - [2026-09-01T09:32:14.412+0000] {dagbag.py:545} INFO - Filling up the DagBag from /opt/airflow/dags/recommendation_training_dag.py
[2026-09-01T09:32:15.177+0000] {logging_mixin.py:188} INFO - [2026-09-01T09:32:15.158+0000] {dagbag.py:355} ERROR - Failed to import: /opt/airflow/dags/recommendation_training_dag.py
Traceback (most recent call last):
  File "/home/airflow/.local/lib/python3.11/site-packages/airflow/models/dagbag.py", line 351, in parse
    loader.exec_module(new_module)
  File "<frozen importlib._bootstrap_external>", line 940, in exec_module
  File "<frozen importlib._bootstrap>", line 241, in _call_with_frames_removed
  File "/opt/airflow/dags/recommendation_training_dag.py", line 28, in <module>
    from src.models.train_model import ModelTraining
  File "/opt/airflow/project/src/models/train_model.py", line 7, in <module>
    import mlflow
ModuleNotFoundError: No module named 'mlflow'
[2026-09-01T09:32:15.185+0000] {processor.py:842} WARNING - No viable dags retrieved from /opt/airflow/dags/recommendation_training_dag.py
[2026-09-01T09:32:15.240+0000] {processor.py:183} INFO - Processing /opt/airflow/dags/recommendation_training_dag.py took 0.854 seconds
[2026-09-01T09:32:45.506+0000] {processor.py:161} INFO - Started process (PID=59) to work on /opt/airflow/dags/recommendation_training_dag.py
[2026-09-01T09:32:45.507+0000] {processor.py:830} INFO - Processing file /opt/airflow/dags/recommendation_training_dag.py for tasks to queue
[2026-09-01T09:32:45.510+0000] {logging_mixin.py:188} INFO - [2026-09-01T09:32:45.509+0000] {dagbag.py:545} INFO - Filling up the DagBag from /opt/airflow/dags/recommendation_training_dag.py
[2026-09-01T09:32:46.130+0000] {logging_mixin.py:188} INFO - [2026-09-01T09:32:46.113+0000] {dagbag.py:355} ERROR - Failed to import: /opt/airflow/dags/recommendation_training_dag.py
Traceback (most recent call last):
  File "/home/airflow/.local/lib/python3.11/site-packages/airflow/models/dagbag.py", line 351, in parse
    loader.exec_module(new_module)
  File "<frozen importlib._bootstrap_external>", line 940, in exec_module
  File "<frozen importlib._bootstrap>", line 241, in _call_with_frames_removed
  File "/opt/airflow/dags/recommendation_training_dag.py", line 28, in <module>
    from src.models.train_model import ModelTraining
  File "/opt/airflow/project/src/models/train_model.py", line 7, in <module>
    import mlflow
ModuleNotFoundError: No module named 'mlflow'
[2026-09-01T09:32:46.136+0000] {processor.py:842} WARNING - No viable dags retrieved from /opt/airflow/dags/recommendation_training_dag.py
[2026-09-01T09:32:46.203+0000] {processor.py:183} INFO - Processing /opt/airflow/dags/recommendation_training_dag.py took 0.711 seconds
[2026-09-01T09:33:17.052+0000] {processor.py:161} INFO - Started process (PID=63) to work on /opt/airflow/dags/recommendation_training_dag.py
[2026-09-01T09:33:17.054+0000] {processor.py:830} INFO - Processing file /opt/airflow/dags/recommendation_training_dag.py for tasks to queue
[2026-09-01T09:33:17.057+0000] {logging_mixin.py:188} INFO - [2026-09-01T09:33:17.056+0000] {dagbag.py:545} INFO - Filling up the DagBag from /opt/airflow/dags/recommendation_training_dag.py
[2026-09-01T09:33:17.495+0000] {logging_mixin.py:188} INFO - [2026-09-01T09:33:17.459+0000] {dagbag.py:355} ERROR - Failed to import: /opt/airflow/dags/recommendation_training_dag.py
Traceback (most recent call last):
  File "/home/airflow/.local/lib/python3.11/site-packages/airflow/models/dagbag.py", line 351, in parse
    loader.exec_module(new_module)
  File "<frozen importlib._bootstrap_external>", line 940, in exec_module
  File "<frozen importlib._bootstrap>", line 241, in _call_with_frames_removed
  File "/opt/airflow/dags/recommendation_training_dag.py", line 28, in <module>
    from src.models.train_model import ModelTraining
  File "/opt/airflow/project/src/models/train_model.py", line 7, in <module>
    import mlflow
ModuleNotFoundError: No module named 'mlflow'
[2026-09-01T09:33:17.503+0000] {processor.py:842} WARNING - No viable dags retrieved from /opt/airflow/dags/recommendation_training_dag.py
[2026-09-01T09:33:17.679+0000] {processor.py:183} INFO - Processing /opt/airflow/dags/recommendation_training_dag.py took 1.244 seconds
[2026-09-01T09:33:48.910+0000] {processor.py:161} INFO - Started process (PID=67) to work on /opt/airflow/dags/recommendation_training_dag.py
[2026-09-01T09:33:48.919+0000] {processor.py:830} INFO - Processing file /opt/airflow/dags/recommendation_training_dag.py for tasks to queue
[2026-09-01T09:33:48.921+0000] {logging_mixin.py:188} INFO - [2026-09-01T09:33:48.921+0000] {dagbag.py:545} INFO - Filling up the DagBag from /opt/airflow/dags/recommendation_training_dag.py
[2026-09-01T09:33:50.182+0000] {logging_mixin.py:188} INFO - [2026-09-01T09:33:50.164+0000] {dagbag.py:355} ERROR - Failed to import: /opt/airflow/dags/recommendation_training_dag.py
Traceback (most recent call last):
  File "/home/airflow/.local/lib/python3.11/site-packages/airflow/models/dagbag.py", line 351, in parse
    loader.exec_module(new_module)
  File "<frozen importlib._bootstrap_external>", line 940, in exec_module
  File "<frozen importlib._bootstrap>", line 241, in _call_with_frames_removed
  File "/opt/airflow/dags/recommendation_training_dag.py", line 28, in <module>
    from src.models.train_model import ModelTraining
  File "/opt/airflow/project/src/models/train_model.py", line 7, in <module>
    import mlflow
ModuleNotFoundError: No module named 'mlflow'
[2026-09-01T09:33:50.185+0000] {processor.py:842} WARNING - No viable dags retrieved from /opt/airflow/dags/recommendation_training_dag.py
[2026-09-01T09:33:50.263+0000] {processor.py:183} INFO - Processing /opt/airflow/dags/recommendation_training_dag.py took 1.418 seconds
[2026-09-01T09:34:20.947+0000] {processor.py:161} INFO - Started process (PID=71) to work on /opt/airflow/dags/recommendation_training_dag.py
[2026-09-01T09:34:20.953+0000] {processor.py:830} INFO - Processing file /opt/airflow/dags/recommendation_training_dag.py for tasks to queue
[2026-09-01T09:34:20.959+0000] {logging_mixin.py:188} INFO - [2026-09-01T09:34:20.958+0000] {dagbag.py:545} INFO - Filling up the DagBag from /opt/airflow/dags/recommendation_training_dag.py
[2026-09-01T09:34:21.885+0000] {logging_mixin.py:188} INFO - [2026-09-01T09:34:21.869+0000] {dagbag.py:355} ERROR - Failed to import: /opt/airflow/dags/recommendation_training_dag.py
Traceback (most recent call last):
  File "/home/airflow/.local/lib/python3.11/site-packages/airflow/models/dagbag.py", line 351, in parse
    loader.exec_module(new_module)
  File "<frozen importlib._bootstrap_external>", line 940, in exec_module
  File "<frozen importlib._bootstrap>", line 241, in _call_with_frames_removed
  File "/opt/airflow/dags/recommendation_training_dag.py", line 28, in <module>
    from src.models.train_model import ModelTraining
  File "/opt/airflow/project/src/models/train_model.py", line 7, in <module>
    import mlflow
ModuleNotFoundError: No module named 'mlflow'
[2026-09-01T09:34:21.888+0000] {processor.py:842} WARNING - No viable dags retrieved from /opt/airflow/dags/recommendation_training_dag.py
[2026-09-01T09:34:21.934+0000] {processor.py:183} INFO - Processing /opt/airflow/dags/recommendation_training_dag.py took 1.004 seconds
[2026-09-01T09:34:52.291+0000] {processor.py:161} INFO - Started process (PID=75) to work on /opt/airflow/dags/recommendation_training_dag.py
[2026-09-01T09:34:52.293+0000] {processor.py:830} INFO - Processing file /opt/airflow/dags/recommendation_training_dag.py for tasks to queue
[2026-09-01T09:34:52.296+0000] {logging_mixin.py:188} INFO - [2026-09-01T09:34:52.296+0000] {dagbag.py:545} INFO - Filling up the DagBag from /opt/airflow/dags/recommendation_training_dag.py
[2026-09-01T09:34:52.807+0000] {logging_mixin.py:188} INFO - [2026-09-01T09:34:52.794+0000] {dagbag.py:355} ERROR - Failed to import: /opt/airflow/dags/recommendation_training_dag.py
Traceback (most recent call last):
  File "/home/airflow/.local/lib/python3.11/site-packages/airflow/models/dagbag.py", line 351, in parse
    loader.exec_module(new_module)
  File "<frozen importlib._bootstrap_external>", line 940, in exec_module
  File "<frozen importlib._bootstrap>", line 241, in _call_with_frames_removed
  File "/opt/airflow/dags/recommendation_training_dag.py", line 28, in <module>
    from src.models.train_model import ModelTraining
  File "/opt/airflow/project/src/models/train_model.py", line 7, in <module>
    import mlflow
ModuleNotFoundError: No module named 'mlflow'
[2026-09-01T09:34:52.811+0000] {processor.py:842} WARNING - No viable dags retrieved from /opt/airflow/dags/recommendation_training_dag.py
[2026-09-01T09:34:52.858+0000] {processor.py:183} INFO - Processing /opt/airflow/dags/recommendation_training_dag.py took 0.584 seconds
[2026-09-01T09:35:24.093+0000] {processor.py:161} INFO - Started process (PID=79) to work on /opt/airflow/dags/recommendation_training_dag.py
[2026-09-01T09:35:24.099+0000] {processor.py:830} INFO - Processing file /opt/airflow/dags/recommendation_training_dag.py for tasks to queue
[2026-09-01T09:35:24.103+0000] {logging_mixin.py:188} INFO - [2026-09-01T09:35:24.102+0000] {dagbag.py:545} INFO - Filling up the DagBag from /opt/airflow/dags/recommendation_training_dag.py
[2026-09-01T09:35:24.635+0000] {logging_mixin.py:188} INFO - [2026-09-01T09:35:24.628+0000] {dagbag.py:355} ERROR - Failed to import: /opt/airflow/dags/recommendation_training_dag.py
Traceback (most recent call last):
  File "/home/airflow/.local/lib/python3.11/site-packages/airflow/models/dagbag.py", line 351, in parse
    loader.exec_module(new_module)
  File "<frozen importlib._bootstrap_external>", line 940, in exec_module
  File "<frozen importlib._bootstrap>", line 241, in _call_with_frames_removed
  File "/opt/airflow/dags/recommendation_training_dag.py", line 28, in <module>
    from src.models.train_model import ModelTraining
  File "/opt/airflow/project/src/models/train_model.py", line 7, in <module>
    import mlflow
ModuleNotFoundError: No module named 'mlflow'
[2026-09-01T09:35:24.638+0000] {processor.py:842} WARNING - No viable dags retrieved from /opt/airflow/dags/recommendation_training_dag.py
[2026-09-01T09:35:24.669+0000] {processor.py:183} INFO - Processing /opt/airflow/dags/recommendation_training_dag.py took 0.588 seconds
[2026-09-01T09:35:54.738+0000] {processor.py:161} INFO - Started process (PID=83) to work on /opt/airflow/dags/recommendation_training_dag.py
[2026-09-01T09:35:54.740+0000] {processor.py:830} INFO - Processing file /opt/airflow/dags/recommendation_training_dag.py for tasks to queue
[2026-09-01T09:35:54.742+0000] {logging_mixin.py:188} INFO - [2026-09-01T09:35:54.742+0000] {dagbag.py:545} INFO - Filling up the DagBag from /opt/airflow/dags/recommendation_training_dag.py
[2026-09-01T09:35:55.278+0000] {logging_mixin.py:188} INFO - [2026-09-01T09:35:55.264+0000] {dagbag.py:355} ERROR - Failed to import: /opt/airflow/dags/recommendation_training_dag.py
Traceback (most recent call last):
  File "/home/airflow/.local/lib/python3.11/site-packages/airflow/models/dagbag.py", line 351, in parse
    loader.exec_module(new_module)
  File "<frozen importlib._bootstrap_external>", line 940, in exec_module
  File "<frozen importlib._bootstrap>", line 241, in _call_with_frames_removed
  File "/opt/airflow/dags/recommendation_training_dag.py", line 28, in <module>
    from src.models.train_model import ModelTraining
  File "/opt/airflow/project/src/models/train_model.py", line 7, in <module>
    import mlflow
ModuleNotFoundError: No module named 'mlflow'
[2026-09-01T09:35:55.283+0000] {processor.py:842} WARNING - No viable dags retrieved from /opt/airflow/dags/recommendation_training_dag.py
[2026-09-01T09:35:55.321+0000] {processor.py:183} INFO - Processing /opt/airflow/dags/recommendation_training_dag.py took 0.594 seconds
[2026-09-01T09:36:26.676+0000] {processor.py:161} INFO - Started process (PID=87) to work on /opt/airflow/dags/recommendation_training_dag.py
[2026-09-01T09:36:26.678+0000] {processor.py:830} INFO - Processing file /opt/airflow/dags/recommendation_training_dag.py for tasks to queue
[2026-09-01T09:36:26.680+0000] {logging_mixin.py:188} INFO - [2026-09-01T09:36:26.680+0000] {dagbag.py:545} INFO - Filling up the DagBag from /opt/airflow/dags/recommendation_training_dag.py
[2026-09-01T09:36:27.220+0000] {logging_mixin.py:188} INFO - [2026-09-01T09:36:27.211+0000] {dagbag.py:355} ERROR - Failed to import: /opt/airflow/dags/recommendation_training_dag.py
Traceback (most recent call last):
  File "/home/airflow/.local/lib/python3.11/site-packages/airflow/models/dagbag.py", line 351, in parse
    loader.exec_module(new_module)
  File "<frozen importlib._bootstrap_external>", line 940, in exec_module
  File "<frozen importlib._bootstrap>", line 241, in _call_with_frames_removed
  File "/opt/airflow/dags/recommendation_training_dag.py", line 28, in <module>
    from src.models.train_model import ModelTraining
  File "/opt/airflow/project/src/models/train_model.py", line 7, in <module>
    import mlflow
ModuleNotFoundError: No module named 'mlflow'
[2026-09-01T09:36:27.225+0000] {processor.py:842} WARNING - No viable dags retrieved from /opt/airflow/dags/recommendation_training_dag.py
[2026-09-01T09:36:27.271+0000] {processor.py:183} INFO - Processing /opt/airflow/dags/recommendation_training_dag.py took 0.606 seconds
[2026-09-01T09:36:58.532+0000] {processor.py:161} INFO - Started process (PID=91) to work on /opt/airflow/dags/recommendation_training_dag.py
[2026-09-01T09:36:58.534+0000] {processor.py:830} INFO - Processing file /opt/airflow/dags/recommendation_training_dag.py for tasks to queue
[2026-09-01T09:36:58.538+0000] {logging_mixin.py:188} INFO - [2026-09-01T09:36:58.537+0000] {dagbag.py:545} INFO - Filling up the DagBag from /opt/airflow/dags/recommendation_training_dag.py
[2026-09-01T09:36:59.000+0000] {logging_mixin.py:188} INFO - [2026-09-01T09:36:58.993+0000] {dagbag.py:355} ERROR - Failed to import: /opt/airflow/dags/recommendation_training_dag.py
Traceback (most recent call last):
  File "/home/airflow/.local/lib/python3.11/site-packages/airflow/models/dagbag.py", line 351, in parse
    loader.exec_module(new_module)
  File "<frozen importlib._bootstrap_external>", line 940, in exec_module
  File "<frozen importlib._bootstrap>", line 241, in _call_with_frames_removed
  File "/opt/airflow/dags/recommendation_training_dag.py", line 28, in <module>
    from src.models.train_model import ModelTraining
  File "/opt/airflow/project/src/models/train_model.py", line 7, in <module>
    import mlflow
ModuleNotFoundError: No module named 'mlflow'
[2026-09-01T09:36:59.002+0000] {processor.py:842} WARNING - No viable dags retrieved from /opt/airflow/dags/recommendation_training_dag.py
[2026-09-01T09:36:59.033+0000] {processor.py:183} INFO - Processing /opt/airflow/dags/recommendation_training_dag.py took 0.519 seconds
[2026-09-01T09:37:29.983+0000] {processor.py:161} INFO - Started process (PID=95) to work on /opt/airflow/dags/recommendation_training_dag.py
[2026-09-01T09:37:29.988+0000] {processor.py:830} INFO - Processing file /opt/airflow/dags/recommendation_training_dag.py for tasks to queue
[2026-09-01T09:37:29.994+0000] {logging_mixin.py:188} INFO - [2026-09-01T09:37:29.991+0000] {dagbag.py:545} INFO - Filling up the DagBag from /opt/airflow/dags/recommendation_training_dag.py
[2026-09-01T09:37:30.736+0000] {logging_mixin.py:188} INFO - [2026-09-01T09:37:30.717+0000] {dagbag.py:355} ERROR - Failed to import: /opt/airflow/dags/recommendation_training_dag.py
Traceback (most recent call last):
  File "/home/airflow/.local/lib/python3.11/site-packages/airflow/models/dagbag.py", line 351, in parse
    loader.exec_module(new_module)
  File "<frozen importlib._bootstrap_external>", line 940, in exec_module
  File "<frozen importlib._bootstrap>", line 241, in _call_with_frames_removed
  File "/opt/airflow/dags/recommendation_training_dag.py", line 28, in <module>
    from src.models.train_model import ModelTraining
  File "/opt/airflow/project/src/models/train_model.py", line 7, in <module>
    import mlflow
ModuleNotFoundError: No module named 'mlflow'
[2026-09-01T09:37:30.742+0000] {processor.py:842} WARNING - No viable dags retrieved from /opt/airflow/dags/recommendation_training_dag.py
[2026-09-01T09:37:30.816+0000] {processor.py:183} INFO - Processing /opt/airflow/dags/recommendation_training_dag.py took 0.852 seconds
[2026-09-01T09:38:01.819+0000] {processor.py:161} INFO - Started process (PID=99) to work on /opt/airflow/dags/recommendation_training_dag.py
[2026-09-01T09:38:01.823+0000] {processor.py:830} INFO - Processing file /opt/airflow/dags/recommendation_training_dag.py for tasks to queue
[2026-09-01T09:38:01.827+0000] {logging_mixin.py:188} INFO - [2026-09-01T09:38:01.826+0000] {dagbag.py:545} INFO - Filling up the DagBag from /opt/airflow/dags/recommendation_training_dag.py
[2026-09-01T09:38:02.359+0000] {logging_mixin.py:188} INFO - [2026-09-01T09:38:02.350+0000] {dagbag.py:355} ERROR - Failed to import: /opt/airflow/dags/recommendation_training_dag.py
Traceback (most recent call last):
  File "/home/airflow/.local/lib/python3.11/site-packages/airflow/models/dagbag.py", line 351, in parse
    loader.exec_module(new_module)
  File "<frozen importlib._bootstrap_external>", line 940, in exec_module
  File "<frozen importlib._bootstrap>", line 241, in _call_with_frames_removed
  File "/opt/airflow/dags/recommendation_training_dag.py", line 28, in <module>
    from src.models.train_model import ModelTraining
  File "/opt/airflow/project/src/models/train_model.py", line 7, in <module>
    import mlflow
ModuleNotFoundError: No module named 'mlflow'
[2026-09-01T09:38:02.365+0000] {processor.py:842} WARNING - No viable dags retrieved from /opt/airflow/dags/recommendation_training_dag.py
[2026-09-01T09:38:02.410+0000] {processor.py:183} INFO - Processing /opt/airflow/dags/recommendation_training_dag.py took 0.609 seconds
[2026-09-01T09:38:32.673+0000] {processor.py:161} INFO - Started process (PID=103) to work on /opt/airflow/dags/recommendation_training_dag.py
[2026-09-01T09:38:32.676+0000] {processor.py:830} INFO - Processing file /opt/airflow/dags/recommendation_training_dag.py for tasks to queue
[2026-09-01T09:38:32.679+0000] {logging_mixin.py:188} INFO - [2026-09-01T09:38:32.679+0000] {dagbag.py:545} INFO - Filling up the DagBag from /opt/airflow/dags/recommendation_training_dag.py
[2026-09-01T09:38:33.243+0000] {logging_mixin.py:188} INFO - [2026-09-01T09:38:33.232+0000] {dagbag.py:355} ERROR - Failed to import: /opt/airflow/dags/recommendation_training_dag.py
Traceback (most recent call last):
  File "/home/airflow/.local/lib/python3.11/site-packages/airflow/models/dagbag.py", line 351, in parse
    loader.exec_module(new_module)
  File "<frozen importlib._bootstrap_external>", line 940, in exec_module
  File "<frozen importlib._bootstrap>", line 241, in _call_with_frames_removed
  File "/opt/airflow/dags/recommendation_training_dag.py", line 28, in <module>
    from src.models.train_model import ModelTraining
  File "/opt/airflow/project/src/models/train_model.py", line 7, in <module>
    import mlflow
ModuleNotFoundError: No module named 'mlflow'
[2026-09-01T09:38:33.247+0000] {processor.py:842} WARNING - No viable dags retrieved from /opt/airflow/dags/recommendation_training_dag.py
[2026-09-01T09:38:33.290+0000] {processor.py:183} INFO - Processing /opt/airflow/dags/recommendation_training_dag.py took 0.633 seconds
[2026-09-01T09:39:03.567+0000] {processor.py:161} INFO - Started process (PID=107) to work on /opt/airflow/dags/recommendation_training_dag.py
[2026-09-01T09:39:03.568+0000] {processor.py:830} INFO - Processing file /opt/airflow/dags/recommendation_training_dag.py for tasks to queue
[2026-09-01T09:39:03.571+0000] {logging_mixin.py:188} INFO - [2026-09-01T09:39:03.570+0000] {dagbag.py:545} INFO - Filling up the DagBag from /opt/airflow/dags/recommendation_training_dag.py
[2026-09-01T09:39:03.971+0000] {logging_mixin.py:188} INFO - [2026-09-01T09:39:03.961+0000] {dagbag.py:355} ERROR - Failed to import: /opt/airflow/dags/recommendation_training_dag.py
Traceback (most recent call last):
  File "/home/airflow/.local/lib/python3.11/site-packages/airflow/models/dagbag.py", line 351, in parse
    loader.exec_module(new_module)
  File "<frozen importlib._bootstrap_external>", line 940, in exec_module
  File "<frozen importlib._bootstrap>", line 241, in _call_with_frames_removed
  File "/opt/airflow/dags/recommendation_training_dag.py", line 28, in <module>
    from src.models.train_model import ModelTraining
  File "/opt/airflow/project/src/models/train_model.py", line 7, in <module>
    import mlflow
ModuleNotFoundError: No module named 'mlflow'
[2026-09-01T09:39:03.974+0000] {processor.py:842} WARNING - No viable dags retrieved from /opt/airflow/dags/recommendation_training_dag.py
[2026-09-01T09:39:04.049+0000] {processor.py:183} INFO - Processing /opt/airflow/dags/recommendation_training_dag.py took 0.491 seconds
[2026-09-01T09:39:34.940+0000] {processor.py:161} INFO - Started process (PID=111) to work on /opt/airflow/dags/recommendation_training_dag.py
[2026-09-01T09:39:34.942+0000] {processor.py:830} INFO - Processing file /opt/airflow/dags/recommendation_training_dag.py for tasks to queue
[2026-09-01T09:39:34.945+0000] {logging_mixin.py:188} INFO - [2026-09-01T09:39:34.945+0000] {dagbag.py:545} INFO - Filling up the DagBag from /opt/airflow/dags/recommendation_training_dag.py
[2026-09-01T09:39:35.362+0000] {logging_mixin.py:188} INFO - [2026-09-01T09:39:35.356+0000] {dagbag.py:355} ERROR - Failed to import: /opt/airflow/dags/recommendation_training_dag.py
Traceback (most recent call last):
  File "/home/airflow/.local/lib/python3.11/site-packages/airflow/models/dagbag.py", line 351, in parse
    loader.exec_module(new_module)
  File "<frozen importlib._bootstrap_external>", line 940, in exec_module
  File "<frozen importlib._bootstrap>", line 241, in _call_with_frames_removed
  File "/opt/airflow/dags/recommendation_training_dag.py", line 28, in <module>
    from src.models.train_model import ModelTraining
  File "/opt/airflow/project/src/models/train_model.py", line 7, in <module>
    import mlflow
ModuleNotFoundError: No module named 'mlflow'
[2026-09-01T09:39:35.364+0000] {processor.py:842} WARNING - No viable dags retrieved from /opt/airflow/dags/recommendation_training_dag.py
[2026-09-01T09:39:35.398+0000] {processor.py:183} INFO - Processing /opt/airflow/dags/recommendation_training_dag.py took 0.472 seconds
[2026-09-01T09:40:06.223+0000] {processor.py:161} INFO - Started process (PID=115) to work on /opt/airflow/dags/recommendation_training_dag.py
[2026-09-01T09:40:06.225+0000] {processor.py:830} INFO - Processing file /opt/airflow/dags/recommendation_training_dag.py for tasks to queue
[2026-09-01T09:40:06.227+0000] {logging_mixin.py:188} INFO - [2026-09-01T09:40:06.227+0000] {dagbag.py:545} INFO - Filling up the DagBag from /opt/airflow/dags/recommendation_training_dag.py
[2026-09-01T09:40:06.572+0000] {logging_mixin.py:188} INFO - [2026-09-01T09:40:06.567+0000] {dagbag.py:355} ERROR - Failed to import: /opt/airflow/dags/recommendation_training_dag.py
Traceback (most recent call last):
  File "/home/airflow/.local/lib/python3.11/site-packages/airflow/models/dagbag.py", line 351, in parse
    loader.exec_module(new_module)
  File "<frozen importlib._bootstrap_external>", line 940, in exec_module
  File "<frozen importlib._bootstrap>", line 241, in _call_with_frames_removed
  File "/opt/airflow/dags/recommendation_training_dag.py", line 28, in <module>
    from src.models.train_model import ModelTraining
  File "/opt/airflow/project/src/models/train_model.py", line 7, in <module>
    import mlflow
ModuleNotFoundError: No module named 'mlflow'
[2026-09-01T09:40:06.574+0000] {processor.py:842} WARNING - No viable dags retrieved from /opt/airflow/dags/recommendation_training_dag.py
[2026-09-01T09:40:06.600+0000] {processor.py:183} INFO - Processing /opt/airflow/dags/recommendation_training_dag.py took 0.384 seconds
[2026-09-01T09:40:36.886+0000] {processor.py:161} INFO - Started process (PID=119) to work on /opt/airflow/dags/recommendation_training_dag.py
[2026-09-01T09:40:36.889+0000] {processor.py:830} INFO - Processing file /opt/airflow/dags/recommendation_training_dag.py for tasks to queue
[2026-09-01T09:40:36.893+0000] {logging_mixin.py:188} INFO - [2026-09-01T09:40:36.892+0000] {dagbag.py:545} INFO - Filling up the DagBag from /opt/airflow/dags/recommendation_training_dag.py
[2026-09-01T09:40:37.445+0000] {logging_mixin.py:188} INFO - [2026-09-01T09:40:37.434+0000] {dagbag.py:355} ERROR - Failed to import: /opt/airflow/dags/recommendation_training_dag.py
Traceback (most recent call last):
  File "/home/airflow/.local/lib/python3.11/site-packages/airflow/models/dagbag.py", line 351, in parse
    loader.exec_module(new_module)
  File "<frozen importlib._bootstrap_external>", line 940, in exec_module
  File "<frozen importlib._bootstrap>", line 241, in _call_with_frames_removed
  File "/opt/airflow/dags/recommendation_training_dag.py", line 28, in <module>
    from src.models.train_model import ModelTraining
  File "/opt/airflow/project/src/models/train_model.py", line 7, in <module>
    import mlflow
ModuleNotFoundError: No module named 'mlflow'
[2026-09-01T09:40:37.452+0000] {processor.py:842} WARNING - No viable dags retrieved from /opt/airflow/dags/recommendation_training_dag.py
[2026-09-01T09:40:37.511+0000] {processor.py:183} INFO - Processing /opt/airflow/dags/recommendation_training_dag.py took 0.640 seconds
[2026-09-01T09:41:08.178+0000] {processor.py:161} INFO - Started process (PID=123) to work on /opt/airflow/dags/recommendation_training_dag.py
[2026-09-01T09:41:08.189+0000] {processor.py:830} INFO - Processing file /opt/airflow/dags/recommendation_training_dag.py for tasks to queue
[2026-09-01T09:41:08.202+0000] {logging_mixin.py:188} INFO - [2026-09-01T09:41:08.200+0000] {dagbag.py:545} INFO - Filling up the DagBag from /opt/airflow/dags/recommendation_training_dag.py
[2026-09-01T09:41:09.468+0000] {logging_mixin.py:188} INFO - [2026-09-01T09:41:09.439+0000] {dagbag.py:355} ERROR - Failed to import: /opt/airflow/dags/recommendation_training_dag.py
Traceback (most recent call last):
  File "/home/airflow/.local/lib/python3.11/site-packages/airflow/models/dagbag.py", line 351, in parse
    loader.exec_module(new_module)
  File "<frozen importlib._bootstrap_external>", line 940, in exec_module
  File "<frozen importlib._bootstrap>", line 241, in _call_with_frames_removed
  File "/opt/airflow/dags/recommendation_training_dag.py", line 28, in <module>
    from src.models.train_model import ModelTraining
  File "/opt/airflow/project/src/models/train_model.py", line 7, in <module>
    import mlflow
ModuleNotFoundError: No module named 'mlflow'
[2026-09-01T09:41:09.477+0000] {processor.py:842} WARNING - No viable dags retrieved from /opt/airflow/dags/recommendation_training_dag.py
[2026-09-01T09:41:09.606+0000] {processor.py:183} INFO - Processing /opt/airflow/dags/recommendation_training_dag.py took 1.498 seconds
[2026-09-01T09:41:40.207+0000] {processor.py:161} INFO - Started process (PID=127) to work on /opt/airflow/dags/recommendation_training_dag.py
[2026-09-01T09:41:40.209+0000] {processor.py:830} INFO - Processing file /opt/airflow/dags/recommendation_training_dag.py for tasks to queue
[2026-09-01T09:41:40.213+0000] {logging_mixin.py:188} INFO - [2026-09-01T09:41:40.212+0000] {dagbag.py:545} INFO - Filling up the DagBag from /opt/airflow/dags/recommendation_training_dag.py
[2026-09-01T09:41:41.262+0000] {logging_mixin.py:188} INFO - [2026-09-01T09:41:41.240+0000] {dagbag.py:355} ERROR - Failed to import: /opt/airflow/dags/recommendation_training_dag.py
Traceback (most recent call last):
  File "/home/airflow/.local/lib/python3.11/site-packages/airflow/models/dagbag.py", line 351, in parse
    loader.exec_module(new_module)
  File "<frozen importlib._bootstrap_external>", line 940, in exec_module
  File "<frozen importlib._bootstrap>", line 241, in _call_with_frames_removed
  File "/opt/airflow/dags/recommendation_training_dag.py", line 28, in <module>
    from src.models.train_model import ModelTraining
  File "/opt/airflow/project/src/models/train_model.py", line 7, in <module>
    import mlflow
ModuleNotFoundError: No module named 'mlflow'
[2026-09-01T09:41:41.267+0000] {processor.py:842} WARNING - No viable dags retrieved from /opt/airflow/dags/recommendation_training_dag.py
[2026-09-01T09:41:41.362+0000] {processor.py:183} INFO - Processing /opt/airflow/dags/recommendation_training_dag.py took 1.173 seconds
[2026-09-01T09:42:11.979+0000] {processor.py:161} INFO - Started process (PID=131) to work on /opt/airflow/dags/recommendation_training_dag.py
[2026-09-01T09:42:11.981+0000] {processor.py:830} INFO - Processing file /opt/airflow/dags/recommendation_training_dag.py for tasks to queue
[2026-09-01T09:42:11.984+0000] {logging_mixin.py:188} INFO - [2026-09-01T09:42:11.983+0000] {dagbag.py:545} INFO - Filling up the DagBag from /opt/airflow/dags/recommendation_training_dag.py
[2026-09-01T09:42:12.562+0000] {logging_mixin.py:188} INFO - [2026-09-01T09:42:12.547+0000] {dagbag.py:355} ERROR - Failed to import: /opt/airflow/dags/recommendation_training_dag.py
Traceback (most recent call last):
  File "/home/airflow/.local/lib/python3.11/site-packages/airflow/models/dagbag.py", line 351, in parse
    loader.exec_module(new_module)
  File "<frozen importlib._bootstrap_external>", line 940, in exec_module
  File "<frozen importlib._bootstrap>", line 241, in _call_with_frames_removed
  File "/opt/airflow/dags/recommendation_training_dag.py", line 28, in <module>
    from src.models.train_model import ModelTraining
  File "/opt/airflow/project/src/models/train_model.py", line 7, in <module>
    import mlflow
ModuleNotFoundError: No module named 'mlflow'
[2026-09-01T09:42:12.565+0000] {processor.py:842} WARNING - No viable dags retrieved from /opt/airflow/dags/recommendation_training_dag.py
[2026-09-01T09:42:12.620+0000] {processor.py:183} INFO - Processing /opt/airflow/dags/recommendation_training_dag.py took 0.656 seconds
[2026-09-01T09:42:43.005+0000] {processor.py:161} INFO - Started process (PID=135) to work on /opt/airflow/dags/recommendation_training_dag.py
[2026-09-01T09:42:43.007+0000] {processor.py:830} INFO - Processing file /opt/airflow/dags/recommendation_training_dag.py for tasks to queue
[2026-09-01T09:42:43.009+0000] {logging_mixin.py:188} INFO - [2026-09-01T09:42:43.008+0000] {dagbag.py:545} INFO - Filling up the DagBag from /opt/airflow/dags/recommendation_training_dag.py
[2026-09-01T09:42:43.607+0000] {logging_mixin.py:188} INFO - [2026-09-01T09:42:43.570+0000] {dagbag.py:355} ERROR - Failed to import: /opt/airflow/dags/recommendation_training_dag.py
Traceback (most recent call last):
  File "/home/airflow/.local/lib/python3.11/site-packages/airflow/models/dagbag.py", line 351, in parse
    loader.exec_module(new_module)
  File "<frozen importlib._bootstrap_external>", line 940, in exec_module
  File "<frozen importlib._bootstrap>", line 241, in _call_with_frames_removed
  File "/opt/airflow/dags/recommendation_training_dag.py", line 28, in <module>
    from src.models.train_model import ModelTraining
  File "/opt/airflow/project/src/models/train_model.py", line 7, in <module>
    import mlflow
ModuleNotFoundError: No module named 'mlflow'
[2026-09-01T09:42:43.616+0000] {processor.py:842} WARNING - No viable dags retrieved from /opt/airflow/dags/recommendation_training_dag.py
[2026-09-01T09:42:43.741+0000] {processor.py:183} INFO - Processing /opt/airflow/dags/recommendation_training_dag.py took 0.746 seconds
[2026-09-01T09:43:14.199+0000] {processor.py:161} INFO - Started process (PID=139) to work on /opt/airflow/dags/recommendation_training_dag.py
[2026-09-01T09:43:14.201+0000] {processor.py:830} INFO - Processing file /opt/airflow/dags/recommendation_training_dag.py for tasks to queue
[2026-09-01T09:43:14.204+0000] {logging_mixin.py:188} INFO - [2026-09-01T09:43:14.203+0000] {dagbag.py:545} INFO - Filling up the DagBag from /opt/airflow/dags/recommendation_training_dag.py
[2026-09-01T09:43:14.800+0000] {logging_mixin.py:188} INFO - [2026-09-01T09:43:14.783+0000] {dagbag.py:355} ERROR - Failed to import: /opt/airflow/dags/recommendation_training_dag.py
Traceback (most recent call last):
  File "/home/airflow/.local/lib/python3.11/site-packages/airflow/models/dagbag.py", line 351, in parse
    loader.exec_module(new_module)
  File "<frozen importlib._bootstrap_external>", line 940, in exec_module
  File "<frozen importlib._bootstrap>", line 241, in _call_with_frames_removed
  File "/opt/airflow/dags/recommendation_training_dag.py", line 28, in <module>
    from src.models.train_model import ModelTraining
  File "/opt/airflow/project/src/models/train_model.py", line 7, in <module>
    import mlflow
ModuleNotFoundError: No module named 'mlflow'
[2026-09-01T09:43:14.806+0000] {processor.py:842} WARNING - No viable dags retrieved from /opt/airflow/dags/recommendation_training_dag.py
[2026-09-01T09:43:14.868+0000] {processor.py:183} INFO - Processing /opt/airflow/dags/recommendation_training_dag.py took 0.683 seconds
[2026-09-01T09:43:46.019+0000] {processor.py:161} INFO - Started process (PID=143) to work on /opt/airflow/dags/recommendation_training_dag.py
[2026-09-01T09:43:46.020+0000] {processor.py:830} INFO - Processing file /opt/airflow/dags/recommendation_training_dag.py for tasks to queue
[2026-09-01T09:43:46.023+0000] {logging_mixin.py:188} INFO - [2026-09-01T09:43:46.022+0000] {dagbag.py:545} INFO - Filling up the DagBag from /opt/airflow/dags/recommendation_training_dag.py
[2026-09-01T09:43:46.498+0000] {logging_mixin.py:188} INFO - [2026-09-01T09:43:46.484+0000] {dagbag.py:355} ERROR - Failed to import: /opt/airflow/dags/recommendation_training_dag.py
Traceback (most recent call last):
  File "/home/airflow/.local/lib/python3.11/site-packages/airflow/models/dagbag.py", line 351, in parse
    loader.exec_module(new_module)
  File "<frozen importlib._bootstrap_external>", line 940, in exec_module
  File "<frozen importlib._bootstrap>", line 241, in _call_with_frames_removed
  File "/opt/airflow/dags/recommendation_training_dag.py", line 28, in <module>
    from src.models.train_model import ModelTraining
  File "/opt/airflow/project/src/models/train_model.py", line 7, in <module>
    import mlflow
ModuleNotFoundError: No module named 'mlflow'
[2026-09-01T09:43:46.502+0000] {processor.py:842} WARNING - No viable dags retrieved from /opt/airflow/dags/recommendation_training_dag.py
[2026-09-01T09:43:46.550+0000] {processor.py:183} INFO - Processing /opt/airflow/dags/recommendation_training_dag.py took 0.540 seconds
[2026-09-01T09:44:17.362+0000] {processor.py:161} INFO - Started process (PID=147) to work on /opt/airflow/dags/recommendation_training_dag.py
[2026-09-01T09:44:17.364+0000] {processor.py:830} INFO - Processing file /opt/airflow/dags/recommendation_training_dag.py for tasks to queue
[2026-09-01T09:44:17.368+0000] {logging_mixin.py:188} INFO - [2026-09-01T09:44:17.367+0000] {dagbag.py:545} INFO - Filling up the DagBag from /opt/airflow/dags/recommendation_training_dag.py
[2026-09-01T09:44:18.035+0000] {logging_mixin.py:188} INFO - [2026-09-01T09:44:18.020+0000] {dagbag.py:355} ERROR - Failed to import: /opt/airflow/dags/recommendation_training_dag.py
Traceback (most recent call last):
  File "/home/airflow/.local/lib/python3.11/site-packages/airflow/models/dagbag.py", line 351, in parse
    loader.exec_module(new_module)
  File "<frozen importlib._bootstrap_external>", line 940, in exec_module
  File "<frozen importlib._bootstrap>", line 241, in _call_with_frames_removed
  File "/opt/airflow/dags/recommendation_training_dag.py", line 28, in <module>
    from src.models.train_model import ModelTraining
  File "/opt/airflow/project/src/models/train_model.py", line 7, in <module>
    import mlflow
ModuleNotFoundError: No module named 'mlflow'
[2026-09-01T09:44:18.041+0000] {processor.py:842} WARNING - No viable dags retrieved from /opt/airflow/dags/recommendation_training_dag.py
[2026-09-01T09:44:18.116+0000] {processor.py:183} INFO - Processing /opt/airflow/dags/recommendation_training_dag.py took 0.771 seconds
[2026-09-01T09:44:49.194+0000] {processor.py:161} INFO - Started process (PID=151) to work on /opt/airflow/dags/recommendation_training_dag.py
[2026-09-01T09:44:49.196+0000] {processor.py:830} INFO - Processing file /opt/airflow/dags/recommendation_training_dag.py for tasks to queue
[2026-09-01T09:44:49.198+0000] {logging_mixin.py:188} INFO - [2026-09-01T09:44:49.198+0000] {dagbag.py:545} INFO - Filling up the DagBag from /opt/airflow/dags/recommendation_training_dag.py
[2026-09-01T09:44:49.582+0000] {logging_mixin.py:188} INFO - [2026-09-01T09:44:49.576+0000] {dagbag.py:355} ERROR - Failed to import: /opt/airflow/dags/recommendation_training_dag.py
Traceback (most recent call last):
  File "/home/airflow/.local/lib/python3.11/site-packages/airflow/models/dagbag.py", line 351, in parse
    loader.exec_module(new_module)
  File "<frozen importlib._bootstrap_external>", line 940, in exec_module
  File "<frozen importlib._bootstrap>", line 241, in _call_with_frames_removed
  File "/opt/airflow/dags/recommendation_training_dag.py", line 28, in <module>
    from src.models.train_model import ModelTraining
  File "/opt/airflow/project/src/models/train_model.py", line 7, in <module>
    import mlflow
ModuleNotFoundError: No module named 'mlflow'
[2026-09-01T09:44:49.584+0000] {processor.py:842} WARNING - No viable dags retrieved from /opt/airflow/dags/recommendation_training_dag.py
[2026-09-01T09:44:49.623+0000] {processor.py:183} INFO - Processing /opt/airflow/dags/recommendation_training_dag.py took 0.442 seconds
[2026-09-01T09:45:20.567+0000] {processor.py:161} INFO - Started process (PID=155) to work on /opt/airflow/dags/recommendation_training_dag.py
[2026-09-01T09:45:20.570+0000] {processor.py:830} INFO - Processing file /opt/airflow/dags/recommendation_training_dag.py for tasks to queue
[2026-09-01T09:45:20.574+0000] {logging_mixin.py:188} INFO - [2026-09-01T09:45:20.574+0000] {dagbag.py:545} INFO - Filling up the DagBag from /opt/airflow/dags/recommendation_training_dag.py
[2026-09-01T09:45:21.173+0000] {logging_mixin.py:188} INFO - [2026-09-01T09:45:21.137+0000] {dagbag.py:355} ERROR - Failed to import: /opt/airflow/dags/recommendation_training_dag.py
Traceback (most recent call last):
  File "/home/airflow/.local/lib/python3.11/site-packages/airflow/models/dagbag.py", line 351, in parse
    loader.exec_module(new_module)
  File "<frozen importlib._bootstrap_external>", line 940, in exec_module
  File "<frozen importlib._bootstrap>", line 241, in _call_with_frames_removed
  File "/opt/airflow/dags/recommendation_training_dag.py", line 28, in <module>
    from src.models.train_model import ModelTraining
  File "/opt/airflow/project/src/models/train_model.py", line 7, in <module>
    import mlflow
ModuleNotFoundError: No module named 'mlflow'
[2026-09-01T09:45:21.182+0000] {processor.py:842} WARNING - No viable dags retrieved from /opt/airflow/dags/recommendation_training_dag.py
[2026-09-01T09:45:21.340+0000] {processor.py:183} INFO - Processing /opt/airflow/dags/recommendation_training_dag.py took 0.789 seconds
[2026-09-01T09:45:51.779+0000] {processor.py:161} INFO - Started process (PID=159) to work on /opt/airflow/dags/recommendation_training_dag.py
[2026-09-01T09:45:51.781+0000] {processor.py:830} INFO - Processing file /opt/airflow/dags/recommendation_training_dag.py for tasks to queue
[2026-09-01T09:45:51.785+0000] {logging_mixin.py:188} INFO - [2026-09-01T09:45:51.784+0000] {dagbag.py:545} INFO - Filling up the DagBag from /opt/airflow/dags/recommendation_training_dag.py
[2026-09-01T09:45:52.387+0000] {logging_mixin.py:188} INFO - [2026-09-01T09:45:52.375+0000] {dagbag.py:355} ERROR - Failed to import: /opt/airflow/dags/recommendation_training_dag.py
Traceback (most recent call last):
  File "/home/airflow/.local/lib/python3.11/site-packages/airflow/models/dagbag.py", line 351, in parse
    loader.exec_module(new_module)
  File "<frozen importlib._bootstrap_external>", line 940, in exec_module
  File "<frozen importlib._bootstrap>", line 241, in _call_with_frames_removed
  File "/opt/airflow/dags/recommendation_training_dag.py", line 28, in <module>
    from src.models.train_model import ModelTraining
  File "/opt/airflow/project/src/models/train_model.py", line 7, in <module>
    import mlflow
ModuleNotFoundError: No module named 'mlflow'
[2026-09-01T09:45:52.391+0000] {processor.py:842} WARNING - No viable dags retrieved from /opt/airflow/dags/recommendation_training_dag.py
[2026-09-01T09:45:52.442+0000] {processor.py:183} INFO - Processing /opt/airflow/dags/recommendation_training_dag.py took 0.680 seconds
[2026-09-01T09:46:22.562+0000] {processor.py:161} INFO - Started process (PID=163) to work on /opt/airflow/dags/recommendation_training_dag.py
[2026-09-01T09:46:22.565+0000] {processor.py:830} INFO - Processing file /opt/airflow/dags/recommendation_training_dag.py for tasks to queue
[2026-09-01T09:46:22.569+0000] {logging_mixin.py:188} INFO - [2026-09-01T09:46:22.568+0000] {dagbag.py:545} INFO - Filling up the DagBag from /opt/airflow/dags/recommendation_training_dag.py
[2026-09-01T09:46:23.056+0000] {logging_mixin.py:188} INFO - [2026-09-01T09:46:23.046+0000] {dagbag.py:355} ERROR - Failed to import: /opt/airflow/dags/recommendation_training_dag.py
Traceback (most recent call last):
  File "/home/airflow/.local/lib/python3.11/site-packages/airflow/models/dagbag.py", line 351, in parse
    loader.exec_module(new_module)
  File "<frozen importlib._bootstrap_external>", line 940, in exec_module
  File "<frozen importlib._bootstrap>", line 241, in _call_with_frames_removed
  File "/opt/airflow/dags/recommendation_training_dag.py", line 28, in <module>
    from src.models.train_model import ModelTraining
  File "/opt/airflow/project/src/models/train_model.py", line 7, in <module>
    import mlflow
ModuleNotFoundError: No module named 'mlflow'
[2026-09-01T09:46:23.060+0000] {processor.py:842} WARNING - No viable dags retrieved from /opt/airflow/dags/recommendation_training_dag.py
[2026-09-01T09:46:23.115+0000] {processor.py:183} INFO - Processing /opt/airflow/dags/recommendation_training_dag.py took 0.569 seconds
[2026-09-01T09:46:53.227+0000] {processor.py:161} INFO - Started process (PID=167) to work on /opt/airflow/dags/recommendation_training_dag.py
[2026-09-01T09:46:53.229+0000] {processor.py:830} INFO - Processing file /opt/airflow/dags/recommendation_training_dag.py for tasks to queue
[2026-09-01T09:46:53.231+0000] {logging_mixin.py:188} INFO - [2026-09-01T09:46:53.230+0000] {dagbag.py:545} INFO - Filling up the DagBag from /opt/airflow/dags/recommendation_training_dag.py
[2026-09-01T09:46:53.642+0000] {logging_mixin.py:188} INFO - [2026-09-01T09:46:53.633+0000] {dagbag.py:355} ERROR - Failed to import: /opt/airflow/dags/recommendation_training_dag.py
Traceback (most recent call last):
  File "/home/airflow/.local/lib/python3.11/site-packages/airflow/models/dagbag.py", line 351, in parse
    loader.exec_module(new_module)
  File "<frozen importlib._bootstrap_external>", line 940, in exec_module
  File "<frozen importlib._bootstrap>", line 241, in _call_with_frames_removed
  File "/opt/airflow/dags/recommendation_training_dag.py", line 28, in <module>
    from src.models.train_model import ModelTraining
  File "/opt/airflow/project/src/models/train_model.py", line 7, in <module>
    import mlflow
ModuleNotFoundError: No module named 'mlflow'
[2026-09-01T09:46:53.643+0000] {processor.py:842} WARNING - No viable dags retrieved from /opt/airflow/dags/recommendation_training_dag.py
[2026-09-01T09:46:53.696+0000] {processor.py:183} INFO - Processing /opt/airflow/dags/recommendation_training_dag.py took 0.478 seconds
[2026-09-01T09:47:23.851+0000] {processor.py:161} INFO - Started process (PID=171) to work on /opt/airflow/dags/recommendation_training_dag.py
[2026-09-01T09:47:23.854+0000] {processor.py:830} INFO - Processing file /opt/airflow/dags/recommendation_training_dag.py for tasks to queue
[2026-09-01T09:47:23.858+0000] {logging_mixin.py:188} INFO - [2026-09-01T09:47:23.857+0000] {dagbag.py:545} INFO - Filling up the DagBag from /opt/airflow/dags/recommendation_training_dag.py
[2026-09-01T09:47:24.507+0000] {logging_mixin.py:188} INFO - [2026-09-01T09:47:24.495+0000] {dagbag.py:355} ERROR - Failed to import: /opt/airflow/dags/recommendation_training_dag.py
Traceback (most recent call last):
  File "/home/airflow/.local/lib/python3.11/site-packages/airflow/models/dagbag.py", line 351, in parse
    loader.exec_module(new_module)
  File "<frozen importlib._bootstrap_external>", line 940, in exec_module
  File "<frozen importlib._bootstrap>", line 241, in _call_with_frames_removed
  File "/opt/airflow/dags/recommendation_training_dag.py", line 28, in <module>
    from src.models.train_model import ModelTraining
  File "/opt/airflow/project/src/models/train_model.py", line 7, in <module>
    import mlflow
ModuleNotFoundError: No module named 'mlflow'
[2026-09-01T09:47:24.514+0000] {processor.py:842} WARNING - No viable dags retrieved from /opt/airflow/dags/recommendation_training_dag.py
[2026-09-01T09:47:24.613+0000] {processor.py:183} INFO - Processing /opt/airflow/dags/recommendation_training_dag.py took 0.774 seconds
[2026-09-01T09:47:55.099+0000] {processor.py:161} INFO - Started process (PID=175) to work on /opt/airflow/dags/recommendation_training_dag.py
[2026-09-01T09:47:55.100+0000] {processor.py:830} INFO - Processing file /opt/airflow/dags/recommendation_training_dag.py for tasks to queue
[2026-09-01T09:47:55.103+0000] {logging_mixin.py:188} INFO - [2026-09-01T09:47:55.102+0000] {dagbag.py:545} INFO - Filling up the DagBag from /opt/airflow/dags/recommendation_training_dag.py
[2026-09-01T09:47:55.827+0000] {logging_mixin.py:188} INFO - [2026-09-01T09:47:55.811+0000] {dagbag.py:355} ERROR - Failed to import: /opt/airflow/dags/recommendation_training_dag.py
Traceback (most recent call last):
  File "/home/airflow/.local/lib/python3.11/site-packages/airflow/models/dagbag.py", line 351, in parse
    loader.exec_module(new_module)
  File "<frozen importlib._bootstrap_external>", line 940, in exec_module
  File "<frozen importlib._bootstrap>", line 241, in _call_with_frames_removed
  File "/opt/airflow/dags/recommendation_training_dag.py", line 28, in <module>
    from src.models.train_model import ModelTraining
  File "/opt/airflow/project/src/models/train_model.py", line 7, in <module>
    import mlflow
ModuleNotFoundError: No module named 'mlflow'
[2026-09-01T09:47:55.833+0000] {processor.py:842} WARNING - No viable dags retrieved from /opt/airflow/dags/recommendation_training_dag.py
[2026-09-01T09:47:55.909+0000] {processor.py:183} INFO - Processing /opt/airflow/dags/recommendation_training_dag.py took 0.817 seconds
[2026-09-01T09:48:26.164+0000] {processor.py:161} INFO - Started process (PID=179) to work on /opt/airflow/dags/recommendation_training_dag.py
[2026-09-01T09:48:26.166+0000] {processor.py:830} INFO - Processing file /opt/airflow/dags/recommendation_training_dag.py for tasks to queue
[2026-09-01T09:48:26.177+0000] {logging_mixin.py:188} INFO - [2026-09-01T09:48:26.176+0000] {dagbag.py:545} INFO - Filling up the DagBag from /opt/airflow/dags/recommendation_training_dag.py
[2026-09-01T09:48:26.850+0000] {logging_mixin.py:188} INFO - [2026-09-01T09:48:26.837+0000] {dagbag.py:355} ERROR - Failed to import: /opt/airflow/dags/recommendation_training_dag.py
Traceback (most recent call last):
  File "/home/airflow/.local/lib/python3.11/site-packages/airflow/models/dagbag.py", line 351, in parse
    loader.exec_module(new_module)
  File "<frozen importlib._bootstrap_external>", line 940, in exec_module
  File "<frozen importlib._bootstrap>", line 241, in _call_with_frames_removed
  File "/opt/airflow/dags/recommendation_training_dag.py", line 28, in <module>
    from src.models.train_model import ModelTraining
  File "/opt/airflow/project/src/models/train_model.py", line 7, in <module>
    import mlflow
ModuleNotFoundError: No module named 'mlflow'
[2026-09-01T09:48:26.856+0000] {processor.py:842} WARNING - No viable dags retrieved from /opt/airflow/dags/recommendation_training_dag.py
[2026-09-01T09:48:26.926+0000] {processor.py:183} INFO - Processing /opt/airflow/dags/recommendation_training_dag.py took 0.789 seconds
[2026-09-01T09:48:57.734+0000] {processor.py:161} INFO - Started process (PID=183) to work on /opt/airflow/dags/recommendation_training_dag.py
[2026-09-01T09:48:57.736+0000] {processor.py:830} INFO - Processing file /opt/airflow/dags/recommendation_training_dag.py for tasks to queue
[2026-09-01T09:48:57.740+0000] {logging_mixin.py:188} INFO - [2026-09-01T09:48:57.739+0000] {dagbag.py:545} INFO - Filling up the DagBag from /opt/airflow/dags/recommendation_training_dag.py
[2026-09-01T09:48:58.186+0000] {logging_mixin.py:188} INFO - [2026-09-01T09:48:58.178+0000] {dagbag.py:355} ERROR - Failed to import: /opt/airflow/dags/recommendation_training_dag.py
Traceback (most recent call last):
  File "/home/airflow/.local/lib/python3.11/site-packages/airflow/models/dagbag.py", line 351, in parse
    loader.exec_module(new_module)
  File "<frozen importlib._bootstrap_external>", line 940, in exec_module
  File "<frozen importlib._bootstrap>", line 241, in _call_with_frames_removed
  File "/opt/airflow/dags/recommendation_training_dag.py", line 28, in <module>
    from src.models.train_model import ModelTraining
  File "/opt/airflow/project/src/models/train_model.py", line 7, in <module>
    import mlflow
ModuleNotFoundError: No module named 'mlflow'
[2026-09-01T09:48:58.188+0000] {processor.py:842} WARNING - No viable dags retrieved from /opt/airflow/dags/recommendation_training_dag.py
[2026-09-01T09:48:58.229+0000] {processor.py:183} INFO - Processing /opt/airflow/dags/recommendation_training_dag.py took 0.510 seconds
[2026-09-01T09:49:28.684+0000] {processor.py:161} INFO - Started process (PID=187) to work on /opt/airflow/dags/recommendation_training_dag.py
[2026-09-01T09:49:28.685+0000] {processor.py:830} INFO - Processing file /opt/airflow/dags/recommendation_training_dag.py for tasks to queue
[2026-09-01T09:49:28.688+0000] {logging_mixin.py:188} INFO - [2026-09-01T09:49:28.687+0000] {dagbag.py:545} INFO - Filling up the DagBag from /opt/airflow/dags/recommendation_training_dag.py
[2026-09-01T09:49:29.242+0000] {logging_mixin.py:188} INFO - [2026-09-01T09:49:29.226+0000] {dagbag.py:355} ERROR - Failed to import: /opt/airflow/dags/recommendation_training_dag.py
Traceback (most recent call last):
  File "/home/airflow/.local/lib/python3.11/site-packages/airflow/models/dagbag.py", line 351, in parse
    loader.exec_module(new_module)
  File "<frozen importlib._bootstrap_external>", line 940, in exec_module
  File "<frozen importlib._bootstrap>", line 241, in _call_with_frames_removed
  File "/opt/airflow/dags/recommendation_training_dag.py", line 28, in <module>
    from src.models.train_model import ModelTraining
  File "/opt/airflow/project/src/models/train_model.py", line 7, in <module>
    import mlflow
ModuleNotFoundError: No module named 'mlflow'
[2026-09-01T09:49:29.248+0000] {processor.py:842} WARNING - No viable dags retrieved from /opt/airflow/dags/recommendation_training_dag.py
[2026-09-01T09:49:29.096+0000] {processor.py:183} INFO - Processing /opt/airflow/dags/recommendation_training_dag.py took 0.672 seconds
[2026-09-01T09:49:59.637+0000] {processor.py:161} INFO - Started process (PID=191) to work on /opt/airflow/dags/recommendation_training_dag.py
[2026-09-01T09:49:59.638+0000] {processor.py:830} INFO - Processing file /opt/airflow/dags/recommendation_training_dag.py for tasks to queue
[2026-09-01T09:49:59.641+0000] {logging_mixin.py:188} INFO - [2026-09-01T09:49:59.640+0000] {dagbag.py:545} INFO - Filling up the DagBag from /opt/airflow/dags/recommendation_training_dag.py
[2026-09-01T09:50:00.226+0000] {logging_mixin.py:188} INFO - [2026-09-01T09:50:00.213+0000] {dagbag.py:355} ERROR - Failed to import: /opt/airflow/dags/recommendation_training_dag.py
Traceback (most recent call last):
  File "/home/airflow/.local/lib/python3.11/site-packages/airflow/models/dagbag.py", line 351, in parse
    loader.exec_module(new_module)
  File "<frozen importlib._bootstrap_external>", line 940, in exec_module
  File "<frozen importlib._bootstrap>", line 241, in _call_with_frames_removed
  File "/opt/airflow/dags/recommendation_training_dag.py", line 28, in <module>
    from src.models.train_model import ModelTraining
  File "/opt/airflow/project/src/models/train_model.py", line 7, in <module>
    import mlflow
ModuleNotFoundError: No module named 'mlflow'
[2026-09-01T09:50:00.230+0000] {processor.py:842} WARNING - No viable dags retrieved from /opt/airflow/dags/recommendation_training_dag.py
[2026-09-01T09:50:00.279+0000] {processor.py:183} INFO - Processing /opt/airflow/dags/recommendation_training_dag.py took 0.651 seconds
[2026-09-01T09:50:31.443+0000] {processor.py:161} INFO - Started process (PID=195) to work on /opt/airflow/dags/recommendation_training_dag.py
[2026-09-01T09:50:31.445+0000] {processor.py:830} INFO - Processing file /opt/airflow/dags/recommendation_training_dag.py for tasks to queue
[2026-09-01T09:50:31.450+0000] {logging_mixin.py:188} INFO - [2026-09-01T09:50:31.450+0000] {dagbag.py:545} INFO - Filling up the DagBag from /opt/airflow/dags/recommendation_training_dag.py
[2026-09-01T09:50:32.002+0000] {logging_mixin.py:188} INFO - [2026-09-01T09:50:31.979+0000] {dagbag.py:355} ERROR - Failed to import: /opt/airflow/dags/recommendation_training_dag.py
Traceback (most recent call last):
  File "/home/airflow/.local/lib/python3.11/site-packages/airflow/models/dagbag.py", line 351, in parse
    loader.exec_module(new_module)
  File "<frozen importlib._bootstrap_external>", line 940, in exec_module
  File "<frozen importlib._bootstrap>", line 241, in _call_with_frames_removed
  File "/opt/airflow/dags/recommendation_training_dag.py", line 28, in <module>
    from src.models.train_model import ModelTraining
  File "/opt/airflow/project/src/models/train_model.py", line 7, in <module>
    import mlflow
ModuleNotFoundError: No module named 'mlflow'
[2026-09-01T09:50:32.007+0000] {processor.py:842} WARNING - No viable dags retrieved from /opt/airflow/dags/recommendation_training_dag.py
[2026-09-01T09:50:32.057+0000] {processor.py:183} INFO - Processing /opt/airflow/dags/recommendation_training_dag.py took 0.628 seconds
[2026-09-01T09:51:03.103+0000] {processor.py:161} INFO - Started process (PID=199) to work on /opt/airflow/dags/recommendation_training_dag.py
[2026-09-01T09:51:03.104+0000] {processor.py:830} INFO - Processing file /opt/airflow/dags/recommendation_training_dag.py for tasks to queue
[2026-09-01T09:51:03.106+0000] {logging_mixin.py:188} INFO - [2026-09-01T09:51:03.106+0000] {dagbag.py:545} INFO - Filling up the DagBag from /opt/airflow/dags/recommendation_training_dag.py
[2026-09-01T09:51:03.467+0000] {logging_mixin.py:188} INFO - [2026-09-01T09:51:03.461+0000] {dagbag.py:355} ERROR - Failed to import: /opt/airflow/dags/recommendation_training_dag.py
Traceback (most recent call last):
  File "/home/airflow/.local/lib/python3.11/site-packages/airflow/models/dagbag.py", line 351, in parse
    loader.exec_module(new_module)
  File "<frozen importlib._bootstrap_external>", line 940, in exec_module
  File "<frozen importlib._bootstrap>", line 241, in _call_with_frames_removed
  File "/opt/airflow/dags/recommendation_training_dag.py", line 28, in <module>
    from src.models.train_model import ModelTraining
  File "/opt/airflow/project/src/models/train_model.py", line 7, in <module>
    import mlflow
ModuleNotFoundError: No module named 'mlflow'
[2026-09-01T09:51:03.469+0000] {processor.py:842} WARNING - No viable dags retrieved from /opt/airflow/dags/recommendation_training_dag.py
[2026-09-01T09:51:03.499+0000] {processor.py:183} INFO - Processing /opt/airflow/dags/recommendation_training_dag.py took 0.405 seconds
[2026-09-01T09:51:33.922+0000] {processor.py:161} INFO - Started process (PID=203) to work on /opt/airflow/dags/recommendation_training_dag.py
[2026-09-01T09:51:33.924+0000] {processor.py:830} INFO - Processing file /opt/airflow/dags/recommendation_training_dag.py for tasks to queue
[2026-09-01T09:51:33.928+0000] {logging_mixin.py:188} INFO - [2026-09-01T09:51:33.927+0000] {dagbag.py:545} INFO - Filling up the DagBag from /opt/airflow/dags/recommendation_training_dag.py
[2026-09-01T09:51:34.335+0000] {logging_mixin.py:188} INFO - [2026-09-01T09:51:34.329+0000] {dagbag.py:355} ERROR - Failed to import: /opt/airflow/dags/recommendation_training_dag.py
Traceback (most recent call last):
  File "/home/airflow/.local/lib/python3.11/site-packages/airflow/models/dagbag.py", line 351, in parse
    loader.exec_module(new_module)
  File "<frozen importlib._bootstrap_external>", line 940, in exec_module
  File "<frozen importlib._bootstrap>", line 241, in _call_with_frames_removed
  File "/opt/airflow/dags/recommendation_training_dag.py", line 28, in <module>
    from src.models.train_model import ModelTraining
  File "/opt/airflow/project/src/models/train_model.py", line 7, in <module>
    import mlflow
ModuleNotFoundError: No module named 'mlflow'
[2026-09-01T09:51:34.336+0000] {processor.py:842} WARNING - No viable dags retrieved from /opt/airflow/dags/recommendation_training_dag.py
[2026-09-01T09:51:34.382+0000] {processor.py:183} INFO - Processing /opt/airflow/dags/recommendation_training_dag.py took 0.472 seconds
[2026-09-01T09:52:04.789+0000] {processor.py:161} INFO - Started process (PID=207) to work on /opt/airflow/dags/recommendation_training_dag.py
[2026-09-01T09:52:04.793+0000] {processor.py:830} INFO - Processing file /opt/airflow/dags/recommendation_training_dag.py for tasks to queue
[2026-09-01T09:52:04.799+0000] {logging_mixin.py:188} INFO - [2026-09-01T09:52:04.798+0000] {dagbag.py:545} INFO - Filling up the DagBag from /opt/airflow/dags/recommendation_training_dag.py
[2026-09-01T09:52:05.310+0000] {logging_mixin.py:188} INFO - [2026-09-01T09:52:05.303+0000] {dagbag.py:355} ERROR - Failed to import: /opt/airflow/dags/recommendation_training_dag.py
Traceback (most recent call last):
  File "/home/airflow/.local/lib/python3.11/site-packages/airflow/models/dagbag.py", line 351, in parse
    loader.exec_module(new_module)
  File "<frozen importlib._bootstrap_external>", line 940, in exec_module
  File "<frozen importlib._bootstrap>", line 241, in _call_with_frames_removed
  File "/opt/airflow/dags/recommendation_training_dag.py", line 28, in <module>
    from src.models.train_model import ModelTraining
  File "/opt/airflow/project/src/models/train_model.py", line 7, in <module>
    import mlflow
ModuleNotFoundError: No module named 'mlflow'
[2026-09-01T09:52:05.312+0000] {processor.py:842} WARNING - No viable dags retrieved from /opt/airflow/dags/recommendation_training_dag.py
[2026-09-01T09:52:05.347+0000] {processor.py:183} INFO - Processing /opt/airflow/dags/recommendation_training_dag.py took 0.577 seconds
[2026-09-01T09:52:36.204+0000] {processor.py:161} INFO - Started process (PID=211) to work on /opt/airflow/dags/recommendation_training_dag.py
[2026-09-01T09:52:36.205+0000] {processor.py:830} INFO - Processing file /opt/airflow/dags/recommendation_training_dag.py for tasks to queue
[2026-09-01T09:52:36.207+0000] {logging_mixin.py:188} INFO - [2026-09-01T09:52:36.207+0000] {dagbag.py:545} INFO - Filling up the DagBag from /opt/airflow/dags/recommendation_training_dag.py
[2026-09-01T09:52:36.708+0000] {logging_mixin.py:188} INFO - [2026-09-01T09:52:36.690+0000] {dagbag.py:355} ERROR - Failed to import: /opt/airflow/dags/recommendation_training_dag.py
Traceback (most recent call last):
  File "/home/airflow/.local/lib/python3.11/site-packages/airflow/models/dagbag.py", line 351, in parse
    loader.exec_module(new_module)
  File "<frozen importlib._bootstrap_external>", line 940, in exec_module
  File "<frozen importlib._bootstrap>", line 241, in _call_with_frames_removed
  File "/opt/airflow/dags/recommendation_training_dag.py", line 28, in <module>
    from src.models.train_model import ModelTraining
  File "/opt/airflow/project/src/models/train_model.py", line 7, in <module>
    import mlflow
ModuleNotFoundError: No module named 'mlflow'
[2026-09-01T09:52:36.711+0000] {processor.py:842} WARNING - No viable dags retrieved from /opt/airflow/dags/recommendation_training_dag.py
[2026-09-01T09:52:36.758+0000] {processor.py:183} INFO - Processing /opt/airflow/dags/recommendation_training_dag.py took 0.562 seconds
[2026-09-01T09:53:07.365+0000] {processor.py:161} INFO - Started process (PID=215) to work on /opt/airflow/dags/recommendation_training_dag.py
[2026-09-01T09:53:07.367+0000] {processor.py:830} INFO - Processing file /opt/airflow/dags/recommendation_training_dag.py for tasks to queue
[2026-09-01T09:53:07.370+0000] {logging_mixin.py:188} INFO - [2026-09-01T09:53:07.369+0000] {dagbag.py:545} INFO - Filling up the DagBag from /opt/airflow/dags/recommendation_training_dag.py
[2026-09-01T09:53:07.808+0000] {logging_mixin.py:188} INFO - [2026-09-01T09:53:07.802+0000] {dagbag.py:355} ERROR - Failed to import: /opt/airflow/dags/recommendation_training_dag.py
Traceback (most recent call last):
  File "/home/airflow/.local/lib/python3.11/site-packages/airflow/models/dagbag.py", line 351, in parse
    loader.exec_module(new_module)
  File "<frozen importlib._bootstrap_external>", line 940, in exec_module
  File "<frozen importlib._bootstrap>", line 241, in _call_with_frames_removed
  File "/opt/airflow/dags/recommendation_training_dag.py", line 28, in <module>
    from src.models.train_model import ModelTraining
  File "/opt/airflow/project/src/models/train_model.py", line 7, in <module>
    import mlflow
ModuleNotFoundError: No module named 'mlflow'
[2026-09-01T09:53:07.810+0000] {processor.py:842} WARNING - No viable dags retrieved from /opt/airflow/dags/recommendation_training_dag.py
[2026-09-01T09:53:07.838+0000] {processor.py:183} INFO - Processing /opt/airflow/dags/recommendation_training_dag.py took 0.488 seconds
[2026-09-01T09:53:38.160+0000] {processor.py:161} INFO - Started process (PID=219) to work on /opt/airflow/dags/recommendation_training_dag.py
[2026-09-01T09:53:38.161+0000] {processor.py:830} INFO - Processing file /opt/airflow/dags/recommendation_training_dag.py for tasks to queue
[2026-09-01T09:53:38.164+0000] {logging_mixin.py:188} INFO - [2026-09-01T09:53:38.163+0000] {dagbag.py:545} INFO - Filling up the DagBag from /opt/airflow/dags/recommendation_training_dag.py
[2026-09-01T09:53:38.544+0000] {logging_mixin.py:188} INFO - [2026-09-01T09:53:38.520+0000] {dagbag.py:355} ERROR - Failed to import: /opt/airflow/dags/recommendation_training_dag.py
Traceback (most recent call last):
  File "/home/airflow/.local/lib/python3.11/site-packages/airflow/models/dagbag.py", line 351, in parse
    loader.exec_module(new_module)
  File "<frozen importlib._bootstrap_external>", line 940, in exec_module
  File "<frozen importlib._bootstrap>", line 241, in _call_with_frames_removed
  File "/opt/airflow/dags/recommendation_training_dag.py", line 28, in <module>
    from src.models.train_model import ModelTraining
  File "/opt/airflow/project/src/models/train_model.py", line 7, in <module>
    import mlflow
ModuleNotFoundError: No module named 'mlflow'
[2026-09-01T09:53:38.547+0000] {processor.py:842} WARNING - No viable dags retrieved from /opt/airflow/dags/recommendation_training_dag.py
[2026-09-01T09:53:38.691+0000] {processor.py:183} INFO - Processing /opt/airflow/dags/recommendation_training_dag.py took 0.545 seconds
[2026-09-01T09:54:09.047+0000] {processor.py:161} INFO - Started process (PID=223) to work on /opt/airflow/dags/recommendation_training_dag.py
[2026-09-01T09:54:09.048+0000] {processor.py:830} INFO - Processing file /opt/airflow/dags/recommendation_training_dag.py for tasks to queue
[2026-09-01T09:54:09.050+0000] {logging_mixin.py:188} INFO - [2026-09-01T09:54:09.050+0000] {dagbag.py:545} INFO - Filling up the DagBag from /opt/airflow/dags/recommendation_training_dag.py
[2026-09-01T09:54:09.391+0000] {logging_mixin.py:188} INFO - [2026-09-01T09:54:09.386+0000] {dagbag.py:355} ERROR - Failed to import: /opt/airflow/dags/recommendation_training_dag.py
Traceback (most recent call last):
  File "/home/airflow/.local/lib/python3.11/site-packages/airflow/models/dagbag.py", line 351, in parse
    loader.exec_module(new_module)
  File "<frozen importlib._bootstrap_external>", line 940, in exec_module
  File "<frozen importlib._bootstrap>", line 241, in _call_with_frames_removed
  File "/opt/airflow/dags/recommendation_training_dag.py", line 28, in <module>
    from src.models.train_model import ModelTraining
  File "/opt/airflow/project/src/models/train_model.py", line 7, in <module>
    import mlflow
ModuleNotFoundError: No module named 'mlflow'
[2026-09-01T09:54:09.393+0000] {processor.py:842} WARNING - No viable dags retrieved from /opt/airflow/dags/recommendation_training_dag.py
[2026-09-01T09:54:09.426+0000] {processor.py:183} INFO - Processing /opt/airflow/dags/recommendation_training_dag.py took 0.387 seconds
[2026-09-01T09:54:39.577+0000] {processor.py:161} INFO - Started process (PID=227) to work on /opt/airflow/dags/recommendation_training_dag.py
[2026-09-01T09:54:39.578+0000] {processor.py:830} INFO - Processing file /opt/airflow/dags/recommendation_training_dag.py for tasks to queue
[2026-09-01T09:54:39.580+0000] {logging_mixin.py:188} INFO - [2026-09-01T09:54:39.579+0000] {dagbag.py:545} INFO - Filling up the DagBag from /opt/airflow/dags/recommendation_training_dag.py
[2026-09-01T09:54:40.035+0000] {logging_mixin.py:188} INFO - [2026-09-01T09:54:40.023+0000] {dagbag.py:355} ERROR - Failed to import: /opt/airflow/dags/recommendation_training_dag.py
Traceback (most recent call last):
  File "/home/airflow/.local/lib/python3.11/site-packages/airflow/models/dagbag.py", line 351, in parse
    loader.exec_module(new_module)
  File "<frozen importlib._bootstrap_external>", line 940, in exec_module
  File "<frozen importlib._bootstrap>", line 241, in _call_with_frames_removed
  File "/opt/airflow/dags/recommendation_training_dag.py", line 28, in <module>
    from src.models.train_model import ModelTraining
  File "/opt/airflow/project/src/models/train_model.py", line 7, in <module>
    import mlflow
ModuleNotFoundError: No module named 'mlflow'
[2026-09-01T09:54:40.040+0000] {processor.py:842} WARNING - No viable dags retrieved from /opt/airflow/dags/recommendation_training_dag.py
[2026-09-01T09:54:40.106+0000] {processor.py:183} INFO - Processing /opt/airflow/dags/recommendation_training_dag.py took 0.539 seconds
[2026-09-01T09:55:10.306+0000] {processor.py:161} INFO - Started process (PID=231) to work on /opt/airflow/dags/recommendation_training_dag.py
[2026-09-01T09:55:10.308+0000] {processor.py:830} INFO - Processing file /opt/airflow/dags/recommendation_training_dag.py for tasks to queue
[2026-09-01T09:55:10.310+0000] {logging_mixin.py:188} INFO - [2026-09-01T09:55:10.309+0000] {dagbag.py:545} INFO - Filling up the DagBag from /opt/airflow/dags/recommendation_training_dag.py
[2026-09-01T09:55:10.796+0000] {logging_mixin.py:188} INFO - [2026-09-01T09:55:10.789+0000] {dagbag.py:355} ERROR - Failed to import: /opt/airflow/dags/recommendation_training_dag.py
Traceback (most recent call last):
  File "/home/airflow/.local/lib/python3.11/site-packages/airflow/models/dagbag.py", line 351, in parse
    loader.exec_module(new_module)
  File "<frozen importlib._bootstrap_external>", line 940, in exec_module
  File "<frozen importlib._bootstrap>", line 241, in _call_with_frames_removed
  File "/opt/airflow/dags/recommendation_training_dag.py", line 28, in <module>
    from src.models.train_model import ModelTraining
  File "/opt/airflow/project/src/models/train_model.py", line 7, in <module>
    import mlflow
ModuleNotFoundError: No module named 'mlflow'
[2026-09-01T09:55:10.801+0000] {processor.py:842} WARNING - No viable dags retrieved from /opt/airflow/dags/recommendation_training_dag.py
[2026-09-01T09:55:10.847+0000] {processor.py:183} INFO - Processing /opt/airflow/dags/recommendation_training_dag.py took 0.558 seconds
[2026-09-01T09:55:41.145+0000] {processor.py:161} INFO - Started process (PID=235) to work on /opt/airflow/dags/recommendation_training_dag.py
[2026-09-01T09:55:41.147+0000] {processor.py:830} INFO - Processing file /opt/airflow/dags/recommendation_training_dag.py for tasks to queue
[2026-09-01T09:55:41.150+0000] {logging_mixin.py:188} INFO - [2026-09-01T09:55:41.150+0000] {dagbag.py:545} INFO - Filling up the DagBag from /opt/airflow/dags/recommendation_training_dag.py
[2026-09-01T09:55:41.497+0000] {logging_mixin.py:188} INFO - [2026-09-01T09:55:41.491+0000] {dagbag.py:355} ERROR - Failed to import: /opt/airflow/dags/recommendation_training_dag.py
Traceback (most recent call last):
  File "/home/airflow/.local/lib/python3.11/site-packages/airflow/models/dagbag.py", line 351, in parse
    loader.exec_module(new_module)
  File "<frozen importlib._bootstrap_external>", line 940, in exec_module
  File "<frozen importlib._bootstrap>", line 241, in _call_with_frames_removed
  File "/opt/airflow/dags/recommendation_training_dag.py", line 28, in <module>
    from src.models.train_model import ModelTraining
  File "/opt/airflow/project/src/models/train_model.py", line 7, in <module>
    import mlflow
ModuleNotFoundError: No module named 'mlflow'
[2026-09-01T09:55:41.498+0000] {processor.py:842} WARNING - No viable dags retrieved from /opt/airflow/dags/recommendation_training_dag.py
[2026-09-01T09:55:41.555+0000] {processor.py:183} INFO - Processing /opt/airflow/dags/recommendation_training_dag.py took 0.421 seconds
[2026-09-01T09:56:12.751+0000] {processor.py:161} INFO - Started process (PID=239) to work on /opt/airflow/dags/recommendation_training_dag.py
[2026-09-01T09:56:12.753+0000] {processor.py:830} INFO - Processing file /opt/airflow/dags/recommendation_training_dag.py for tasks to queue
[2026-09-01T09:56:12.755+0000] {logging_mixin.py:188} INFO - [2026-09-01T09:56:12.755+0000] {dagbag.py:545} INFO - Filling up the DagBag from /opt/airflow/dags/recommendation_training_dag.py
[2026-09-01T09:56:13.124+0000] {logging_mixin.py:188} INFO - [2026-09-01T09:56:13.115+0000] {dagbag.py:355} ERROR - Failed to import: /opt/airflow/dags/recommendation_training_dag.py
Traceback (most recent call last):
  File "/home/airflow/.local/lib/python3.11/site-packages/airflow/models/dagbag.py", line 351, in parse
    loader.exec_module(new_module)
  File "<frozen importlib._bootstrap_external>", line 940, in exec_module
  File "<frozen importlib._bootstrap>", line 241, in _call_with_frames_removed
  File "/opt/airflow/dags/recommendation_training_dag.py", line 28, in <module>
    from src.models.train_model import ModelTraining
  File "/opt/airflow/project/src/models/train_model.py", line 7, in <module>
    import mlflow
ModuleNotFoundError: No module named 'mlflow'
[2026-09-01T09:56:13.128+0000] {processor.py:842} WARNING - No viable dags retrieved from /opt/airflow/dags/recommendation_training_dag.py
[2026-09-01T09:56:13.166+0000] {processor.py:183} INFO - Processing /opt/airflow/dags/recommendation_training_dag.py took 0.423 seconds
[2026-09-01T09:56:43.390+0000] {processor.py:161} INFO - Started process (PID=243) to work on /opt/airflow/dags/recommendation_training_dag.py
[2026-09-01T09:56:43.393+0000] {processor.py:830} INFO - Processing file /opt/airflow/dags/recommendation_training_dag.py for tasks to queue
[2026-09-01T09:56:43.395+0000] {logging_mixin.py:188} INFO - [2026-09-01T09:56:43.395+0000] {dagbag.py:545} INFO - Filling up the DagBag from /opt/airflow/dags/recommendation_training_dag.py
[2026-09-01T09:56:44.051+0000] {logging_mixin.py:188} INFO - [2026-09-01T09:56:44.032+0000] {dagbag.py:355} ERROR - Failed to import: /opt/airflow/dags/recommendation_training_dag.py
Traceback (most recent call last):
  File "/home/airflow/.local/lib/python3.11/site-packages/airflow/models/dagbag.py", line 351, in parse
    loader.exec_module(new_module)
  File "<frozen importlib._bootstrap_external>", line 940, in exec_module
  File "<frozen importlib._bootstrap>", line 241, in _call_with_frames_removed
  File "/opt/airflow/dags/recommendation_training_dag.py", line 28, in <module>
    from src.models.train_model import ModelTraining
  File "/opt/airflow/project/src/models/train_model.py", line 7, in <module>
    import mlflow
ModuleNotFoundError: No module named 'mlflow'
[2026-09-01T09:56:44.057+0000] {processor.py:842} WARNING - No viable dags retrieved from /opt/airflow/dags/recommendation_training_dag.py
[2026-09-01T09:56:44.133+0000] {processor.py:183} INFO - Processing /opt/airflow/dags/recommendation_training_dag.py took 0.752 seconds
[2026-09-01T09:57:14.552+0000] {processor.py:161} INFO - Started process (PID=247) to work on /opt/airflow/dags/recommendation_training_dag.py
[2026-09-01T09:57:14.554+0000] {processor.py:830} INFO - Processing file /opt/airflow/dags/recommendation_training_dag.py for tasks to queue
[2026-09-01T09:57:14.556+0000] {logging_mixin.py:188} INFO - [2026-09-01T09:57:14.556+0000] {dagbag.py:545} INFO - Filling up the DagBag from /opt/airflow/dags/recommendation_training_dag.py
[2026-09-01T09:57:14.916+0000] {logging_mixin.py:188} INFO - [2026-09-01T09:57:14.910+0000] {dagbag.py:355} ERROR - Failed to import: /opt/airflow/dags/recommendation_training_dag.py
Traceback (most recent call last):
  File "/home/airflow/.local/lib/python3.11/site-packages/airflow/models/dagbag.py", line 351, in parse
    loader.exec_module(new_module)
  File "<frozen importlib._bootstrap_external>", line 940, in exec_module
  File "<frozen importlib._bootstrap>", line 241, in _call_with_frames_removed
  File "/opt/airflow/dags/recommendation_training_dag.py", line 28, in <module>
    from src.models.train_model import ModelTraining
  File "/opt/airflow/project/src/models/train_model.py", line 7, in <module>
    import mlflow
ModuleNotFoundError: No module named 'mlflow'
[2026-09-01T09:57:14.918+0000] {processor.py:842} WARNING - No viable dags retrieved from /opt/airflow/dags/recommendation_training_dag.py
[2026-09-01T09:57:15.013+0000] {processor.py:183} INFO - Processing /opt/airflow/dags/recommendation_training_dag.py took 0.469 seconds
[2026-09-01T09:57:46.158+0000] {processor.py:161} INFO - Started process (PID=251) to work on /opt/airflow/dags/recommendation_training_dag.py
[2026-09-01T09:57:46.160+0000] {processor.py:830} INFO - Processing file /opt/airflow/dags/recommendation_training_dag.py for tasks to queue
[2026-09-01T09:57:46.164+0000] {logging_mixin.py:188} INFO - [2026-09-01T09:57:46.163+0000] {dagbag.py:545} INFO - Filling up the DagBag from /opt/airflow/dags/recommendation_training_dag.py
[2026-09-01T09:57:46.565+0000] {logging_mixin.py:188} INFO - [2026-09-01T09:57:46.560+0000] {dagbag.py:355} ERROR - Failed to import: /opt/airflow/dags/recommendation_training_dag.py
Traceback (most recent call last):
  File "/home/airflow/.local/lib/python3.11/site-packages/airflow/models/dagbag.py", line 351, in parse
    loader.exec_module(new_module)
  File "<frozen importlib._bootstrap_external>", line 940, in exec_module
  File "<frozen importlib._bootstrap>", line 241, in _call_with_frames_removed
  File "/opt/airflow/dags/recommendation_training_dag.py", line 28, in <module>
    from src.models.train_model import ModelTraining
  File "/opt/airflow/project/src/models/train_model.py", line 7, in <module>
    import mlflow
ModuleNotFoundError: No module named 'mlflow'
[2026-09-01T09:57:46.568+0000] {processor.py:842} WARNING - No viable dags retrieved from /opt/airflow/dags/recommendation_training_dag.py
[2026-09-01T09:57:46.610+0000] {processor.py:183} INFO - Processing /opt/airflow/dags/recommendation_training_dag.py took 0.468 seconds
[2026-09-01T09:58:17.330+0000] {processor.py:161} INFO - Started process (PID=255) to work on /opt/airflow/dags/recommendation_training_dag.py
[2026-09-01T09:58:17.332+0000] {processor.py:830} INFO - Processing file /opt/airflow/dags/recommendation_training_dag.py for tasks to queue
[2026-09-01T09:58:17.335+0000] {logging_mixin.py:188} INFO - [2026-09-01T09:58:17.334+0000] {dagbag.py:545} INFO - Filling up the DagBag from /opt/airflow/dags/recommendation_training_dag.py
[2026-09-01T09:58:17.671+0000] {logging_mixin.py:188} INFO - [2026-09-01T09:58:17.664+0000] {dagbag.py:355} ERROR - Failed to import: /opt/airflow/dags/recommendation_training_dag.py
Traceback (most recent call last):
  File "/home/airflow/.local/lib/python3.11/site-packages/airflow/models/dagbag.py", line 351, in parse
    loader.exec_module(new_module)
  File "<frozen importlib._bootstrap_external>", line 940, in exec_module
  File "<frozen importlib._bootstrap>", line 241, in _call_with_frames_removed
  File "/opt/airflow/dags/recommendation_training_dag.py", line 28, in <module>
    from src.models.train_model import ModelTraining
  File "/opt/airflow/project/src/models/train_model.py", line 7, in <module>
    import mlflow
ModuleNotFoundError: No module named 'mlflow'
[2026-09-01T09:58:17.673+0000] {processor.py:842} WARNING - No viable dags retrieved from /opt/airflow/dags/recommendation_training_dag.py
[2026-09-01T09:58:17.710+0000] {processor.py:183} INFO - Processing /opt/airflow/dags/recommendation_training_dag.py took 0.394 seconds
[2026-09-01T09:58:48.233+0000] {processor.py:161} INFO - Started process (PID=259) to work on /opt/airflow/dags/recommendation_training_dag.py
[2026-09-01T09:58:48.235+0000] {processor.py:830} INFO - Processing file /opt/airflow/dags/recommendation_training_dag.py for tasks to queue
[2026-09-01T09:58:48.237+0000] {logging_mixin.py:188} INFO - [2026-09-01T09:58:48.237+0000] {dagbag.py:545} INFO - Filling up the DagBag from /opt/airflow/dags/recommendation_training_dag.py
[2026-09-01T09:58:48.701+0000] {logging_mixin.py:188} INFO - [2026-09-01T09:58:48.693+0000] {dagbag.py:355} ERROR - Failed to import: /opt/airflow/dags/recommendation_training_dag.py
Traceback (most recent call last):
  File "/home/airflow/.local/lib/python3.11/site-packages/airflow/models/dagbag.py", line 351, in parse
    loader.exec_module(new_module)
  File "<frozen importlib._bootstrap_external>", line 940, in exec_module
  File "<frozen importlib._bootstrap>", line 241, in _call_with_frames_removed
  File "/opt/airflow/dags/recommendation_training_dag.py", line 28, in <module>
    from src.models.train_model import ModelTraining
  File "/opt/airflow/project/src/models/train_model.py", line 7, in <module>
    import mlflow
ModuleNotFoundError: No module named 'mlflow'
[2026-09-01T09:58:48.704+0000] {processor.py:842} WARNING - No viable dags retrieved from /opt/airflow/dags/recommendation_training_dag.py
[2026-09-01T09:58:48.782+0000] {processor.py:183} INFO - Processing /opt/airflow/dags/recommendation_training_dag.py took 0.557 seconds
[2026-09-01T09:59:19.708+0000] {processor.py:161} INFO - Started process (PID=263) to work on /opt/airflow/dags/recommendation_training_dag.py
[2026-09-01T09:59:19.711+0000] {processor.py:830} INFO - Processing file /opt/airflow/dags/recommendation_training_dag.py for tasks to queue
[2026-09-01T09:59:19.716+0000] {logging_mixin.py:188} INFO - [2026-09-01T09:59:19.715+0000] {dagbag.py:545} INFO - Filling up the DagBag from /opt/airflow/dags/recommendation_training_dag.py
[2026-09-01T09:59:20.349+0000] {logging_mixin.py:188} INFO - [2026-09-01T09:59:20.340+0000] {dagbag.py:355} ERROR - Failed to import: /opt/airflow/dags/recommendation_training_dag.py
Traceback (most recent call last):
  File "/home/airflow/.local/lib/python3.11/site-packages/airflow/models/dagbag.py", line 351, in parse
    loader.exec_module(new_module)
  File "<frozen importlib._bootstrap_external>", line 940, in exec_module
  File "<frozen importlib._bootstrap>", line 241, in _call_with_frames_removed
  File "/opt/airflow/dags/recommendation_training_dag.py", line 28, in <module>
    from src.models.train_model import ModelTraining
  File "/opt/airflow/project/src/models/train_model.py", line 7, in <module>
    import mlflow
ModuleNotFoundError: No module named 'mlflow'
[2026-09-01T09:59:20.355+0000] {processor.py:842} WARNING - No viable dags retrieved from /opt/airflow/dags/recommendation_training_dag.py
[2026-09-01T09:59:20.411+0000] {processor.py:183} INFO - Processing /opt/airflow/dags/recommendation_training_dag.py took 0.720 seconds
[2026-09-01T09:59:50.883+0000] {processor.py:161} INFO - Started process (PID=267) to work on /opt/airflow/dags/recommendation_training_dag.py
[2026-09-01T09:59:50.886+0000] {processor.py:830} INFO - Processing file /opt/airflow/dags/recommendation_training_dag.py for tasks to queue
[2026-09-01T09:59:50.890+0000] {logging_mixin.py:188} INFO - [2026-09-01T09:59:50.889+0000] {dagbag.py:545} INFO - Filling up the DagBag from /opt/airflow/dags/recommendation_training_dag.py
[2026-09-01T09:59:51.283+0000] {logging_mixin.py:188} INFO - [2026-09-01T09:59:51.276+0000] {dagbag.py:355} ERROR - Failed to import: /opt/airflow/dags/recommendation_training_dag.py
Traceback (most recent call last):
  File "/home/airflow/.local/lib/python3.11/site-packages/airflow/models/dagbag.py", line 351, in parse
    loader.exec_module(new_module)
  File "<frozen importlib._bootstrap_external>", line 940, in exec_module
  File "<frozen importlib._bootstrap>", line 241, in _call_with_frames_removed
  File "/opt/airflow/dags/recommendation_training_dag.py", line 28, in <module>
    from src.models.train_model import ModelTraining
  File "/opt/airflow/project/src/models/train_model.py", line 7, in <module>
    import mlflow
ModuleNotFoundError: No module named 'mlflow'
[2026-09-01T09:59:51.284+0000] {processor.py:842} WARNING - No viable dags retrieved from /opt/airflow/dags/recommendation_training_dag.py
[2026-09-01T09:59:51.315+0000] {processor.py:183} INFO - Processing /opt/airflow/dags/recommendation_training_dag.py took 0.448 seconds
[2026-09-01T10:00:21.463+0000] {processor.py:161} INFO - Started process (PID=271) to work on /opt/airflow/dags/recommendation_training_dag.py
[2026-09-01T10:00:21.466+0000] {processor.py:830} INFO - Processing file /opt/airflow/dags/recommendation_training_dag.py for tasks to queue
[2026-09-01T10:00:21.469+0000] {logging_mixin.py:188} INFO - [2026-09-01T10:00:21.468+0000] {dagbag.py:545} INFO - Filling up the DagBag from /opt/airflow/dags/recommendation_training_dag.py
[2026-09-01T10:00:21.902+0000] {logging_mixin.py:188} INFO - [2026-09-01T10:00:21.879+0000] {dagbag.py:355} ERROR - Failed to import: /opt/airflow/dags/recommendation_training_dag.py
Traceback (most recent call last):
  File "/home/airflow/.local/lib/python3.11/site-packages/airflow/models/dagbag.py", line 351, in parse
    loader.exec_module(new_module)
  File "<frozen importlib._bootstrap_external>", line 940, in exec_module
  File "<frozen importlib._bootstrap>", line 241, in _call_with_frames_removed
  File "/opt/airflow/dags/recommendation_training_dag.py", line 28, in <module>
    from src.models.train_model import ModelTraining
  File "/opt/airflow/project/src/models/train_model.py", line 7, in <module>
    import mlflow
ModuleNotFoundError: No module named 'mlflow'
[2026-09-01T10:00:21.907+0000] {processor.py:842} WARNING - No viable dags retrieved from /opt/airflow/dags/recommendation_training_dag.py
[2026-09-01T10:00:21.982+0000] {processor.py:183} INFO - Processing /opt/airflow/dags/recommendation_training_dag.py took 0.532 seconds
[2026-09-01T10:00:52.930+0000] {processor.py:161} INFO - Started process (PID=275) to work on /opt/airflow/dags/recommendation_training_dag.py
[2026-09-01T10:00:52.931+0000] {processor.py:830} INFO - Processing file /opt/airflow/dags/recommendation_training_dag.py for tasks to queue
[2026-09-01T10:00:52.933+0000] {logging_mixin.py:188} INFO - [2026-09-01T10:00:52.933+0000] {dagbag.py:545} INFO - Filling up the DagBag from /opt/airflow/dags/recommendation_training_dag.py
[2026-09-01T10:00:53.341+0000] {logging_mixin.py:188} INFO - [2026-09-01T10:00:53.334+0000] {dagbag.py:355} ERROR - Failed to import: /opt/airflow/dags/recommendation_training_dag.py
Traceback (most recent call last):
  File "/home/airflow/.local/lib/python3.11/site-packages/airflow/models/dagbag.py", line 351, in parse
    loader.exec_module(new_module)
  File "<frozen importlib._bootstrap_external>", line 940, in exec_module
  File "<frozen importlib._bootstrap>", line 241, in _call_with_frames_removed
  File "/opt/airflow/dags/recommendation_training_dag.py", line 28, in <module>
    from src.models.train_model import ModelTraining
  File "/opt/airflow/project/src/models/train_model.py", line 7, in <module>
    import mlflow
ModuleNotFoundError: No module named 'mlflow'
[2026-09-01T10:00:53.343+0000] {processor.py:842} WARNING - No viable dags retrieved from /opt/airflow/dags/recommendation_training_dag.py
[2026-09-01T10:00:53.373+0000] {processor.py:183} INFO - Processing /opt/airflow/dags/recommendation_training_dag.py took 0.452 seconds
[2026-09-01T10:01:24.555+0000] {processor.py:161} INFO - Started process (PID=279) to work on /opt/airflow/dags/recommendation_training_dag.py
[2026-09-01T10:01:24.556+0000] {processor.py:830} INFO - Processing file /opt/airflow/dags/recommendation_training_dag.py for tasks to queue
[2026-09-01T10:01:24.558+0000] {logging_mixin.py:188} INFO - [2026-09-01T10:01:24.558+0000] {dagbag.py:545} INFO - Filling up the DagBag from /opt/airflow/dags/recommendation_training_dag.py
[2026-09-01T10:01:24.904+0000] {logging_mixin.py:188} INFO - [2026-09-01T10:01:24.898+0000] {dagbag.py:355} ERROR - Failed to import: /opt/airflow/dags/recommendation_training_dag.py
Traceback (most recent call last):
  File "/home/airflow/.local/lib/python3.11/site-packages/airflow/models/dagbag.py", line 351, in parse
    loader.exec_module(new_module)
  File "<frozen importlib._bootstrap_external>", line 940, in exec_module
  File "<frozen importlib._bootstrap>", line 241, in _call_with_frames_removed
  File "/opt/airflow/dags/recommendation_training_dag.py", line 28, in <module>
    from src.models.train_model import ModelTraining
  File "/opt/airflow/project/src/models/train_model.py", line 7, in <module>
    import mlflow
ModuleNotFoundError: No module named 'mlflow'
[2026-09-01T10:01:24.906+0000] {processor.py:842} WARNING - No viable dags retrieved from /opt/airflow/dags/recommendation_training_dag.py
[2026-09-01T10:01:24.947+0000] {processor.py:183} INFO - Processing /opt/airflow/dags/recommendation_training_dag.py took 0.401 seconds
[2026-09-01T10:01:55.809+0000] {processor.py:161} INFO - Started process (PID=283) to work on /opt/airflow/dags/recommendation_training_dag.py
[2026-09-01T10:01:55.811+0000] {processor.py:830} INFO - Processing file /opt/airflow/dags/recommendation_training_dag.py for tasks to queue
[2026-09-01T10:01:55.814+0000] {logging_mixin.py:188} INFO - [2026-09-01T10:01:55.813+0000] {dagbag.py:545} INFO - Filling up the DagBag from /opt/airflow/dags/recommendation_training_dag.py
[2026-09-01T10:01:56.397+0000] {logging_mixin.py:188} INFO - [2026-09-01T10:01:56.382+0000] {dagbag.py:355} ERROR - Failed to import: /opt/airflow/dags/recommendation_training_dag.py
Traceback (most recent call last):
  File "/home/airflow/.local/lib/python3.11/site-packages/airflow/models/dagbag.py", line 351, in parse
    loader.exec_module(new_module)
  File "<frozen importlib._bootstrap_external>", line 940, in exec_module
  File "<frozen importlib._bootstrap>", line 241, in _call_with_frames_removed
  File "/opt/airflow/dags/recommendation_training_dag.py", line 28, in <module>
    from src.models.train_model import ModelTraining
  File "/opt/airflow/project/src/models/train_model.py", line 7, in <module>
    import mlflow
ModuleNotFoundError: No module named 'mlflow'
[2026-09-01T10:01:56.403+0000] {processor.py:842} WARNING - No viable dags retrieved from /opt/airflow/dags/recommendation_training_dag.py
[2026-09-01T10:01:56.467+0000] {processor.py:183} INFO - Processing /opt/airflow/dags/recommendation_training_dag.py took 0.671 seconds
[2026-09-01T10:02:27.272+0000] {processor.py:161} INFO - Started process (PID=287) to work on /opt/airflow/dags/recommendation_training_dag.py
[2026-09-01T10:02:27.273+0000] {processor.py:830} INFO - Processing file /opt/airflow/dags/recommendation_training_dag.py for tasks to queue
[2026-09-01T10:02:27.275+0000] {logging_mixin.py:188} INFO - [2026-09-01T10:02:27.274+0000] {dagbag.py:545} INFO - Filling up the DagBag from /opt/airflow/dags/recommendation_training_dag.py
[2026-09-01T10:02:27.724+0000] {logging_mixin.py:188} INFO - [2026-09-01T10:02:27.712+0000] {dagbag.py:355} ERROR - Failed to import: /opt/airflow/dags/recommendation_training_dag.py
Traceback (most recent call last):
  File "/home/airflow/.local/lib/python3.11/site-packages/airflow/models/dagbag.py", line 351, in parse
    loader.exec_module(new_module)
  File "<frozen importlib._bootstrap_external>", line 940, in exec_module
  File "<frozen importlib._bootstrap>", line 241, in _call_with_frames_removed
  File "/opt/airflow/dags/recommendation_training_dag.py", line 28, in <module>
    from src.models.train_model import ModelTraining
  File "/opt/airflow/project/src/models/train_model.py", line 7, in <module>
    import mlflow
ModuleNotFoundError: No module named 'mlflow'
[2026-09-01T10:02:27.729+0000] {processor.py:842} WARNING - No viable dags retrieved from /opt/airflow/dags/recommendation_training_dag.py
[2026-09-01T10:02:27.789+0000] {processor.py:183} INFO - Processing /opt/airflow/dags/recommendation_training_dag.py took 0.525 seconds
[2026-09-01T10:02:58.566+0000] {processor.py:161} INFO - Started process (PID=291) to work on /opt/airflow/dags/recommendation_training_dag.py
[2026-09-01T10:02:58.569+0000] {processor.py:830} INFO - Processing file /opt/airflow/dags/recommendation_training_dag.py for tasks to queue
[2026-09-01T10:02:58.571+0000] {logging_mixin.py:188} INFO - [2026-09-01T10:02:58.571+0000] {dagbag.py:545} INFO - Filling up the DagBag from /opt/airflow/dags/recommendation_training_dag.py
[2026-09-01T10:02:58.930+0000] {logging_mixin.py:188} INFO - [2026-09-01T10:02:58.917+0000] {dagbag.py:355} ERROR - Failed to import: /opt/airflow/dags/recommendation_training_dag.py
Traceback (most recent call last):
  File "/home/airflow/.local/lib/python3.11/site-packages/airflow/models/dagbag.py", line 351, in parse
    loader.exec_module(new_module)
  File "<frozen importlib._bootstrap_external>", line 940, in exec_module
  File "<frozen importlib._bootstrap>", line 241, in _call_with_frames_removed
  File "/opt/airflow/dags/recommendation_training_dag.py", line 28, in <module>
    from src.models.train_model import ModelTraining
  File "/opt/airflow/project/src/models/train_model.py", line 7, in <module>
    import mlflow
ModuleNotFoundError: No module named 'mlflow'
[2026-09-01T10:02:58.936+0000] {processor.py:842} WARNING - No viable dags retrieved from /opt/airflow/dags/recommendation_training_dag.py
[2026-09-01T10:02:59.012+0000] {processor.py:183} INFO - Processing /opt/airflow/dags/recommendation_training_dag.py took 0.454 seconds
[2026-09-01T10:03:29.394+0000] {processor.py:161} INFO - Started process (PID=295) to work on /opt/airflow/dags/recommendation_training_dag.py
[2026-09-01T10:03:29.397+0000] {processor.py:830} INFO - Processing file /opt/airflow/dags/recommendation_training_dag.py for tasks to queue
[2026-09-01T10:03:29.400+0000] {logging_mixin.py:188} INFO - [2026-09-01T10:03:29.400+0000] {dagbag.py:545} INFO - Filling up the DagBag from /opt/airflow/dags/recommendation_training_dag.py
[2026-09-01T10:03:29.856+0000] {logging_mixin.py:188} INFO - [2026-09-01T10:03:29.842+0000] {dagbag.py:355} ERROR - Failed to import: /opt/airflow/dags/recommendation_training_dag.py
Traceback (most recent call last):
  File "/home/airflow/.local/lib/python3.11/site-packages/airflow/models/dagbag.py", line 351, in parse
    loader.exec_module(new_module)
  File "<frozen importlib._bootstrap_external>", line 940, in exec_module
  File "<frozen importlib._bootstrap>", line 241, in _call_with_frames_removed
  File "/opt/airflow/dags/recommendation_training_dag.py", line 28, in <module>
    from src.models.train_model import ModelTraining
  File "/opt/airflow/project/src/models/train_model.py", line 7, in <module>
    import mlflow
ModuleNotFoundError: No module named 'mlflow'
[2026-09-01T10:03:29.860+0000] {processor.py:842} WARNING - No viable dags retrieved from /opt/airflow/dags/recommendation_training_dag.py
[2026-09-01T10:03:29.932+0000] {processor.py:183} INFO - Processing /opt/airflow/dags/recommendation_training_dag.py took 0.552 seconds
[2026-09-01T10:04:00.146+0000] {processor.py:161} INFO - Started process (PID=299) to work on /opt/airflow/dags/recommendation_training_dag.py
[2026-09-01T10:04:00.149+0000] {processor.py:830} INFO - Processing file /opt/airflow/dags/recommendation_training_dag.py for tasks to queue
[2026-09-01T10:04:00.153+0000] {logging_mixin.py:188} INFO - [2026-09-01T10:04:00.152+0000] {dagbag.py:545} INFO - Filling up the DagBag from /opt/airflow/dags/recommendation_training_dag.py
[2026-09-01T10:04:00.696+0000] {logging_mixin.py:188} INFO - [2026-09-01T10:04:00.665+0000] {dagbag.py:355} ERROR - Failed to import: /opt/airflow/dags/recommendation_training_dag.py
Traceback (most recent call last):
  File "/home/airflow/.local/lib/python3.11/site-packages/airflow/models/dagbag.py", line 351, in parse
    loader.exec_module(new_module)
  File "<frozen importlib._bootstrap_external>", line 940, in exec_module
  File "<frozen importlib._bootstrap>", line 241, in _call_with_frames_removed
  File "/opt/airflow/dags/recommendation_training_dag.py", line 28, in <module>
    from src.models.train_model import ModelTraining
  File "/opt/airflow/project/src/models/train_model.py", line 7, in <module>
    import mlflow
ModuleNotFoundError: No module named 'mlflow'
[2026-09-01T10:04:00.706+0000] {processor.py:842} WARNING - No viable dags retrieved from /opt/airflow/dags/recommendation_training_dag.py
[2026-09-01T10:04:00.862+0000] {processor.py:183} INFO - Processing /opt/airflow/dags/recommendation_training_dag.py took 0.731 seconds
[2026-09-01T10:04:31.285+0000] {processor.py:161} INFO - Started process (PID=303) to work on /opt/airflow/dags/recommendation_training_dag.py
[2026-09-01T10:04:31.289+0000] {processor.py:830} INFO - Processing file /opt/airflow/dags/recommendation_training_dag.py for tasks to queue
[2026-09-01T10:04:31.293+0000] {logging_mixin.py:188} INFO - [2026-09-01T10:04:31.292+0000] {dagbag.py:545} INFO - Filling up the DagBag from /opt/airflow/dags/recommendation_training_dag.py
[2026-09-01T10:04:31.692+0000] {logging_mixin.py:188} INFO - [2026-09-01T10:04:31.686+0000] {dagbag.py:355} ERROR - Failed to import: /opt/airflow/dags/recommendation_training_dag.py
Traceback (most recent call last):
  File "/home/airflow/.local/lib/python3.11/site-packages/airflow/models/dagbag.py", line 351, in parse
    loader.exec_module(new_module)
  File "<frozen importlib._bootstrap_external>", line 940, in exec_module
  File "<frozen importlib._bootstrap>", line 241, in _call_with_frames_removed
  File "/opt/airflow/dags/recommendation_training_dag.py", line 28, in <module>
    from src.models.train_model import ModelTraining
  File "/opt/airflow/project/src/models/train_model.py", line 7, in <module>
    import mlflow
ModuleNotFoundError: No module named 'mlflow'
[2026-09-01T10:04:31.694+0000] {processor.py:842} WARNING - No viable dags retrieved from /opt/airflow/dags/recommendation_training_dag.py
[2026-09-01T10:04:31.737+0000] {processor.py:183} INFO - Processing /opt/airflow/dags/recommendation_training_dag.py took 0.484 seconds
[2026-09-01T10:05:02.103+0000] {processor.py:161} INFO - Started process (PID=307) to work on /opt/airflow/dags/recommendation_training_dag.py
[2026-09-01T10:05:02.105+0000] {processor.py:830} INFO - Processing file /opt/airflow/dags/recommendation_training_dag.py for tasks to queue
[2026-09-01T10:05:02.109+0000] {logging_mixin.py:188} INFO - [2026-09-01T10:05:02.109+0000] {dagbag.py:545} INFO - Filling up the DagBag from /opt/airflow/dags/recommendation_training_dag.py
[2026-09-01T10:05:02.703+0000] {logging_mixin.py:188} INFO - [2026-09-01T10:05:02.689+0000] {dagbag.py:355} ERROR - Failed to import: /opt/airflow/dags/recommendation_training_dag.py
Traceback (most recent call last):
  File "/home/airflow/.local/lib/python3.11/site-packages/airflow/models/dagbag.py", line 351, in parse
    loader.exec_module(new_module)
  File "<frozen importlib._bootstrap_external>", line 940, in exec_module
  File "<frozen importlib._bootstrap>", line 241, in _call_with_frames_removed
  File "/opt/airflow/dags/recommendation_training_dag.py", line 28, in <module>
    from src.models.train_model import ModelTraining
  File "/opt/airflow/project/src/models/train_model.py", line 7, in <module>
    import mlflow
ModuleNotFoundError: No module named 'mlflow'
[2026-09-01T10:05:02.707+0000] {processor.py:842} WARNING - No viable dags retrieved from /opt/airflow/dags/recommendation_training_dag.py
[2026-09-01T10:05:02.770+0000] {processor.py:183} INFO - Processing /opt/airflow/dags/recommendation_training_dag.py took 0.682 seconds
[2026-09-01T10:05:33.387+0000] {processor.py:161} INFO - Started process (PID=311) to work on /opt/airflow/dags/recommendation_training_dag.py
[2026-09-01T10:05:33.390+0000] {processor.py:830} INFO - Processing file /opt/airflow/dags/recommendation_training_dag.py for tasks to queue
[2026-09-01T10:05:33.394+0000] {logging_mixin.py:188} INFO - [2026-09-01T10:05:33.393+0000] {dagbag.py:545} INFO - Filling up the DagBag from /opt/airflow/dags/recommendation_training_dag.py
[2026-09-01T10:05:33.815+0000] {logging_mixin.py:188} INFO - [2026-09-01T10:05:33.809+0000] {dagbag.py:355} ERROR - Failed to import: /opt/airflow/dags/recommendation_training_dag.py
Traceback (most recent call last):
  File "/home/airflow/.local/lib/python3.11/site-packages/airflow/models/dagbag.py", line 351, in parse
    loader.exec_module(new_module)
  File "<frozen importlib._bootstrap_external>", line 940, in exec_module
  File "<frozen importlib._bootstrap>", line 241, in _call_with_frames_removed
  File "/opt/airflow/dags/recommendation_training_dag.py", line 28, in <module>
    from src.models.train_model import ModelTraining
  File "/opt/airflow/project/src/models/train_model.py", line 7, in <module>
    import mlflow
ModuleNotFoundError: No module named 'mlflow'
[2026-09-01T10:05:33.817+0000] {processor.py:842} WARNING - No viable dags retrieved from /opt/airflow/dags/recommendation_training_dag.py
[2026-09-01T10:05:33.866+0000] {processor.py:183} INFO - Processing /opt/airflow/dags/recommendation_training_dag.py took 0.498 seconds
[2026-09-01T10:06:04.991+0000] {processor.py:161} INFO - Started process (PID=315) to work on /opt/airflow/dags/recommendation_training_dag.py
[2026-09-01T10:06:04.993+0000] {processor.py:830} INFO - Processing file /opt/airflow/dags/recommendation_training_dag.py for tasks to queue
[2026-09-01T10:06:04.996+0000] {logging_mixin.py:188} INFO - [2026-09-01T10:06:04.996+0000] {dagbag.py:545} INFO - Filling up the DagBag from /opt/airflow/dags/recommendation_training_dag.py
[2026-09-01T10:06:05.386+0000] {logging_mixin.py:188} INFO - [2026-09-01T10:06:05.380+0000] {dagbag.py:355} ERROR - Failed to import: /opt/airflow/dags/recommendation_training_dag.py
Traceback (most recent call last):
  File "/home/airflow/.local/lib/python3.11/site-packages/airflow/models/dagbag.py", line 351, in parse
    loader.exec_module(new_module)
  File "<frozen importlib._bootstrap_external>", line 940, in exec_module
  File "<frozen importlib._bootstrap>", line 241, in _call_with_frames_removed
  File "/opt/airflow/dags/recommendation_training_dag.py", line 28, in <module>
    from src.models.train_model import ModelTraining
  File "/opt/airflow/project/src/models/train_model.py", line 7, in <module>
    import mlflow
ModuleNotFoundError: No module named 'mlflow'
[2026-09-01T10:06:05.387+0000] {processor.py:842} WARNING - No viable dags retrieved from /opt/airflow/dags/recommendation_training_dag.py
[2026-09-01T10:06:05.435+0000] {processor.py:183} INFO - Processing /opt/airflow/dags/recommendation_training_dag.py took 0.458 seconds
[2026-09-01T10:06:35.519+0000] {processor.py:161} INFO - Started process (PID=319) to work on /opt/airflow/dags/recommendation_training_dag.py
[2026-09-01T10:06:35.521+0000] {processor.py:830} INFO - Processing file /opt/airflow/dags/recommendation_training_dag.py for tasks to queue
[2026-09-01T10:06:35.524+0000] {logging_mixin.py:188} INFO - [2026-09-01T10:06:35.523+0000] {dagbag.py:545} INFO - Filling up the DagBag from /opt/airflow/dags/recommendation_training_dag.py
[2026-09-01T10:06:35.900+0000] {logging_mixin.py:188} INFO - [2026-09-01T10:06:35.893+0000] {dagbag.py:355} ERROR - Failed to import: /opt/airflow/dags/recommendation_training_dag.py
Traceback (most recent call last):
  File "/home/airflow/.local/lib/python3.11/site-packages/airflow/models/dagbag.py", line 351, in parse
    loader.exec_module(new_module)
  File "<frozen importlib._bootstrap_external>", line 940, in exec_module
  File "<frozen importlib._bootstrap>", line 241, in _call_with_frames_removed
  File "/opt/airflow/dags/recommendation_training_dag.py", line 28, in <module>
    from src.models.train_model import ModelTraining
  File "/opt/airflow/project/src/models/train_model.py", line 7, in <module>
    import mlflow
ModuleNotFoundError: No module named 'mlflow'
[2026-09-01T10:06:35.903+0000] {processor.py:842} WARNING - No viable dags retrieved from /opt/airflow/dags/recommendation_training_dag.py
[2026-09-01T10:06:35.931+0000] {processor.py:183} INFO - Processing /opt/airflow/dags/recommendation_training_dag.py took 0.421 seconds
[2026-09-01T10:07:06.192+0000] {processor.py:161} INFO - Started process (PID=323) to work on /opt/airflow/dags/recommendation_training_dag.py
[2026-09-01T10:07:06.195+0000] {processor.py:830} INFO - Processing file /opt/airflow/dags/recommendation_training_dag.py for tasks to queue
[2026-09-01T10:07:06.198+0000] {logging_mixin.py:188} INFO - [2026-09-01T10:07:06.197+0000] {dagbag.py:545} INFO - Filling up the DagBag from /opt/airflow/dags/recommendation_training_dag.py
[2026-09-01T10:07:06.000+0000] {logging_mixin.py:188} INFO - [2026-09-01T10:07:05.986+0000] {dagbag.py:355} ERROR - Failed to import: /opt/airflow/dags/recommendation_training_dag.py
Traceback (most recent call last):
  File "/home/airflow/.local/lib/python3.11/site-packages/airflow/models/dagbag.py", line 351, in parse
    loader.exec_module(new_module)
  File "<frozen importlib._bootstrap_external>", line 940, in exec_module
  File "<frozen importlib._bootstrap>", line 241, in _call_with_frames_removed
  File "/opt/airflow/dags/recommendation_training_dag.py", line 28, in <module>
    from src.models.train_model import ModelTraining
  File "/opt/airflow/project/src/models/train_model.py", line 7, in <module>
    import mlflow
ModuleNotFoundError: No module named 'mlflow'
[2026-09-01T10:07:06.003+0000] {processor.py:842} WARNING - No viable dags retrieved from /opt/airflow/dags/recommendation_training_dag.py
[2026-09-01T10:07:06.143+0000] {processor.py:183} INFO - Processing /opt/airflow/dags/recommendation_training_dag.py took 0.659 seconds
[2026-09-01T10:07:37.158+0000] {processor.py:161} INFO - Started process (PID=327) to work on /opt/airflow/dags/recommendation_training_dag.py
[2026-09-01T10:07:37.159+0000] {processor.py:830} INFO - Processing file /opt/airflow/dags/recommendation_training_dag.py for tasks to queue
[2026-09-01T10:07:37.161+0000] {logging_mixin.py:188} INFO - [2026-09-01T10:07:37.160+0000] {dagbag.py:545} INFO - Filling up the DagBag from /opt/airflow/dags/recommendation_training_dag.py
[2026-09-01T10:07:37.622+0000] {logging_mixin.py:188} INFO - [2026-09-01T10:07:37.611+0000] {dagbag.py:355} ERROR - Failed to import: /opt/airflow/dags/recommendation_training_dag.py
Traceback (most recent call last):
  File "/home/airflow/.local/lib/python3.11/site-packages/airflow/models/dagbag.py", line 351, in parse
    loader.exec_module(new_module)
  File "<frozen importlib._bootstrap_external>", line 940, in exec_module
  File "<frozen importlib._bootstrap>", line 241, in _call_with_frames_removed
  File "/opt/airflow/dags/recommendation_training_dag.py", line 28, in <module>
    from src.models.train_model import ModelTraining
  File "/opt/airflow/project/src/models/train_model.py", line 7, in <module>
    import mlflow
ModuleNotFoundError: No module named 'mlflow'
[2026-09-01T10:07:37.626+0000] {processor.py:842} WARNING - No viable dags retrieved from /opt/airflow/dags/recommendation_training_dag.py
[2026-09-01T10:07:37.701+0000] {processor.py:183} INFO - Processing /opt/airflow/dags/recommendation_training_dag.py took 0.553 seconds
[2026-09-01T10:08:07.841+0000] {processor.py:161} INFO - Started process (PID=331) to work on /opt/airflow/dags/recommendation_training_dag.py
[2026-09-01T10:08:07.843+0000] {processor.py:830} INFO - Processing file /opt/airflow/dags/recommendation_training_dag.py for tasks to queue
[2026-09-01T10:08:07.845+0000] {logging_mixin.py:188} INFO - [2026-09-01T10:08:07.844+0000] {dagbag.py:545} INFO - Filling up the DagBag from /opt/airflow/dags/recommendation_training_dag.py
[2026-09-01T10:08:08.339+0000] {logging_mixin.py:188} INFO - [2026-09-01T10:08:08.326+0000] {dagbag.py:355} ERROR - Failed to import: /opt/airflow/dags/recommendation_training_dag.py
Traceback (most recent call last):
  File "/home/airflow/.local/lib/python3.11/site-packages/airflow/models/dagbag.py", line 351, in parse
    loader.exec_module(new_module)
  File "<frozen importlib._bootstrap_external>", line 940, in exec_module
  File "<frozen importlib._bootstrap>", line 241, in _call_with_frames_removed
  File "/opt/airflow/dags/recommendation_training_dag.py", line 28, in <module>
    from src.models.train_model import ModelTraining
  File "/opt/airflow/project/src/models/train_model.py", line 7, in <module>
    import mlflow
ModuleNotFoundError: No module named 'mlflow'
[2026-09-01T10:08:08.344+0000] {processor.py:842} WARNING - No viable dags retrieved from /opt/airflow/dags/recommendation_training_dag.py
[2026-09-01T10:08:08.398+0000] {processor.py:183} INFO - Processing /opt/airflow/dags/recommendation_training_dag.py took 0.564 seconds
[2026-09-01T10:08:38.835+0000] {processor.py:161} INFO - Started process (PID=335) to work on /opt/airflow/dags/recommendation_training_dag.py
[2026-09-01T10:08:38.837+0000] {processor.py:830} INFO - Processing file /opt/airflow/dags/recommendation_training_dag.py for tasks to queue
[2026-09-01T10:08:38.841+0000] {logging_mixin.py:188} INFO - [2026-09-01T10:08:38.840+0000] {dagbag.py:545} INFO - Filling up the DagBag from /opt/airflow/dags/recommendation_training_dag.py
[2026-09-01T10:08:39.305+0000] {logging_mixin.py:188} INFO - [2026-09-01T10:08:39.296+0000] {dagbag.py:355} ERROR - Failed to import: /opt/airflow/dags/recommendation_training_dag.py
Traceback (most recent call last):
  File "/home/airflow/.local/lib/python3.11/site-packages/airflow/models/dagbag.py", line 351, in parse
    loader.exec_module(new_module)
  File "<frozen importlib._bootstrap_external>", line 940, in exec_module
  File "<frozen importlib._bootstrap>", line 241, in _call_with_frames_removed
  File "/opt/airflow/dags/recommendation_training_dag.py", line 28, in <module>
    from src.models.train_model import ModelTraining
  File "/opt/airflow/project/src/models/train_model.py", line 7, in <module>
    import mlflow
ModuleNotFoundError: No module named 'mlflow'
[2026-09-01T10:08:39.308+0000] {processor.py:842} WARNING - No viable dags retrieved from /opt/airflow/dags/recommendation_training_dag.py
[2026-09-01T10:08:39.337+0000] {processor.py:183} INFO - Processing /opt/airflow/dags/recommendation_training_dag.py took 0.516 seconds
[2026-09-01T10:09:09.484+0000] {processor.py:161} INFO - Started process (PID=339) to work on /opt/airflow/dags/recommendation_training_dag.py
[2026-09-01T10:09:09.485+0000] {processor.py:830} INFO - Processing file /opt/airflow/dags/recommendation_training_dag.py for tasks to queue
[2026-09-01T10:09:09.487+0000] {logging_mixin.py:188} INFO - [2026-09-01T10:09:09.487+0000] {dagbag.py:545} INFO - Filling up the DagBag from /opt/airflow/dags/recommendation_training_dag.py
[2026-09-01T10:09:09.925+0000] {logging_mixin.py:188} INFO - [2026-09-01T10:09:09.910+0000] {dagbag.py:355} ERROR - Failed to import: /opt/airflow/dags/recommendation_training_dag.py
Traceback (most recent call last):
  File "/home/airflow/.local/lib/python3.11/site-packages/airflow/models/dagbag.py", line 351, in parse
    loader.exec_module(new_module)
  File "<frozen importlib._bootstrap_external>", line 940, in exec_module
  File "<frozen importlib._bootstrap>", line 241, in _call_with_frames_removed
  File "/opt/airflow/dags/recommendation_training_dag.py", line 28, in <module>
    from src.models.train_model import ModelTraining
  File "/opt/airflow/project/src/models/train_model.py", line 7, in <module>
    import mlflow
ModuleNotFoundError: No module named 'mlflow'
[2026-09-01T10:09:09.930+0000] {processor.py:842} WARNING - No viable dags retrieved from /opt/airflow/dags/recommendation_training_dag.py
[2026-09-01T10:09:09.992+0000] {processor.py:183} INFO - Processing /opt/airflow/dags/recommendation_training_dag.py took 0.520 seconds
[2026-09-01T10:09:40.323+0000] {processor.py:161} INFO - Started process (PID=343) to work on /opt/airflow/dags/recommendation_training_dag.py
[2026-09-01T10:09:40.326+0000] {processor.py:830} INFO - Processing file /opt/airflow/dags/recommendation_training_dag.py for tasks to queue
[2026-09-01T10:09:40.329+0000] {logging_mixin.py:188} INFO - [2026-09-01T10:09:40.329+0000] {dagbag.py:545} INFO - Filling up the DagBag from /opt/airflow/dags/recommendation_training_dag.py
[2026-09-01T10:09:40.851+0000] {logging_mixin.py:188} INFO - [2026-09-01T10:09:40.833+0000] {dagbag.py:355} ERROR - Failed to import: /opt/airflow/dags/recommendation_training_dag.py
Traceback (most recent call last):
  File "/home/airflow/.local/lib/python3.11/site-packages/airflow/models/dagbag.py", line 351, in parse
    loader.exec_module(new_module)
  File "<frozen importlib._bootstrap_external>", line 940, in exec_module
  File "<frozen importlib._bootstrap>", line 241, in _call_with_frames_removed
  File "/opt/airflow/dags/recommendation_training_dag.py", line 28, in <module>
    from src.models.train_model import ModelTraining
  File "/opt/airflow/project/src/models/train_model.py", line 7, in <module>
    import mlflow
ModuleNotFoundError: No module named 'mlflow'
[2026-09-01T10:09:40.858+0000] {processor.py:842} WARNING - No viable dags retrieved from /opt/airflow/dags/recommendation_training_dag.py
[2026-09-01T10:09:40.933+0000] {processor.py:183} INFO - Processing /opt/airflow/dags/recommendation_training_dag.py took 0.625 seconds
[2026-09-01T10:10:11.105+0000] {processor.py:161} INFO - Started process (PID=347) to work on /opt/airflow/dags/recommendation_training_dag.py
[2026-09-01T10:10:11.107+0000] {processor.py:830} INFO - Processing file /opt/airflow/dags/recommendation_training_dag.py for tasks to queue
[2026-09-01T10:10:11.111+0000] {logging_mixin.py:188} INFO - [2026-09-01T10:10:11.110+0000] {dagbag.py:545} INFO - Filling up the DagBag from /opt/airflow/dags/recommendation_training_dag.py
[2026-09-01T10:10:11.466+0000] {logging_mixin.py:188} INFO - [2026-09-01T10:10:11.461+0000] {dagbag.py:355} ERROR - Failed to import: /opt/airflow/dags/recommendation_training_dag.py
Traceback (most recent call last):
  File "/home/airflow/.local/lib/python3.11/site-packages/airflow/models/dagbag.py", line 351, in parse
    loader.exec_module(new_module)
  File "<frozen importlib._bootstrap_external>", line 940, in exec_module
  File "<frozen importlib._bootstrap>", line 241, in _call_with_frames_removed
  File "/opt/airflow/dags/recommendation_training_dag.py", line 28, in <module>
    from src.models.train_model import ModelTraining
  File "/opt/airflow/project/src/models/train_model.py", line 7, in <module>
    import mlflow
ModuleNotFoundError: No module named 'mlflow'
[2026-09-01T10:10:11.468+0000] {processor.py:842} WARNING - No viable dags retrieved from /opt/airflow/dags/recommendation_training_dag.py
[2026-09-01T10:10:11.556+0000] {processor.py:183} INFO - Processing /opt/airflow/dags/recommendation_training_dag.py took 0.464 seconds
[2026-09-01T10:10:41.653+0000] {processor.py:161} INFO - Started process (PID=351) to work on /opt/airflow/dags/recommendation_training_dag.py
[2026-09-01T10:10:41.656+0000] {processor.py:830} INFO - Processing file /opt/airflow/dags/recommendation_training_dag.py for tasks to queue
[2026-09-01T10:10:41.659+0000] {logging_mixin.py:188} INFO - [2026-09-01T10:10:41.658+0000] {dagbag.py:545} INFO - Filling up the DagBag from /opt/airflow/dags/recommendation_training_dag.py
[2026-09-01T10:10:42.158+0000] {logging_mixin.py:188} INFO - [2026-09-01T10:10:42.147+0000] {dagbag.py:355} ERROR - Failed to import: /opt/airflow/dags/recommendation_training_dag.py
Traceback (most recent call last):
  File "/home/airflow/.local/lib/python3.11/site-packages/airflow/models/dagbag.py", line 351, in parse
    loader.exec_module(new_module)
  File "<frozen importlib._bootstrap_external>", line 940, in exec_module
  File "<frozen importlib._bootstrap>", line 241, in _call_with_frames_removed
  File "/opt/airflow/dags/recommendation_training_dag.py", line 28, in <module>
    from src.models.train_model import ModelTraining
  File "/opt/airflow/project/src/models/train_model.py", line 7, in <module>
    import mlflow
ModuleNotFoundError: No module named 'mlflow'
[2026-09-01T10:10:42.162+0000] {processor.py:842} WARNING - No viable dags retrieved from /opt/airflow/dags/recommendation_training_dag.py
[2026-09-01T10:10:42.213+0000] {processor.py:183} INFO - Processing /opt/airflow/dags/recommendation_training_dag.py took 0.576 seconds
[2026-09-01T10:11:12.497+0000] {processor.py:161} INFO - Started process (PID=355) to work on /opt/airflow/dags/recommendation_training_dag.py
[2026-09-01T10:11:12.499+0000] {processor.py:830} INFO - Processing file /opt/airflow/dags/recommendation_training_dag.py for tasks to queue
[2026-09-01T10:11:12.503+0000] {logging_mixin.py:188} INFO - [2026-09-01T10:11:12.502+0000] {dagbag.py:545} INFO - Filling up the DagBag from /opt/airflow/dags/recommendation_training_dag.py
[2026-09-01T10:11:12.841+0000] {logging_mixin.py:188} INFO - [2026-09-01T10:11:12.834+0000] {dagbag.py:355} ERROR - Failed to import: /opt/airflow/dags/recommendation_training_dag.py
Traceback (most recent call last):
  File "/home/airflow/.local/lib/python3.11/site-packages/airflow/models/dagbag.py", line 351, in parse
    loader.exec_module(new_module)
  File "<frozen importlib._bootstrap_external>", line 940, in exec_module
  File "<frozen importlib._bootstrap>", line 241, in _call_with_frames_removed
  File "/opt/airflow/dags/recommendation_training_dag.py", line 28, in <module>
    from src.models.train_model import ModelTraining
  File "/opt/airflow/project/src/models/train_model.py", line 7, in <module>
    import mlflow
ModuleNotFoundError: No module named 'mlflow'
[2026-09-01T10:11:12.843+0000] {processor.py:842} WARNING - No viable dags retrieved from /opt/airflow/dags/recommendation_training_dag.py
[2026-09-01T10:11:12.877+0000] {processor.py:183} INFO - Processing /opt/airflow/dags/recommendation_training_dag.py took 0.393 seconds
[2026-09-01T10:11:43.181+0000] {processor.py:161} INFO - Started process (PID=359) to work on /opt/airflow/dags/recommendation_training_dag.py
[2026-09-01T10:11:43.183+0000] {processor.py:830} INFO - Processing file /opt/airflow/dags/recommendation_training_dag.py for tasks to queue
[2026-09-01T10:11:43.187+0000] {logging_mixin.py:188} INFO - [2026-09-01T10:11:43.186+0000] {dagbag.py:545} INFO - Filling up the DagBag from /opt/airflow/dags/recommendation_training_dag.py
[2026-09-01T10:11:43.685+0000] {logging_mixin.py:188} INFO - [2026-09-01T10:11:43.659+0000] {dagbag.py:355} ERROR - Failed to import: /opt/airflow/dags/recommendation_training_dag.py
Traceback (most recent call last):
  File "/home/airflow/.local/lib/python3.11/site-packages/airflow/models/dagbag.py", line 351, in parse
    loader.exec_module(new_module)
  File "<frozen importlib._bootstrap_external>", line 940, in exec_module
  File "<frozen importlib._bootstrap>", line 241, in _call_with_frames_removed
  File "/opt/airflow/dags/recommendation_training_dag.py", line 28, in <module>
    from src.models.train_model import ModelTraining
  File "/opt/airflow/project/src/models/train_model.py", line 7, in <module>
    import mlflow
ModuleNotFoundError: No module named 'mlflow'
[2026-09-01T10:11:43.694+0000] {processor.py:842} WARNING - No viable dags retrieved from /opt/airflow/dags/recommendation_training_dag.py
[2026-09-01T10:11:43.811+0000] {processor.py:183} INFO - Processing /opt/airflow/dags/recommendation_training_dag.py took 0.643 seconds
[2026-09-01T10:12:14.123+0000] {processor.py:161} INFO - Started process (PID=363) to work on /opt/airflow/dags/recommendation_training_dag.py
[2026-09-01T10:12:14.126+0000] {processor.py:830} INFO - Processing file /opt/airflow/dags/recommendation_training_dag.py for tasks to queue
[2026-09-01T10:12:14.129+0000] {logging_mixin.py:188} INFO - [2026-09-01T10:12:14.129+0000] {dagbag.py:545} INFO - Filling up the DagBag from /opt/airflow/dags/recommendation_training_dag.py
[2026-09-01T10:12:14.667+0000] {logging_mixin.py:188} INFO - [2026-09-01T10:12:14.653+0000] {dagbag.py:355} ERROR - Failed to import: /opt/airflow/dags/recommendation_training_dag.py
Traceback (most recent call last):
  File "/home/airflow/.local/lib/python3.11/site-packages/airflow/models/dagbag.py", line 351, in parse
    loader.exec_module(new_module)
  File "<frozen importlib._bootstrap_external>", line 940, in exec_module
  File "<frozen importlib._bootstrap>", line 241, in _call_with_frames_removed
  File "/opt/airflow/dags/recommendation_training_dag.py", line 28, in <module>
    from src.models.train_model import ModelTraining
  File "/opt/airflow/project/src/models/train_model.py", line 7, in <module>
    import mlflow
ModuleNotFoundError: No module named 'mlflow'
[2026-09-01T10:12:14.670+0000] {processor.py:842} WARNING - No viable dags retrieved from /opt/airflow/dags/recommendation_training_dag.py
[2026-09-01T10:12:14.769+0000] {processor.py:183} INFO - Processing /opt/airflow/dags/recommendation_training_dag.py took 0.659 seconds
[2026-09-01T10:12:45.032+0000] {processor.py:161} INFO - Started process (PID=367) to work on /opt/airflow/dags/recommendation_training_dag.py
[2026-09-01T10:12:45.036+0000] {processor.py:830} INFO - Processing file /opt/airflow/dags/recommendation_training_dag.py for tasks to queue
[2026-09-01T10:12:45.040+0000] {logging_mixin.py:188} INFO - [2026-09-01T10:12:45.039+0000] {dagbag.py:545} INFO - Filling up the DagBag from /opt/airflow/dags/recommendation_training_dag.py
[2026-09-01T10:12:45.456+0000] {logging_mixin.py:188} INFO - [2026-09-01T10:12:45.450+0000] {dagbag.py:355} ERROR - Failed to import: /opt/airflow/dags/recommendation_training_dag.py
Traceback (most recent call last):
  File "/home/airflow/.local/lib/python3.11/site-packages/airflow/models/dagbag.py", line 351, in parse
    loader.exec_module(new_module)
  File "<frozen importlib._bootstrap_external>", line 940, in exec_module
  File "<frozen importlib._bootstrap>", line 241, in _call_with_frames_removed
  File "/opt/airflow/dags/recommendation_training_dag.py", line 28, in <module>
    from src.models.train_model import ModelTraining
  File "/opt/airflow/project/src/models/train_model.py", line 7, in <module>
    import mlflow
ModuleNotFoundError: No module named 'mlflow'
[2026-09-01T10:12:45.458+0000] {processor.py:842} WARNING - No viable dags retrieved from /opt/airflow/dags/recommendation_training_dag.py
[2026-09-01T10:12:45.493+0000] {processor.py:183} INFO - Processing /opt/airflow/dags/recommendation_training_dag.py took 0.476 seconds
[2026-09-01T10:13:16.523+0000] {processor.py:161} INFO - Started process (PID=371) to work on /opt/airflow/dags/recommendation_training_dag.py
[2026-09-01T10:13:16.528+0000] {processor.py:830} INFO - Processing file /opt/airflow/dags/recommendation_training_dag.py for tasks to queue
[2026-09-01T10:13:16.531+0000] {logging_mixin.py:188} INFO - [2026-09-01T10:13:16.531+0000] {dagbag.py:545} INFO - Filling up the DagBag from /opt/airflow/dags/recommendation_training_dag.py
[2026-09-01T10:13:16.890+0000] {logging_mixin.py:188} INFO - [2026-09-01T10:13:16.884+0000] {dagbag.py:355} ERROR - Failed to import: /opt/airflow/dags/recommendation_training_dag.py
Traceback (most recent call last):
  File "/home/airflow/.local/lib/python3.11/site-packages/airflow/models/dagbag.py", line 351, in parse
    loader.exec_module(new_module)
  File "<frozen importlib._bootstrap_external>", line 940, in exec_module
  File "<frozen importlib._bootstrap>", line 241, in _call_with_frames_removed
  File "/opt/airflow/dags/recommendation_training_dag.py", line 28, in <module>
    from src.models.train_model import ModelTraining
  File "/opt/airflow/project/src/models/train_model.py", line 7, in <module>
    import mlflow
ModuleNotFoundError: No module named 'mlflow'
[2026-09-01T10:13:16.892+0000] {processor.py:842} WARNING - No viable dags retrieved from /opt/airflow/dags/recommendation_training_dag.py
[2026-09-01T10:13:16.943+0000] {processor.py:183} INFO - Processing /opt/airflow/dags/recommendation_training_dag.py took 0.432 seconds
[2026-09-01T10:13:47.225+0000] {processor.py:161} INFO - Started process (PID=375) to work on /opt/airflow/dags/recommendation_training_dag.py
[2026-09-01T10:13:47.227+0000] {processor.py:830} INFO - Processing file /opt/airflow/dags/recommendation_training_dag.py for tasks to queue
[2026-09-01T10:13:47.231+0000] {logging_mixin.py:188} INFO - [2026-09-01T10:13:47.230+0000] {dagbag.py:545} INFO - Filling up the DagBag from /opt/airflow/dags/recommendation_training_dag.py
[2026-09-01T10:13:47.703+0000] {logging_mixin.py:188} INFO - [2026-09-01T10:13:47.691+0000] {dagbag.py:355} ERROR - Failed to import: /opt/airflow/dags/recommendation_training_dag.py
Traceback (most recent call last):
  File "/home/airflow/.local/lib/python3.11/site-packages/airflow/models/dagbag.py", line 351, in parse
    loader.exec_module(new_module)
  File "<frozen importlib._bootstrap_external>", line 940, in exec_module
  File "<frozen importlib._bootstrap>", line 241, in _call_with_frames_removed
  File "/opt/airflow/dags/recommendation_training_dag.py", line 28, in <module>
    from src.models.train_model import ModelTraining
  File "/opt/airflow/project/src/models/train_model.py", line 7, in <module>
    import mlflow
ModuleNotFoundError: No module named 'mlflow'
[2026-09-01T10:13:47.708+0000] {processor.py:842} WARNING - No viable dags retrieved from /opt/airflow/dags/recommendation_training_dag.py
[2026-09-01T10:13:47.777+0000] {processor.py:183} INFO - Processing /opt/airflow/dags/recommendation_training_dag.py took 0.565 seconds
[2026-09-01T10:14:18.241+0000] {processor.py:161} INFO - Started process (PID=379) to work on /opt/airflow/dags/recommendation_training_dag.py
[2026-09-01T10:14:18.246+0000] {processor.py:830} INFO - Processing file /opt/airflow/dags/recommendation_training_dag.py for tasks to queue
[2026-09-01T10:14:18.252+0000] {logging_mixin.py:188} INFO - [2026-09-01T10:14:18.251+0000] {dagbag.py:545} INFO - Filling up the DagBag from /opt/airflow/dags/recommendation_training_dag.py
[2026-09-01T10:14:18.783+0000] {logging_mixin.py:188} INFO - [2026-09-01T10:14:18.768+0000] {dagbag.py:355} ERROR - Failed to import: /opt/airflow/dags/recommendation_training_dag.py
Traceback (most recent call last):
  File "/home/airflow/.local/lib/python3.11/site-packages/airflow/models/dagbag.py", line 351, in parse
    loader.exec_module(new_module)
  File "<frozen importlib._bootstrap_external>", line 940, in exec_module
  File "<frozen importlib._bootstrap>", line 241, in _call_with_frames_removed
  File "/opt/airflow/dags/recommendation_training_dag.py", line 28, in <module>
    from src.models.train_model import ModelTraining
  File "/opt/airflow/project/src/models/train_model.py", line 7, in <module>
    import mlflow
ModuleNotFoundError: No module named 'mlflow'
[2026-09-01T10:14:18.791+0000] {processor.py:842} WARNING - No viable dags retrieved from /opt/airflow/dags/recommendation_training_dag.py
[2026-09-01T10:14:18.855+0000] {processor.py:183} INFO - Processing /opt/airflow/dags/recommendation_training_dag.py took 0.637 seconds
[2026-09-01T10:14:49.748+0000] {processor.py:161} INFO - Started process (PID=383) to work on /opt/airflow/dags/recommendation_training_dag.py
[2026-09-01T10:14:49.750+0000] {processor.py:830} INFO - Processing file /opt/airflow/dags/recommendation_training_dag.py for tasks to queue
[2026-09-01T10:14:49.752+0000] {logging_mixin.py:188} INFO - [2026-09-01T10:14:49.751+0000] {dagbag.py:545} INFO - Filling up the DagBag from /opt/airflow/dags/recommendation_training_dag.py
[2026-09-01T10:14:50.121+0000] {logging_mixin.py:188} INFO - [2026-09-01T10:14:50.099+0000] {dagbag.py:355} ERROR - Failed to import: /opt/airflow/dags/recommendation_training_dag.py
Traceback (most recent call last):
  File "/home/airflow/.local/lib/python3.11/site-packages/airflow/models/dagbag.py", line 351, in parse
    loader.exec_module(new_module)
  File "<frozen importlib._bootstrap_external>", line 940, in exec_module
  File "<frozen importlib._bootstrap>", line 241, in _call_with_frames_removed
  File "/opt/airflow/dags/recommendation_training_dag.py", line 28, in <module>
    from src.models.train_model import ModelTraining
  File "/opt/airflow/project/src/models/train_model.py", line 7, in <module>
    import mlflow
ModuleNotFoundError: No module named 'mlflow'
[2026-09-01T10:14:50.125+0000] {processor.py:842} WARNING - No viable dags retrieved from /opt/airflow/dags/recommendation_training_dag.py
[2026-09-01T10:14:50.200+0000] {processor.py:183} INFO - Processing /opt/airflow/dags/recommendation_training_dag.py took 0.460 seconds
[2026-09-01T10:15:20.469+0000] {processor.py:161} INFO - Started process (PID=387) to work on /opt/airflow/dags/recommendation_training_dag.py
[2026-09-01T10:15:20.471+0000] {processor.py:830} INFO - Processing file /opt/airflow/dags/recommendation_training_dag.py for tasks to queue
[2026-09-01T10:15:20.473+0000] {logging_mixin.py:188} INFO - [2026-09-01T10:15:20.473+0000] {dagbag.py:545} INFO - Filling up the DagBag from /opt/airflow/dags/recommendation_training_dag.py
[2026-09-01T10:15:20.970+0000] {logging_mixin.py:188} INFO - [2026-09-01T10:15:20.955+0000] {dagbag.py:355} ERROR - Failed to import: /opt/airflow/dags/recommendation_training_dag.py
Traceback (most recent call last):
  File "/home/airflow/.local/lib/python3.11/site-packages/airflow/models/dagbag.py", line 351, in parse
    loader.exec_module(new_module)
  File "<frozen importlib._bootstrap_external>", line 940, in exec_module
  File "<frozen importlib._bootstrap>", line 241, in _call_with_frames_removed
  File "/opt/airflow/dags/recommendation_training_dag.py", line 28, in <module>
    from src.models.train_model import ModelTraining
  File "/opt/airflow/project/src/models/train_model.py", line 7, in <module>
    import mlflow
ModuleNotFoundError: No module named 'mlflow'
[2026-09-01T10:15:20.977+0000] {processor.py:842} WARNING - No viable dags retrieved from /opt/airflow/dags/recommendation_training_dag.py
[2026-09-01T10:15:21.030+0000] {processor.py:183} INFO - Processing /opt/airflow/dags/recommendation_training_dag.py took 0.577 seconds
[2026-09-01T10:15:51.265+0000] {processor.py:161} INFO - Started process (PID=391) to work on /opt/airflow/dags/recommendation_training_dag.py
[2026-09-01T10:15:51.267+0000] {processor.py:830} INFO - Processing file /opt/airflow/dags/recommendation_training_dag.py for tasks to queue
[2026-09-01T10:15:51.271+0000] {logging_mixin.py:188} INFO - [2026-09-01T10:15:51.270+0000] {dagbag.py:545} INFO - Filling up the DagBag from /opt/airflow/dags/recommendation_training_dag.py
[2026-09-01T10:15:51.775+0000] {logging_mixin.py:188} INFO - [2026-09-01T10:15:51.764+0000] {dagbag.py:355} ERROR - Failed to import: /opt/airflow/dags/recommendation_training_dag.py
Traceback (most recent call last):
  File "/home/airflow/.local/lib/python3.11/site-packages/airflow/models/dagbag.py", line 351, in parse
    loader.exec_module(new_module)
  File "<frozen importlib._bootstrap_external>", line 940, in exec_module
  File "<frozen importlib._bootstrap>", line 241, in _call_with_frames_removed
  File "/opt/airflow/dags/recommendation_training_dag.py", line 28, in <module>
    from src.models.train_model import ModelTraining
  File "/opt/airflow/project/src/models/train_model.py", line 7, in <module>
    import mlflow
ModuleNotFoundError: No module named 'mlflow'
[2026-09-01T10:15:51.778+0000] {processor.py:842} WARNING - No viable dags retrieved from /opt/airflow/dags/recommendation_training_dag.py
[2026-09-01T10:15:51.842+0000] {processor.py:183} INFO - Processing /opt/airflow/dags/recommendation_training_dag.py took 0.593 seconds
[2026-09-01T10:16:22.869+0000] {processor.py:161} INFO - Started process (PID=395) to work on /opt/airflow/dags/recommendation_training_dag.py
[2026-09-01T10:16:22.871+0000] {processor.py:830} INFO - Processing file /opt/airflow/dags/recommendation_training_dag.py for tasks to queue
[2026-09-01T10:16:22.873+0000] {logging_mixin.py:188} INFO - [2026-09-01T10:16:22.873+0000] {dagbag.py:545} INFO - Filling up the DagBag from /opt/airflow/dags/recommendation_training_dag.py
[2026-09-01T10:16:23.062+0000] {logging_mixin.py:188} INFO - [2026-09-01T10:16:23.049+0000] {dagbag.py:355} ERROR - Failed to import: /opt/airflow/dags/recommendation_training_dag.py
Traceback (most recent call last):
  File "/home/airflow/.local/lib/python3.11/site-packages/airflow/models/dagbag.py", line 351, in parse
    loader.exec_module(new_module)
  File "<frozen importlib._bootstrap_external>", line 940, in exec_module
  File "<frozen importlib._bootstrap>", line 241, in _call_with_frames_removed
  File "/opt/airflow/dags/recommendation_training_dag.py", line 28, in <module>
    from src.models.train_model import ModelTraining
  File "/opt/airflow/project/src/models/train_model.py", line 7, in <module>
    import mlflow
ModuleNotFoundError: No module named 'mlflow'
[2026-09-01T10:16:23.066+0000] {processor.py:842} WARNING - No viable dags retrieved from /opt/airflow/dags/recommendation_training_dag.py
[2026-09-01T10:16:23.218+0000] {processor.py:183} INFO - Processing /opt/airflow/dags/recommendation_training_dag.py took 0.812 seconds
[2026-09-01T10:16:53.561+0000] {processor.py:161} INFO - Started process (PID=399) to work on /opt/airflow/dags/recommendation_training_dag.py
[2026-09-01T10:16:53.565+0000] {processor.py:830} INFO - Processing file /opt/airflow/dags/recommendation_training_dag.py for tasks to queue
[2026-09-01T10:16:53.570+0000] {logging_mixin.py:188} INFO - [2026-09-01T10:16:53.569+0000] {dagbag.py:545} INFO - Filling up the DagBag from /opt/airflow/dags/recommendation_training_dag.py
[2026-09-01T10:16:53.973+0000] {logging_mixin.py:188} INFO - [2026-09-01T10:16:53.967+0000] {dagbag.py:355} ERROR - Failed to import: /opt/airflow/dags/recommendation_training_dag.py
Traceback (most recent call last):
  File "/home/airflow/.local/lib/python3.11/site-packages/airflow/models/dagbag.py", line 351, in parse
    loader.exec_module(new_module)
  File "<frozen importlib._bootstrap_external>", line 940, in exec_module
  File "<frozen importlib._bootstrap>", line 241, in _call_with_frames_removed
  File "/opt/airflow/dags/recommendation_training_dag.py", line 28, in <module>
    from src.models.train_model import ModelTraining
  File "/opt/airflow/project/src/models/train_model.py", line 7, in <module>
    import mlflow
ModuleNotFoundError: No module named 'mlflow'
[2026-09-01T10:16:53.975+0000] {processor.py:842} WARNING - No viable dags retrieved from /opt/airflow/dags/recommendation_training_dag.py
[2026-09-01T10:16:54.013+0000] {processor.py:183} INFO - Processing /opt/airflow/dags/recommendation_training_dag.py took 0.476 seconds
[2026-09-01T10:17:24.356+0000] {processor.py:161} INFO - Started process (PID=403) to work on /opt/airflow/dags/recommendation_training_dag.py
[2026-09-01T10:17:24.358+0000] {processor.py:830} INFO - Processing file /opt/airflow/dags/recommendation_training_dag.py for tasks to queue
[2026-09-01T10:17:24.363+0000] {logging_mixin.py:188} INFO - [2026-09-01T10:17:24.361+0000] {dagbag.py:545} INFO - Filling up the DagBag from /opt/airflow/dags/recommendation_training_dag.py
[2026-09-01T10:17:24.929+0000] {logging_mixin.py:188} INFO - [2026-09-01T10:17:24.913+0000] {dagbag.py:355} ERROR - Failed to import: /opt/airflow/dags/recommendation_training_dag.py
Traceback (most recent call last):
  File "/home/airflow/.local/lib/python3.11/site-packages/airflow/models/dagbag.py", line 351, in parse
    loader.exec_module(new_module)
  File "<frozen importlib._bootstrap_external>", line 940, in exec_module
  File "<frozen importlib._bootstrap>", line 241, in _call_with_frames_removed
  File "/opt/airflow/dags/recommendation_training_dag.py", line 28, in <module>
    from src.models.train_model import ModelTraining
  File "/opt/airflow/project/src/models/train_model.py", line 7, in <module>
    import mlflow
ModuleNotFoundError: No module named 'mlflow'
[2026-09-01T10:17:24.933+0000] {processor.py:842} WARNING - No viable dags retrieved from /opt/airflow/dags/recommendation_training_dag.py
[2026-09-01T10:17:24.993+0000] {processor.py:183} INFO - Processing /opt/airflow/dags/recommendation_training_dag.py took 0.655 seconds
[2026-09-01T10:17:55.199+0000] {processor.py:161} INFO - Started process (PID=407) to work on /opt/airflow/dags/recommendation_training_dag.py
[2026-09-01T10:17:55.202+0000] {processor.py:830} INFO - Processing file /opt/airflow/dags/recommendation_training_dag.py for tasks to queue
[2026-09-01T10:17:55.206+0000] {logging_mixin.py:188} INFO - [2026-09-01T10:17:55.205+0000] {dagbag.py:545} INFO - Filling up the DagBag from /opt/airflow/dags/recommendation_training_dag.py
[2026-09-01T10:17:55.558+0000] {logging_mixin.py:188} INFO - [2026-09-01T10:17:55.553+0000] {dagbag.py:355} ERROR - Failed to import: /opt/airflow/dags/recommendation_training_dag.py
Traceback (most recent call last):
  File "/home/airflow/.local/lib/python3.11/site-packages/airflow/models/dagbag.py", line 351, in parse
    loader.exec_module(new_module)
  File "<frozen importlib._bootstrap_external>", line 940, in exec_module
  File "<frozen importlib._bootstrap>", line 241, in _call_with_frames_removed
  File "/opt/airflow/dags/recommendation_training_dag.py", line 28, in <module>
    from src.models.train_model import ModelTraining
  File "/opt/airflow/project/src/models/train_model.py", line 7, in <module>
    import mlflow
ModuleNotFoundError: No module named 'mlflow'
[2026-09-01T10:17:55.560+0000] {processor.py:842} WARNING - No viable dags retrieved from /opt/airflow/dags/recommendation_training_dag.py
[2026-09-01T10:17:55.714+0000] {processor.py:183} INFO - Processing /opt/airflow/dags/recommendation_training_dag.py took 0.531 seconds
[2026-09-01T10:18:25.873+0000] {processor.py:161} INFO - Started process (PID=411) to work on /opt/airflow/dags/recommendation_training_dag.py
[2026-09-01T10:18:25.876+0000] {processor.py:830} INFO - Processing file /opt/airflow/dags/recommendation_training_dag.py for tasks to queue
[2026-09-01T10:18:25.880+0000] {logging_mixin.py:188} INFO - [2026-09-01T10:18:25.879+0000] {dagbag.py:545} INFO - Filling up the DagBag from /opt/airflow/dags/recommendation_training_dag.py
[2026-09-01T10:18:26.291+0000] {logging_mixin.py:188} INFO - [2026-09-01T10:18:26.284+0000] {dagbag.py:355} ERROR - Failed to import: /opt/airflow/dags/recommendation_training_dag.py
Traceback (most recent call last):
  File "/home/airflow/.local/lib/python3.11/site-packages/airflow/models/dagbag.py", line 351, in parse
    loader.exec_module(new_module)
  File "<frozen importlib._bootstrap_external>", line 940, in exec_module
  File "<frozen importlib._bootstrap>", line 241, in _call_with_frames_removed
  File "/opt/airflow/dags/recommendation_training_dag.py", line 28, in <module>
    from src.models.train_model import ModelTraining
  File "/opt/airflow/project/src/models/train_model.py", line 7, in <module>
    import mlflow
ModuleNotFoundError: No module named 'mlflow'
[2026-09-01T10:18:26.296+0000] {processor.py:842} WARNING - No viable dags retrieved from /opt/airflow/dags/recommendation_training_dag.py
[2026-09-01T10:18:26.386+0000] {processor.py:183} INFO - Processing /opt/airflow/dags/recommendation_training_dag.py took 0.527 seconds
[2026-09-01T10:18:56.625+0000] {processor.py:161} INFO - Started process (PID=415) to work on /opt/airflow/dags/recommendation_training_dag.py
[2026-09-01T10:18:56.627+0000] {processor.py:830} INFO - Processing file /opt/airflow/dags/recommendation_training_dag.py for tasks to queue
[2026-09-01T10:18:56.630+0000] {logging_mixin.py:188} INFO - [2026-09-01T10:18:56.629+0000] {dagbag.py:545} INFO - Filling up the DagBag from /opt/airflow/dags/recommendation_training_dag.py
[2026-09-01T10:18:57.095+0000] {logging_mixin.py:188} INFO - [2026-09-01T10:18:57.082+0000] {dagbag.py:355} ERROR - Failed to import: /opt/airflow/dags/recommendation_training_dag.py
Traceback (most recent call last):
  File "/home/airflow/.local/lib/python3.11/site-packages/airflow/models/dagbag.py", line 351, in parse
    loader.exec_module(new_module)
  File "<frozen importlib._bootstrap_external>", line 940, in exec_module
  File "<frozen importlib._bootstrap>", line 241, in _call_with_frames_removed
  File "/opt/airflow/dags/recommendation_training_dag.py", line 28, in <module>
    from src.models.train_model import ModelTraining
  File "/opt/airflow/project/src/models/train_model.py", line 7, in <module>
    import mlflow
ModuleNotFoundError: No module named 'mlflow'
[2026-09-01T10:18:57.099+0000] {processor.py:842} WARNING - No viable dags retrieved from /opt/airflow/dags/recommendation_training_dag.py
[2026-09-01T10:18:57.164+0000] {processor.py:183} INFO - Processing /opt/airflow/dags/recommendation_training_dag.py took 0.549 seconds
