[2026-09-03T07:15:15.404+0000] {processor.py:161} INFO - Started process (PID=36) to work on /opt/airflow/dags/__init__.py
[2026-09-03T07:15:15.406+0000] {processor.py:830} INFO - Processing file /opt/airflow/dags/__init__.py for tasks to queue
[2026-09-03T07:15:15.408+0000] {logging_mixin.py:188} INFO - [2026-09-03T07:15:15.408+0000] {dagbag.py:545} INFO - Filling up the DagBag from /opt/airflow/dags/__init__.py
[2026-09-03T07:15:15.424+0000] {processor.py:842} WARNING - No viable dags retrieved from /opt/airflow/dags/__init__.py
[2026-09-03T07:15:15.451+0000] {processor.py:183} INFO - Processing /opt/airflow/dags/__init__.py took 0.056 seconds
[2026-09-03T07:15:52.775+0000] {processor.py:161} INFO - Started process (PID=48) to work on /opt/airflow/dags/__init__.py
[2026-09-03T07:15:52.778+0000] {processor.py:830} INFO - Processing file /opt/airflow/dags/__init__.py for tasks to queue
[2026-09-03T07:15:52.782+0000] {logging_mixin.py:188} INFO - [2026-09-03T07:15:52.782+0000] {dagbag.py:545} INFO - Filling up the DagBag from /opt/airflow/dags/__init__.py
[2026-09-03T07:15:52.808+0000] {processor.py:842} WARNING - No viable dags retrieved from /opt/airflow/dags/__init__.py
[2026-09-03T07:15:52.845+0000] {processor.py:183} INFO - Processing /opt/airflow/dags/__init__.py took 0.090 seconds
[2026-09-03T07:16:27.946+0000] {processor.py:161} INFO - Started process (PID=60) to work on /opt/airflow/dags/__init__.py
[2026-09-03T07:16:27.947+0000] {processor.py:830} INFO - Processing file /opt/airflow/dags/__init__.py for tasks to queue
[2026-09-03T07:16:27.950+0000] {logging_mixin.py:188} INFO - [2026-09-03T07:16:27.949+0000] {dagbag.py:545} INFO - Filling up the DagBag from /opt/airflow/dags/__init__.py
[2026-09-03T07:16:27.965+0000] {processor.py:842} WARNING - No viable dags retrieved from /opt/airflow/dags/__init__.py
[2026-09-03T07:16:28.007+0000] {processor.py:183} INFO - Processing /opt/airflow/dags/__init__.py took 0.078 seconds
[2026-09-03T07:17:08.923+0000] {processor.py:161} INFO - Started process (PID=73) to work on /opt/airflow/dags/__init__.py
[2026-09-03T07:17:08.925+0000] {processor.py:830} INFO - Processing file /opt/airflow/dags/__init__.py for tasks to queue
[2026-09-03T07:17:08.929+0000] {logging_mixin.py:188} INFO - [2026-09-03T07:17:08.928+0000] {dagbag.py:545} INFO - Filling up the DagBag from /opt/airflow/dags/__init__.py
[2026-09-03T07:17:08.949+0000] {processor.py:842} WARNING - No viable dags retrieved from /opt/airflow/dags/__init__.py
[2026-09-03T07:17:08.993+0000] {processor.py:183} INFO - Processing /opt/airflow/dags/__init__.py took 0.083 seconds
[2026-09-03T07:17:46.227+0000] {processor.py:161} INFO - Started process (PID=85) to work on /opt/airflow/dags/__init__.py
[2026-09-03T07:17:46.231+0000] {processor.py:830} INFO - Processing file /opt/airflow/dags/__init__.py for tasks to queue
[2026-09-03T07:17:46.236+0000] {logging_mixin.py:188} INFO - [2026-09-03T07:17:46.235+0000] {dagbag.py:545} INFO - Filling up the DagBag from /opt/airflow/dags/__init__.py
[2026-09-03T07:17:46.263+0000] {processor.py:842} WARNING - No viable dags retrieved from /opt/airflow/dags/__init__.py
[2026-09-03T07:17:46.294+0000] {processor.py:183} INFO - Processing /opt/airflow/dags/__init__.py took 0.084 seconds
[2026-09-03T07:18:20.050+0000] {processor.py:161} INFO - Started process (PID=97) to work on /opt/airflow/dags/__init__.py
[2026-09-03T07:18:20.052+0000] {processor.py:830} INFO - Processing file /opt/airflow/dags/__init__.py for tasks to queue
[2026-09-03T07:18:20.054+0000] {logging_mixin.py:188} INFO - [2026-09-03T07:18:20.054+0000] {dagbag.py:545} INFO - Filling up the DagBag from /opt/airflow/dags/__init__.py
[2026-09-03T07:18:20.072+0000] {processor.py:842} WARNING - No viable dags retrieved from /opt/airflow/dags/__init__.py
[2026-09-03T07:18:20.097+0000] {processor.py:183} INFO - Processing /opt/airflow/dags/__init__.py took 0.067 seconds
[2026-09-03T07:18:53.867+0000] {processor.py:161} INFO - Started process (PID=109) to work on /opt/airflow/dags/__init__.py
[2026-09-03T07:18:53.870+0000] {processor.py:830} INFO - Processing file /opt/airflow/dags/__init__.py for tasks to queue
[2026-09-03T07:18:53.873+0000] {logging_mixin.py:188} INFO - [2026-09-03T07:18:53.873+0000] {dagbag.py:545} INFO - Filling up the DagBag from /opt/airflow/dags/__init__.py
[2026-09-03T07:18:53.900+0000] {processor.py:842} WARNING - No viable dags retrieved from /opt/airflow/dags/__init__.py
[2026-09-03T07:18:53.937+0000] {processor.py:183} INFO - Processing /opt/airflow/dags/__init__.py took 0.085 seconds
[2026-09-03T07:19:26.440+0000] {processor.py:161} INFO - Started process (PID=121) to work on /opt/airflow/dags/__init__.py
[2026-09-03T07:19:26.443+0000] {processor.py:830} INFO - Processing file /opt/airflow/dags/__init__.py for tasks to queue
[2026-09-03T07:19:26.448+0000] {logging_mixin.py:188} INFO - [2026-09-03T07:19:26.447+0000] {dagbag.py:545} INFO - Filling up the DagBag from /opt/airflow/dags/__init__.py
[2026-09-03T07:19:26.481+0000] {processor.py:842} WARNING - No viable dags retrieved from /opt/airflow/dags/__init__.py
[2026-09-03T07:19:26.525+0000] {processor.py:183} INFO - Processing /opt/airflow/dags/__init__.py took 0.100 seconds
[2026-09-03T07:19:59.686+0000] {processor.py:161} INFO - Started process (PID=133) to work on /opt/airflow/dags/__init__.py
[2026-09-03T07:19:59.687+0000] {processor.py:830} INFO - Processing file /opt/airflow/dags/__init__.py for tasks to queue
[2026-09-03T07:19:59.689+0000] {logging_mixin.py:188} INFO - [2026-09-03T07:19:59.689+0000] {dagbag.py:545} INFO - Filling up the DagBag from /opt/airflow/dags/__init__.py
[2026-09-03T07:19:59.707+0000] {processor.py:842} WARNING - No viable dags retrieved from /opt/airflow/dags/__init__.py
[2026-09-03T07:19:59.744+0000] {processor.py:183} INFO - Processing /opt/airflow/dags/__init__.py took 0.071 seconds
[2026-09-03T07:20:38.587+0000] {processor.py:161} INFO - Started process (PID=145) to work on /opt/airflow/dags/__init__.py
[2026-09-03T07:20:38.590+0000] {processor.py:830} INFO - Processing file /opt/airflow/dags/__init__.py for tasks to queue
[2026-09-03T07:20:38.594+0000] {logging_mixin.py:188} INFO - [2026-09-03T07:20:38.593+0000] {dagbag.py:545} INFO - Filling up the DagBag from /opt/airflow/dags/__init__.py
[2026-09-03T07:20:38.620+0000] {processor.py:842} WARNING - No viable dags retrieved from /opt/airflow/dags/__init__.py
[2026-09-03T07:20:38.652+0000] {processor.py:183} INFO - Processing /opt/airflow/dags/__init__.py took 0.083 seconds
[2026-09-03T07:21:09.790+0000] {processor.py:161} INFO - Started process (PID=157) to work on /opt/airflow/dags/__init__.py
[2026-09-03T07:21:09.792+0000] {processor.py:830} INFO - Processing file /opt/airflow/dags/__init__.py for tasks to queue
[2026-09-03T07:21:09.795+0000] {logging_mixin.py:188} INFO - [2026-09-03T07:21:09.795+0000] {dagbag.py:545} INFO - Filling up the DagBag from /opt/airflow/dags/__init__.py
[2026-09-03T07:21:09.814+0000] {processor.py:842} WARNING - No viable dags retrieved from /opt/airflow/dags/__init__.py
[2026-09-03T07:21:09.850+0000] {processor.py:183} INFO - Processing /opt/airflow/dags/__init__.py took 0.074 seconds
[2026-09-03T07:21:43.213+0000] {processor.py:161} INFO - Started process (PID=169) to work on /opt/airflow/dags/__init__.py
[2026-09-03T07:21:43.215+0000] {processor.py:830} INFO - Processing file /opt/airflow/dags/__init__.py for tasks to queue
[2026-09-03T07:21:43.218+0000] {logging_mixin.py:188} INFO - [2026-09-03T07:21:43.218+0000] {dagbag.py:545} INFO - Filling up the DagBag from /opt/airflow/dags/__init__.py
[2026-09-03T07:21:43.240+0000] {processor.py:842} WARNING - No viable dags retrieved from /opt/airflow/dags/__init__.py
[2026-09-03T07:21:43.285+0000] {processor.py:183} INFO - Processing /opt/airflow/dags/__init__.py took 0.083 seconds
[2026-09-03T07:22:16.157+0000] {processor.py:161} INFO - Started process (PID=181) to work on /opt/airflow/dags/__init__.py
[2026-09-03T07:22:16.159+0000] {processor.py:830} INFO - Processing file /opt/airflow/dags/__init__.py for tasks to queue
[2026-09-03T07:22:16.162+0000] {logging_mixin.py:188} INFO - [2026-09-03T07:22:16.162+0000] {dagbag.py:545} INFO - Filling up the DagBag from /opt/airflow/dags/__init__.py
[2026-09-03T07:22:16.179+0000] {processor.py:842} WARNING - No viable dags retrieved from /opt/airflow/dags/__init__.py
[2026-09-03T07:22:16.214+0000] {processor.py:183} INFO - Processing /opt/airflow/dags/__init__.py took 0.071 seconds
[2026-09-03T07:22:50.496+0000] {processor.py:161} INFO - Started process (PID=193) to work on /opt/airflow/dags/__init__.py
[2026-09-03T07:22:50.499+0000] {processor.py:830} INFO - Processing file /opt/airflow/dags/__init__.py for tasks to queue
[2026-09-03T07:22:50.502+0000] {logging_mixin.py:188} INFO - [2026-09-03T07:22:50.502+0000] {dagbag.py:545} INFO - Filling up the DagBag from /opt/airflow/dags/__init__.py
[2026-09-03T07:22:50.520+0000] {processor.py:842} WARNING - No viable dags retrieved from /opt/airflow/dags/__init__.py
[2026-09-03T07:22:50.549+0000] {processor.py:183} INFO - Processing /opt/airflow/dags/__init__.py took 0.064 seconds
[2026-09-03T07:23:24.913+0000] {processor.py:161} INFO - Started process (PID=205) to work on /opt/airflow/dags/__init__.py
[2026-09-03T07:23:24.915+0000] {processor.py:830} INFO - Processing file /opt/airflow/dags/__init__.py for tasks to queue
[2026-09-03T07:23:24.919+0000] {logging_mixin.py:188} INFO - [2026-09-03T07:23:24.919+0000] {dagbag.py:545} INFO - Filling up the DagBag from /opt/airflow/dags/__init__.py
[2026-09-03T07:23:24.937+0000] {processor.py:842} WARNING - No viable dags retrieved from /opt/airflow/dags/__init__.py
[2026-09-03T07:23:24.969+0000] {processor.py:183} INFO - Processing /opt/airflow/dags/__init__.py took 0.070 seconds
[2026-09-03T07:23:58.327+0000] {processor.py:161} INFO - Started process (PID=217) to work on /opt/airflow/dags/__init__.py
[2026-09-03T07:23:58.342+0000] {processor.py:830} INFO - Processing file /opt/airflow/dags/__init__.py for tasks to queue
[2026-09-03T07:23:58.369+0000] {logging_mixin.py:188} INFO - [2026-09-03T07:23:58.368+0000] {dagbag.py:545} INFO - Filling up the DagBag from /opt/airflow/dags/__init__.py
[2026-09-03T07:23:58.404+0000] {processor.py:842} WARNING - No viable dags retrieved from /opt/airflow/dags/__init__.py
[2026-09-03T07:23:58.465+0000] {processor.py:183} INFO - Processing /opt/airflow/dags/__init__.py took 0.276 seconds
[2026-09-03T07:24:31.682+0000] {processor.py:161} INFO - Started process (PID=229) to work on /opt/airflow/dags/__init__.py
[2026-09-03T07:24:31.683+0000] {processor.py:830} INFO - Processing file /opt/airflow/dags/__init__.py for tasks to queue
[2026-09-03T07:24:31.685+0000] {logging_mixin.py:188} INFO - [2026-09-03T07:24:31.685+0000] {dagbag.py:545} INFO - Filling up the DagBag from /opt/airflow/dags/__init__.py
[2026-09-03T07:24:31.699+0000] {processor.py:842} WARNING - No viable dags retrieved from /opt/airflow/dags/__init__.py
[2026-09-03T07:24:31.722+0000] {processor.py:183} INFO - Processing /opt/airflow/dags/__init__.py took 0.048 seconds
[2026-09-03T07:25:05.794+0000] {processor.py:161} INFO - Started process (PID=241) to work on /opt/airflow/dags/__init__.py
[2026-09-03T07:25:05.829+0000] {processor.py:830} INFO - Processing file /opt/airflow/dags/__init__.py for tasks to queue
[2026-09-03T07:25:05.903+0000] {logging_mixin.py:188} INFO - [2026-09-03T07:25:05.892+0000] {dagbag.py:545} INFO - Filling up the DagBag from /opt/airflow/dags/__init__.py
[2026-09-03T07:25:05.988+0000] {processor.py:842} WARNING - No viable dags retrieved from /opt/airflow/dags/__init__.py
[2026-09-03T07:25:06.159+0000] {processor.py:183} INFO - Processing /opt/airflow/dags/__init__.py took 0.413 seconds
[2026-09-03T07:25:37.955+0000] {processor.py:161} INFO - Started process (PID=253) to work on /opt/airflow/dags/__init__.py
[2026-09-03T07:25:37.957+0000] {processor.py:830} INFO - Processing file /opt/airflow/dags/__init__.py for tasks to queue
[2026-09-03T07:25:37.959+0000] {logging_mixin.py:188} INFO - [2026-09-03T07:25:37.959+0000] {dagbag.py:545} INFO - Filling up the DagBag from /opt/airflow/dags/__init__.py
[2026-09-03T07:25:37.980+0000] {processor.py:842} WARNING - No viable dags retrieved from /opt/airflow/dags/__init__.py
[2026-09-03T07:25:38.026+0000] {processor.py:183} INFO - Processing /opt/airflow/dags/__init__.py took 0.083 seconds
[2026-09-03T07:26:11.253+0000] {processor.py:161} INFO - Started process (PID=265) to work on /opt/airflow/dags/__init__.py
[2026-09-03T07:26:11.272+0000] {processor.py:830} INFO - Processing file /opt/airflow/dags/__init__.py for tasks to queue
[2026-09-03T07:26:11.280+0000] {logging_mixin.py:188} INFO - [2026-09-03T07:26:11.280+0000] {dagbag.py:545} INFO - Filling up the DagBag from /opt/airflow/dags/__init__.py
[2026-09-03T07:26:11.322+0000] {processor.py:842} WARNING - No viable dags retrieved from /opt/airflow/dags/__init__.py
[2026-09-03T07:26:11.381+0000] {processor.py:183} INFO - Processing /opt/airflow/dags/__init__.py took 0.347 seconds
[2026-09-03T07:26:44.036+0000] {processor.py:161} INFO - Started process (PID=277) to work on /opt/airflow/dags/__init__.py
[2026-09-03T07:26:44.038+0000] {processor.py:830} INFO - Processing file /opt/airflow/dags/__init__.py for tasks to queue
[2026-09-03T07:26:44.043+0000] {logging_mixin.py:188} INFO - [2026-09-03T07:26:44.042+0000] {dagbag.py:545} INFO - Filling up the DagBag from /opt/airflow/dags/__init__.py
[2026-09-03T07:26:44.070+0000] {processor.py:842} WARNING - No viable dags retrieved from /opt/airflow/dags/__init__.py
[2026-09-03T07:26:44.116+0000] {processor.py:183} INFO - Processing /opt/airflow/dags/__init__.py took 0.097 seconds
[2026-09-03T07:27:18.174+0000] {processor.py:161} INFO - Started process (PID=289) to work on /opt/airflow/dags/__init__.py
[2026-09-03T07:27:18.178+0000] {processor.py:830} INFO - Processing file /opt/airflow/dags/__init__.py for tasks to queue
[2026-09-03T07:27:18.188+0000] {logging_mixin.py:188} INFO - [2026-09-03T07:27:18.188+0000] {dagbag.py:545} INFO - Filling up the DagBag from /opt/airflow/dags/__init__.py
[2026-09-03T07:27:18.214+0000] {processor.py:842} WARNING - No viable dags retrieved from /opt/airflow/dags/__init__.py
[2026-09-03T07:27:18.244+0000] {processor.py:183} INFO - Processing /opt/airflow/dags/__init__.py took 0.210 seconds
[2026-09-03T07:27:52.175+0000] {processor.py:161} INFO - Started process (PID=301) to work on /opt/airflow/dags/__init__.py
[2026-09-03T07:27:52.176+0000] {processor.py:830} INFO - Processing file /opt/airflow/dags/__init__.py for tasks to queue
[2026-09-03T07:27:52.178+0000] {logging_mixin.py:188} INFO - [2026-09-03T07:27:52.178+0000] {dagbag.py:545} INFO - Filling up the DagBag from /opt/airflow/dags/__init__.py
[2026-09-03T07:27:52.199+0000] {processor.py:842} WARNING - No viable dags retrieved from /opt/airflow/dags/__init__.py
[2026-09-03T07:27:52.224+0000] {processor.py:183} INFO - Processing /opt/airflow/dags/__init__.py took 0.063 seconds
[2026-09-03T07:28:25.294+0000] {processor.py:161} INFO - Started process (PID=313) to work on /opt/airflow/dags/__init__.py
[2026-09-03T07:28:25.309+0000] {processor.py:830} INFO - Processing file /opt/airflow/dags/__init__.py for tasks to queue
[2026-09-03T07:28:25.313+0000] {logging_mixin.py:188} INFO - [2026-09-03T07:28:25.312+0000] {dagbag.py:545} INFO - Filling up the DagBag from /opt/airflow/dags/__init__.py
[2026-09-03T07:28:25.338+0000] {processor.py:842} WARNING - No viable dags retrieved from /opt/airflow/dags/__init__.py
[2026-09-03T07:28:25.400+0000] {processor.py:183} INFO - Processing /opt/airflow/dags/__init__.py took 0.214 seconds
[2026-09-03T07:28:58.834+0000] {processor.py:161} INFO - Started process (PID=325) to work on /opt/airflow/dags/__init__.py
[2026-09-03T07:28:58.836+0000] {processor.py:830} INFO - Processing file /opt/airflow/dags/__init__.py for tasks to queue
[2026-09-03T07:28:58.840+0000] {logging_mixin.py:188} INFO - [2026-09-03T07:28:58.839+0000] {dagbag.py:545} INFO - Filling up the DagBag from /opt/airflow/dags/__init__.py
[2026-09-03T07:28:58.864+0000] {processor.py:842} WARNING - No viable dags retrieved from /opt/airflow/dags/__init__.py
[2026-09-03T07:28:58.910+0000] {processor.py:183} INFO - Processing /opt/airflow/dags/__init__.py took 0.092 seconds
[2026-09-03T07:29:32.620+0000] {processor.py:161} INFO - Started process (PID=338) to work on /opt/airflow/dags/__init__.py
[2026-09-03T07:29:32.622+0000] {processor.py:830} INFO - Processing file /opt/airflow/dags/__init__.py for tasks to queue
[2026-09-03T07:29:32.626+0000] {logging_mixin.py:188} INFO - [2026-09-03T07:29:32.625+0000] {dagbag.py:545} INFO - Filling up the DagBag from /opt/airflow/dags/__init__.py
[2026-09-03T07:29:32.655+0000] {processor.py:842} WARNING - No viable dags retrieved from /opt/airflow/dags/__init__.py
[2026-09-03T07:29:32.699+0000] {processor.py:183} INFO - Processing /opt/airflow/dags/__init__.py took 0.094 seconds
[2026-09-03T07:30:07.091+0000] {processor.py:161} INFO - Started process (PID=350) to work on /opt/airflow/dags/__init__.py
[2026-09-03T07:30:07.096+0000] {processor.py:830} INFO - Processing file /opt/airflow/dags/__init__.py for tasks to queue
[2026-09-03T07:30:07.101+0000] {logging_mixin.py:188} INFO - [2026-09-03T07:30:07.099+0000] {dagbag.py:545} INFO - Filling up the DagBag from /opt/airflow/dags/__init__.py
[2026-09-03T07:30:07.119+0000] {processor.py:842} WARNING - No viable dags retrieved from /opt/airflow/dags/__init__.py
[2026-09-03T07:30:07.168+0000] {processor.py:183} INFO - Processing /opt/airflow/dags/__init__.py took 0.094 seconds
[2026-09-03T07:30:40.090+0000] {processor.py:161} INFO - Started process (PID=362) to work on /opt/airflow/dags/__init__.py
[2026-09-03T07:30:40.094+0000] {processor.py:830} INFO - Processing file /opt/airflow/dags/__init__.py for tasks to queue
[2026-09-03T07:30:40.102+0000] {logging_mixin.py:188} INFO - [2026-09-03T07:30:40.101+0000] {dagbag.py:545} INFO - Filling up the DagBag from /opt/airflow/dags/__init__.py
[2026-09-03T07:30:40.137+0000] {processor.py:842} WARNING - No viable dags retrieved from /opt/airflow/dags/__init__.py
[2026-09-03T07:30:40.189+0000] {processor.py:183} INFO - Processing /opt/airflow/dags/__init__.py took 0.125 seconds
[2026-09-03T07:31:13.310+0000] {processor.py:161} INFO - Started process (PID=374) to work on /opt/airflow/dags/__init__.py
[2026-09-03T07:31:13.313+0000] {processor.py:830} INFO - Processing file /opt/airflow/dags/__init__.py for tasks to queue
[2026-09-03T07:31:13.316+0000] {logging_mixin.py:188} INFO - [2026-09-03T07:31:13.316+0000] {dagbag.py:545} INFO - Filling up the DagBag from /opt/airflow/dags/__init__.py
[2026-09-03T07:31:13.339+0000] {processor.py:842} WARNING - No viable dags retrieved from /opt/airflow/dags/__init__.py
[2026-09-03T07:31:13.383+0000] {processor.py:183} INFO - Processing /opt/airflow/dags/__init__.py took 0.089 seconds
[2026-09-03T07:31:46.350+0000] {processor.py:161} INFO - Started process (PID=386) to work on /opt/airflow/dags/__init__.py
[2026-09-03T07:31:46.351+0000] {processor.py:830} INFO - Processing file /opt/airflow/dags/__init__.py for tasks to queue
[2026-09-03T07:31:46.353+0000] {logging_mixin.py:188} INFO - [2026-09-03T07:31:46.353+0000] {dagbag.py:545} INFO - Filling up the DagBag from /opt/airflow/dags/__init__.py
[2026-09-03T07:31:46.373+0000] {processor.py:842} WARNING - No viable dags retrieved from /opt/airflow/dags/__init__.py
[2026-09-03T07:31:46.405+0000] {processor.py:183} INFO - Processing /opt/airflow/dags/__init__.py took 0.066 seconds
[2026-09-03T07:32:20.048+0000] {processor.py:161} INFO - Started process (PID=398) to work on /opt/airflow/dags/__init__.py
[2026-09-03T07:32:20.063+0000] {processor.py:830} INFO - Processing file /opt/airflow/dags/__init__.py for tasks to queue
[2026-09-03T07:32:20.068+0000] {logging_mixin.py:188} INFO - [2026-09-03T07:32:20.067+0000] {dagbag.py:545} INFO - Filling up the DagBag from /opt/airflow/dags/__init__.py
[2026-09-03T07:32:20.090+0000] {processor.py:842} WARNING - No viable dags retrieved from /opt/airflow/dags/__init__.py
[2026-09-03T07:32:20.121+0000] {processor.py:183} INFO - Processing /opt/airflow/dags/__init__.py took 0.093 seconds
[2026-09-03T07:32:52.236+0000] {processor.py:161} INFO - Started process (PID=410) to work on /opt/airflow/dags/__init__.py
[2026-09-03T07:32:52.238+0000] {processor.py:830} INFO - Processing file /opt/airflow/dags/__init__.py for tasks to queue
[2026-09-03T07:32:52.241+0000] {logging_mixin.py:188} INFO - [2026-09-03T07:32:52.241+0000] {dagbag.py:545} INFO - Filling up the DagBag from /opt/airflow/dags/__init__.py
[2026-09-03T07:32:52.262+0000] {processor.py:842} WARNING - No viable dags retrieved from /opt/airflow/dags/__init__.py
[2026-09-03T07:32:52.284+0000] {processor.py:183} INFO - Processing /opt/airflow/dags/__init__.py took 0.059 seconds
[2026-09-03T07:33:24.283+0000] {processor.py:161} INFO - Started process (PID=422) to work on /opt/airflow/dags/__init__.py
[2026-09-03T07:33:24.284+0000] {processor.py:830} INFO - Processing file /opt/airflow/dags/__init__.py for tasks to queue
[2026-09-03T07:33:24.288+0000] {logging_mixin.py:188} INFO - [2026-09-03T07:33:24.288+0000] {dagbag.py:545} INFO - Filling up the DagBag from /opt/airflow/dags/__init__.py
[2026-09-03T07:33:24.311+0000] {processor.py:842} WARNING - No viable dags retrieved from /opt/airflow/dags/__init__.py
[2026-09-03T07:33:24.332+0000] {processor.py:183} INFO - Processing /opt/airflow/dags/__init__.py took 0.060 seconds
[2026-09-03T07:33:58.707+0000] {processor.py:161} INFO - Started process (PID=434) to work on /opt/airflow/dags/__init__.py
[2026-09-03T07:33:58.709+0000] {processor.py:830} INFO - Processing file /opt/airflow/dags/__init__.py for tasks to queue
[2026-09-03T07:33:58.714+0000] {logging_mixin.py:188} INFO - [2026-09-03T07:33:58.713+0000] {dagbag.py:545} INFO - Filling up the DagBag from /opt/airflow/dags/__init__.py
[2026-09-03T07:33:58.742+0000] {processor.py:842} WARNING - No viable dags retrieved from /opt/airflow/dags/__init__.py
[2026-09-03T07:33:58.784+0000] {processor.py:183} INFO - Processing /opt/airflow/dags/__init__.py took 0.095 seconds
[2026-09-03T07:34:30.931+0000] {processor.py:161} INFO - Started process (PID=446) to work on /opt/airflow/dags/__init__.py
[2026-09-03T07:34:30.934+0000] {processor.py:830} INFO - Processing file /opt/airflow/dags/__init__.py for tasks to queue
[2026-09-03T07:34:30.938+0000] {logging_mixin.py:188} INFO - [2026-09-03T07:34:30.938+0000] {dagbag.py:545} INFO - Filling up the DagBag from /opt/airflow/dags/__init__.py
[2026-09-03T07:34:30.968+0000] {processor.py:842} WARNING - No viable dags retrieved from /opt/airflow/dags/__init__.py
[2026-09-03T07:34:31.023+0000] {processor.py:183} INFO - Processing /opt/airflow/dags/__init__.py took 0.111 seconds
[2026-09-03T07:35:04.189+0000] {processor.py:161} INFO - Started process (PID=458) to work on /opt/airflow/dags/__init__.py
[2026-09-03T07:35:04.191+0000] {processor.py:830} INFO - Processing file /opt/airflow/dags/__init__.py for tasks to queue
[2026-09-03T07:35:04.195+0000] {logging_mixin.py:188} INFO - [2026-09-03T07:35:04.194+0000] {dagbag.py:545} INFO - Filling up the DagBag from /opt/airflow/dags/__init__.py
[2026-09-03T07:35:04.205+0000] {processor.py:842} WARNING - No viable dags retrieved from /opt/airflow/dags/__init__.py
[2026-09-03T07:35:04.223+0000] {processor.py:183} INFO - Processing /opt/airflow/dags/__init__.py took 0.044 seconds
[2026-09-03T07:35:37.748+0000] {processor.py:161} INFO - Started process (PID=470) to work on /opt/airflow/dags/__init__.py
[2026-09-03T07:35:37.751+0000] {processor.py:830} INFO - Processing file /opt/airflow/dags/__init__.py for tasks to queue
[2026-09-03T07:35:37.754+0000] {logging_mixin.py:188} INFO - [2026-09-03T07:35:37.754+0000] {dagbag.py:545} INFO - Filling up the DagBag from /opt/airflow/dags/__init__.py
[2026-09-03T07:35:37.781+0000] {processor.py:842} WARNING - No viable dags retrieved from /opt/airflow/dags/__init__.py
[2026-09-03T07:35:37.818+0000] {processor.py:183} INFO - Processing /opt/airflow/dags/__init__.py took 0.088 seconds
[2026-09-03T07:36:09.108+0000] {processor.py:161} INFO - Started process (PID=482) to work on /opt/airflow/dags/__init__.py
[2026-09-03T07:36:09.110+0000] {processor.py:830} INFO - Processing file /opt/airflow/dags/__init__.py for tasks to queue
[2026-09-03T07:36:09.114+0000] {logging_mixin.py:188} INFO - [2026-09-03T07:36:09.113+0000] {dagbag.py:545} INFO - Filling up the DagBag from /opt/airflow/dags/__init__.py
[2026-09-03T07:36:09.129+0000] {processor.py:842} WARNING - No viable dags retrieved from /opt/airflow/dags/__init__.py
[2026-09-03T07:36:09.159+0000] {processor.py:183} INFO - Processing /opt/airflow/dags/__init__.py took 0.060 seconds
[2026-09-03T07:36:40.907+0000] {processor.py:161} INFO - Started process (PID=494) to work on /opt/airflow/dags/__init__.py
[2026-09-03T07:36:40.908+0000] {processor.py:830} INFO - Processing file /opt/airflow/dags/__init__.py for tasks to queue
[2026-09-03T07:36:40.911+0000] {logging_mixin.py:188} INFO - [2026-09-03T07:36:40.910+0000] {dagbag.py:545} INFO - Filling up the DagBag from /opt/airflow/dags/__init__.py
[2026-09-03T07:36:40.923+0000] {processor.py:842} WARNING - No viable dags retrieved from /opt/airflow/dags/__init__.py
[2026-09-03T07:36:40.942+0000] {processor.py:183} INFO - Processing /opt/airflow/dags/__init__.py took 0.042 seconds
[2026-09-03T07:37:14.940+0000] {processor.py:161} INFO - Started process (PID=506) to work on /opt/airflow/dags/__init__.py
[2026-09-03T07:37:14.942+0000] {processor.py:830} INFO - Processing file /opt/airflow/dags/__init__.py for tasks to queue
[2026-09-03T07:37:14.945+0000] {logging_mixin.py:188} INFO - [2026-09-03T07:37:14.945+0000] {dagbag.py:545} INFO - Filling up the DagBag from /opt/airflow/dags/__init__.py
[2026-09-03T07:37:14.968+0000] {processor.py:842} WARNING - No viable dags retrieved from /opt/airflow/dags/__init__.py
[2026-09-03T07:37:15.014+0000] {processor.py:183} INFO - Processing /opt/airflow/dags/__init__.py took 0.090 seconds
[2026-09-03T07:37:52.030+0000] {processor.py:161} INFO - Started process (PID=518) to work on /opt/airflow/dags/__init__.py
[2026-09-03T07:37:52.033+0000] {processor.py:830} INFO - Processing file /opt/airflow/dags/__init__.py for tasks to queue
[2026-09-03T07:37:52.037+0000] {logging_mixin.py:188} INFO - [2026-09-03T07:37:52.037+0000] {dagbag.py:545} INFO - Filling up the DagBag from /opt/airflow/dags/__init__.py
[2026-09-03T07:37:52.064+0000] {processor.py:842} WARNING - No viable dags retrieved from /opt/airflow/dags/__init__.py
[2026-09-03T07:37:52.132+0000] {processor.py:183} INFO - Processing /opt/airflow/dags/__init__.py took 0.124 seconds
[2026-09-03T07:38:25.939+0000] {processor.py:161} INFO - Started process (PID=530) to work on /opt/airflow/dags/__init__.py
[2026-09-03T07:38:25.941+0000] {processor.py:830} INFO - Processing file /opt/airflow/dags/__init__.py for tasks to queue
[2026-09-03T07:38:25.946+0000] {logging_mixin.py:188} INFO - [2026-09-03T07:38:25.945+0000] {dagbag.py:545} INFO - Filling up the DagBag from /opt/airflow/dags/__init__.py
[2026-09-03T07:38:25.963+0000] {processor.py:842} WARNING - No viable dags retrieved from /opt/airflow/dags/__init__.py
[2026-09-03T07:38:25.994+0000] {processor.py:183} INFO - Processing /opt/airflow/dags/__init__.py took 0.071 seconds
[2026-09-03T07:38:59.100+0000] {processor.py:161} INFO - Started process (PID=542) to work on /opt/airflow/dags/__init__.py
[2026-09-03T07:38:59.102+0000] {processor.py:830} INFO - Processing file /opt/airflow/dags/__init__.py for tasks to queue
[2026-09-03T07:38:59.107+0000] {logging_mixin.py:188} INFO - [2026-09-03T07:38:59.106+0000] {dagbag.py:545} INFO - Filling up the DagBag from /opt/airflow/dags/__init__.py
[2026-09-03T07:38:59.129+0000] {processor.py:842} WARNING - No viable dags retrieved from /opt/airflow/dags/__init__.py
[2026-09-03T07:38:59.172+0000] {processor.py:183} INFO - Processing /opt/airflow/dags/__init__.py took 0.087 seconds
[2026-09-03T07:39:31.122+0000] {processor.py:161} INFO - Started process (PID=554) to work on /opt/airflow/dags/__init__.py
[2026-09-03T07:39:31.125+0000] {processor.py:830} INFO - Processing file /opt/airflow/dags/__init__.py for tasks to queue
[2026-09-03T07:39:31.129+0000] {logging_mixin.py:188} INFO - [2026-09-03T07:39:31.129+0000] {dagbag.py:545} INFO - Filling up the DagBag from /opt/airflow/dags/__init__.py
[2026-09-03T07:39:31.154+0000] {processor.py:842} WARNING - No viable dags retrieved from /opt/airflow/dags/__init__.py
[2026-09-03T07:39:31.194+0000] {processor.py:183} INFO - Processing /opt/airflow/dags/__init__.py took 0.090 seconds
[2026-09-03T07:40:04.152+0000] {processor.py:161} INFO - Started process (PID=566) to work on /opt/airflow/dags/__init__.py
[2026-09-03T07:40:04.155+0000] {processor.py:830} INFO - Processing file /opt/airflow/dags/__init__.py for tasks to queue
[2026-09-03T07:40:04.159+0000] {logging_mixin.py:188} INFO - [2026-09-03T07:40:04.159+0000] {dagbag.py:545} INFO - Filling up the DagBag from /opt/airflow/dags/__init__.py
[2026-09-03T07:40:04.194+0000] {processor.py:842} WARNING - No viable dags retrieved from /opt/airflow/dags/__init__.py
[2026-09-03T07:40:04.246+0000] {processor.py:183} INFO - Processing /opt/airflow/dags/__init__.py took 0.110 seconds
[2026-09-03T07:40:37.697+0000] {processor.py:161} INFO - Started process (PID=578) to work on /opt/airflow/dags/__init__.py
[2026-09-03T07:40:37.699+0000] {processor.py:830} INFO - Processing file /opt/airflow/dags/__init__.py for tasks to queue
[2026-09-03T07:40:37.703+0000] {logging_mixin.py:188} INFO - [2026-09-03T07:40:37.702+0000] {dagbag.py:545} INFO - Filling up the DagBag from /opt/airflow/dags/__init__.py
[2026-09-03T07:40:37.728+0000] {processor.py:842} WARNING - No viable dags retrieved from /opt/airflow/dags/__init__.py
[2026-09-03T07:40:37.768+0000] {processor.py:183} INFO - Processing /opt/airflow/dags/__init__.py took 0.086 seconds
[2026-09-03T07:41:10.383+0000] {processor.py:161} INFO - Started process (PID=590) to work on /opt/airflow/dags/__init__.py
[2026-09-03T07:41:10.385+0000] {processor.py:830} INFO - Processing file /opt/airflow/dags/__init__.py for tasks to queue
[2026-09-03T07:41:10.390+0000] {logging_mixin.py:188} INFO - [2026-09-03T07:41:10.389+0000] {dagbag.py:545} INFO - Filling up the DagBag from /opt/airflow/dags/__init__.py
[2026-09-03T07:41:10.418+0000] {processor.py:842} WARNING - No viable dags retrieved from /opt/airflow/dags/__init__.py
[2026-09-03T07:41:10.467+0000] {processor.py:183} INFO - Processing /opt/airflow/dags/__init__.py took 0.098 seconds
[2026-09-03T07:41:42.773+0000] {processor.py:161} INFO - Started process (PID=602) to work on /opt/airflow/dags/__init__.py
[2026-09-03T07:41:42.775+0000] {processor.py:830} INFO - Processing file /opt/airflow/dags/__init__.py for tasks to queue
[2026-09-03T07:41:42.779+0000] {logging_mixin.py:188} INFO - [2026-09-03T07:41:42.778+0000] {dagbag.py:545} INFO - Filling up the DagBag from /opt/airflow/dags/__init__.py
[2026-09-03T07:41:42.801+0000] {processor.py:842} WARNING - No viable dags retrieved from /opt/airflow/dags/__init__.py
[2026-09-03T07:41:42.839+0000] {processor.py:183} INFO - Processing /opt/airflow/dags/__init__.py took 0.079 seconds
[2026-09-03T07:42:16.520+0000] {processor.py:161} INFO - Started process (PID=614) to work on /opt/airflow/dags/__init__.py
[2026-09-03T07:42:16.521+0000] {processor.py:830} INFO - Processing file /opt/airflow/dags/__init__.py for tasks to queue
[2026-09-03T07:42:16.524+0000] {logging_mixin.py:188} INFO - [2026-09-03T07:42:16.523+0000] {dagbag.py:545} INFO - Filling up the DagBag from /opt/airflow/dags/__init__.py
[2026-09-03T07:42:16.536+0000] {processor.py:842} WARNING - No viable dags retrieved from /opt/airflow/dags/__init__.py
[2026-09-03T07:42:16.555+0000] {processor.py:183} INFO - Processing /opt/airflow/dags/__init__.py took 0.043 seconds
[2026-09-03T07:42:47.622+0000] {processor.py:161} INFO - Started process (PID=626) to work on /opt/airflow/dags/__init__.py
[2026-09-03T07:42:47.624+0000] {processor.py:830} INFO - Processing file /opt/airflow/dags/__init__.py for tasks to queue
[2026-09-03T07:42:47.628+0000] {logging_mixin.py:188} INFO - [2026-09-03T07:42:47.627+0000] {dagbag.py:545} INFO - Filling up the DagBag from /opt/airflow/dags/__init__.py
[2026-09-03T07:42:47.645+0000] {processor.py:842} WARNING - No viable dags retrieved from /opt/airflow/dags/__init__.py
[2026-09-03T07:42:47.675+0000] {processor.py:183} INFO - Processing /opt/airflow/dags/__init__.py took 0.078 seconds
[2026-09-03T07:43:21.564+0000] {processor.py:161} INFO - Started process (PID=637) to work on /opt/airflow/dags/__init__.py
[2026-09-03T07:43:21.566+0000] {processor.py:830} INFO - Processing file /opt/airflow/dags/__init__.py for tasks to queue
[2026-09-03T07:43:21.568+0000] {logging_mixin.py:188} INFO - [2026-09-03T07:43:21.568+0000] {dagbag.py:545} INFO - Filling up the DagBag from /opt/airflow/dags/__init__.py
[2026-09-03T07:43:21.587+0000] {processor.py:842} WARNING - No viable dags retrieved from /opt/airflow/dags/__init__.py
[2026-09-03T07:43:21.625+0000] {processor.py:183} INFO - Processing /opt/airflow/dags/__init__.py took 0.069 seconds
[2026-09-03T07:43:57.753+0000] {processor.py:161} INFO - Started process (PID=650) to work on /opt/airflow/dags/__init__.py
[2026-09-03T07:43:57.757+0000] {processor.py:830} INFO - Processing file /opt/airflow/dags/__init__.py for tasks to queue
[2026-09-03T07:43:57.760+0000] {logging_mixin.py:188} INFO - [2026-09-03T07:43:57.760+0000] {dagbag.py:545} INFO - Filling up the DagBag from /opt/airflow/dags/__init__.py
[2026-09-03T07:43:57.783+0000] {processor.py:842} WARNING - No viable dags retrieved from /opt/airflow/dags/__init__.py
[2026-09-03T07:43:57.817+0000] {processor.py:183} INFO - Processing /opt/airflow/dags/__init__.py took 0.083 seconds
[2026-09-03T07:44:30.602+0000] {processor.py:161} INFO - Started process (PID=662) to work on /opt/airflow/dags/__init__.py
[2026-09-03T07:44:30.604+0000] {processor.py:830} INFO - Processing file /opt/airflow/dags/__init__.py for tasks to queue
[2026-09-03T07:44:30.608+0000] {logging_mixin.py:188} INFO - [2026-09-03T07:44:30.607+0000] {dagbag.py:545} INFO - Filling up the DagBag from /opt/airflow/dags/__init__.py
[2026-09-03T07:44:30.624+0000] {processor.py:842} WARNING - No viable dags retrieved from /opt/airflow/dags/__init__.py
[2026-09-03T07:44:30.653+0000] {processor.py:183} INFO - Processing /opt/airflow/dags/__init__.py took 0.068 seconds
[2026-09-03T07:45:03.376+0000] {processor.py:161} INFO - Started process (PID=674) to work on /opt/airflow/dags/__init__.py
[2026-09-03T07:45:03.378+0000] {processor.py:830} INFO - Processing file /opt/airflow/dags/__init__.py for tasks to queue
[2026-09-03T07:45:03.384+0000] {logging_mixin.py:188} INFO - [2026-09-03T07:45:03.383+0000] {dagbag.py:545} INFO - Filling up the DagBag from /opt/airflow/dags/__init__.py
[2026-09-03T07:45:03.408+0000] {processor.py:842} WARNING - No viable dags retrieved from /opt/airflow/dags/__init__.py
[2026-09-03T07:45:03.452+0000] {processor.py:183} INFO - Processing /opt/airflow/dags/__init__.py took 0.095 seconds
[2026-09-03T07:45:35.913+0000] {processor.py:161} INFO - Started process (PID=686) to work on /opt/airflow/dags/__init__.py
[2026-09-03T07:45:35.916+0000] {processor.py:830} INFO - Processing file /opt/airflow/dags/__init__.py for tasks to queue
[2026-09-03T07:45:35.920+0000] {logging_mixin.py:188} INFO - [2026-09-03T07:45:35.919+0000] {dagbag.py:545} INFO - Filling up the DagBag from /opt/airflow/dags/__init__.py
[2026-09-03T07:45:35.947+0000] {processor.py:842} WARNING - No viable dags retrieved from /opt/airflow/dags/__init__.py
[2026-09-03T07:45:35.991+0000] {processor.py:183} INFO - Processing /opt/airflow/dags/__init__.py took 0.096 seconds
[2026-09-03T07:46:08.379+0000] {processor.py:161} INFO - Started process (PID=698) to work on /opt/airflow/dags/__init__.py
[2026-09-03T07:46:08.381+0000] {processor.py:830} INFO - Processing file /opt/airflow/dags/__init__.py for tasks to queue
[2026-09-03T07:46:08.384+0000] {logging_mixin.py:188} INFO - [2026-09-03T07:46:08.384+0000] {dagbag.py:545} INFO - Filling up the DagBag from /opt/airflow/dags/__init__.py
[2026-09-03T07:46:08.406+0000] {processor.py:842} WARNING - No viable dags retrieved from /opt/airflow/dags/__init__.py
[2026-09-03T07:46:08.450+0000] {processor.py:183} INFO - Processing /opt/airflow/dags/__init__.py took 0.084 seconds
[2026-09-03T07:46:41.483+0000] {processor.py:161} INFO - Started process (PID=710) to work on /opt/airflow/dags/__init__.py
[2026-09-03T07:46:41.486+0000] {processor.py:830} INFO - Processing file /opt/airflow/dags/__init__.py for tasks to queue
[2026-09-03T07:46:41.492+0000] {logging_mixin.py:188} INFO - [2026-09-03T07:46:41.491+0000] {dagbag.py:545} INFO - Filling up the DagBag from /opt/airflow/dags/__init__.py
[2026-09-03T07:46:41.523+0000] {processor.py:842} WARNING - No viable dags retrieved from /opt/airflow/dags/__init__.py
[2026-09-03T07:46:41.556+0000] {processor.py:183} INFO - Processing /opt/airflow/dags/__init__.py took 0.092 seconds
[2026-09-03T07:47:13.334+0000] {processor.py:161} INFO - Started process (PID=722) to work on /opt/airflow/dags/__init__.py
[2026-09-03T07:47:13.336+0000] {processor.py:830} INFO - Processing file /opt/airflow/dags/__init__.py for tasks to queue
[2026-09-03T07:47:13.339+0000] {logging_mixin.py:188} INFO - [2026-09-03T07:47:13.338+0000] {dagbag.py:545} INFO - Filling up the DagBag from /opt/airflow/dags/__init__.py
[2026-09-03T07:47:13.361+0000] {processor.py:842} WARNING - No viable dags retrieved from /opt/airflow/dags/__init__.py
[2026-09-03T07:47:13.400+0000] {processor.py:183} INFO - Processing /opt/airflow/dags/__init__.py took 0.078 seconds
[2026-09-03T07:47:48.157+0000] {processor.py:161} INFO - Started process (PID=734) to work on /opt/airflow/dags/__init__.py
[2026-09-03T07:47:48.160+0000] {processor.py:830} INFO - Processing file /opt/airflow/dags/__init__.py for tasks to queue
[2026-09-03T07:47:48.164+0000] {logging_mixin.py:188} INFO - [2026-09-03T07:47:48.163+0000] {dagbag.py:545} INFO - Filling up the DagBag from /opt/airflow/dags/__init__.py
[2026-09-03T07:47:48.196+0000] {processor.py:842} WARNING - No viable dags retrieved from /opt/airflow/dags/__init__.py
[2026-09-03T07:47:48.245+0000] {processor.py:183} INFO - Processing /opt/airflow/dags/__init__.py took 0.106 seconds
[2026-09-03T07:48:20.244+0000] {processor.py:161} INFO - Started process (PID=746) to work on /opt/airflow/dags/__init__.py
[2026-09-03T07:48:20.245+0000] {processor.py:830} INFO - Processing file /opt/airflow/dags/__init__.py for tasks to queue
[2026-09-03T07:48:20.247+0000] {logging_mixin.py:188} INFO - [2026-09-03T07:48:20.247+0000] {dagbag.py:545} INFO - Filling up the DagBag from /opt/airflow/dags/__init__.py
[2026-09-03T07:48:20.270+0000] {processor.py:842} WARNING - No viable dags retrieved from /opt/airflow/dags/__init__.py
[2026-09-03T07:48:20.308+0000] {processor.py:183} INFO - Processing /opt/airflow/dags/__init__.py took 0.075 seconds
[2026-09-03T07:48:53.090+0000] {processor.py:161} INFO - Started process (PID=758) to work on /opt/airflow/dags/__init__.py
[2026-09-03T07:48:53.091+0000] {processor.py:830} INFO - Processing file /opt/airflow/dags/__init__.py for tasks to queue
[2026-09-03T07:48:53.094+0000] {logging_mixin.py:188} INFO - [2026-09-03T07:48:53.093+0000] {dagbag.py:545} INFO - Filling up the DagBag from /opt/airflow/dags/__init__.py
[2026-09-03T07:48:53.112+0000] {processor.py:842} WARNING - No viable dags retrieved from /opt/airflow/dags/__init__.py
[2026-09-03T07:48:53.146+0000] {processor.py:183} INFO - Processing /opt/airflow/dags/__init__.py took 0.066 seconds
[2026-09-03T07:49:27.375+0000] {processor.py:161} INFO - Started process (PID=770) to work on /opt/airflow/dags/__init__.py
[2026-09-03T07:49:27.376+0000] {processor.py:830} INFO - Processing file /opt/airflow/dags/__init__.py for tasks to queue
[2026-09-03T07:49:27.378+0000] {logging_mixin.py:188} INFO - [2026-09-03T07:49:27.378+0000] {dagbag.py:545} INFO - Filling up the DagBag from /opt/airflow/dags/__init__.py
[2026-09-03T07:49:27.396+0000] {processor.py:842} WARNING - No viable dags retrieved from /opt/airflow/dags/__init__.py
[2026-09-03T07:49:27.434+0000] {processor.py:183} INFO - Processing /opt/airflow/dags/__init__.py took 0.070 seconds
[2026-09-03T07:49:59.533+0000] {processor.py:161} INFO - Started process (PID=782) to work on /opt/airflow/dags/__init__.py
[2026-09-03T07:49:59.535+0000] {processor.py:830} INFO - Processing file /opt/airflow/dags/__init__.py for tasks to queue
[2026-09-03T07:49:59.538+0000] {logging_mixin.py:188} INFO - [2026-09-03T07:49:59.538+0000] {dagbag.py:545} INFO - Filling up the DagBag from /opt/airflow/dags/__init__.py
[2026-09-03T07:49:59.556+0000] {processor.py:842} WARNING - No viable dags retrieved from /opt/airflow/dags/__init__.py
[2026-09-03T07:49:59.594+0000] {processor.py:183} INFO - Processing /opt/airflow/dags/__init__.py took 0.073 seconds
[2026-09-03T07:50:33.166+0000] {processor.py:161} INFO - Started process (PID=794) to work on /opt/airflow/dags/__init__.py
[2026-09-03T07:50:33.168+0000] {processor.py:830} INFO - Processing file /opt/airflow/dags/__init__.py for tasks to queue
[2026-09-03T07:50:33.172+0000] {logging_mixin.py:188} INFO - [2026-09-03T07:50:33.171+0000] {dagbag.py:545} INFO - Filling up the DagBag from /opt/airflow/dags/__init__.py
[2026-09-03T07:50:33.196+0000] {processor.py:842} WARNING - No viable dags retrieved from /opt/airflow/dags/__init__.py
[2026-09-03T07:50:33.245+0000] {processor.py:183} INFO - Processing /opt/airflow/dags/__init__.py took 0.094 seconds
[2026-09-03T07:51:06.315+0000] {processor.py:161} INFO - Started process (PID=806) to work on /opt/airflow/dags/__init__.py
[2026-09-03T07:51:06.317+0000] {processor.py:830} INFO - Processing file /opt/airflow/dags/__init__.py for tasks to queue
[2026-09-03T07:51:06.322+0000] {logging_mixin.py:188} INFO - [2026-09-03T07:51:06.321+0000] {dagbag.py:545} INFO - Filling up the DagBag from /opt/airflow/dags/__init__.py
[2026-09-03T07:51:06.355+0000] {processor.py:842} WARNING - No viable dags retrieved from /opt/airflow/dags/__init__.py
[2026-09-03T07:51:06.410+0000] {processor.py:183} INFO - Processing /opt/airflow/dags/__init__.py took 0.109 seconds
[2026-09-03T07:51:39.486+0000] {processor.py:161} INFO - Started process (PID=818) to work on /opt/airflow/dags/__init__.py
[2026-09-03T07:51:39.488+0000] {processor.py:830} INFO - Processing file /opt/airflow/dags/__init__.py for tasks to queue
[2026-09-03T07:51:39.490+0000] {logging_mixin.py:188} INFO - [2026-09-03T07:51:39.489+0000] {dagbag.py:545} INFO - Filling up the DagBag from /opt/airflow/dags/__init__.py
[2026-09-03T07:51:39.500+0000] {processor.py:842} WARNING - No viable dags retrieved from /opt/airflow/dags/__init__.py
[2026-09-03T07:51:39.542+0000] {processor.py:183} INFO - Processing /opt/airflow/dags/__init__.py took 0.066 seconds
[2026-09-03T07:52:11.731+0000] {processor.py:161} INFO - Started process (PID=830) to work on /opt/airflow/dags/__init__.py
[2026-09-03T07:52:11.733+0000] {processor.py:830} INFO - Processing file /opt/airflow/dags/__init__.py for tasks to queue
[2026-09-03T07:52:11.738+0000] {logging_mixin.py:188} INFO - [2026-09-03T07:52:11.737+0000] {dagbag.py:545} INFO - Filling up the DagBag from /opt/airflow/dags/__init__.py
[2026-09-03T07:52:11.759+0000] {processor.py:842} WARNING - No viable dags retrieved from /opt/airflow/dags/__init__.py
[2026-09-03T07:52:11.790+0000] {processor.py:183} INFO - Processing /opt/airflow/dags/__init__.py took 0.077 seconds
[2026-09-03T07:52:46.131+0000] {processor.py:161} INFO - Started process (PID=842) to work on /opt/airflow/dags/__init__.py
[2026-09-03T07:52:46.135+0000] {processor.py:830} INFO - Processing file /opt/airflow/dags/__init__.py for tasks to queue
[2026-09-03T07:52:46.140+0000] {logging_mixin.py:188} INFO - [2026-09-03T07:52:46.139+0000] {dagbag.py:545} INFO - Filling up the DagBag from /opt/airflow/dags/__init__.py
[2026-09-03T07:52:46.172+0000] {processor.py:842} WARNING - No viable dags retrieved from /opt/airflow/dags/__init__.py
[2026-09-03T07:52:46.231+0000] {processor.py:183} INFO - Processing /opt/airflow/dags/__init__.py took 0.117 seconds
[2026-09-03T07:53:17.745+0000] {processor.py:161} INFO - Started process (PID=854) to work on /opt/airflow/dags/__init__.py
[2026-09-03T07:53:17.748+0000] {processor.py:830} INFO - Processing file /opt/airflow/dags/__init__.py for tasks to queue
[2026-09-03T07:53:17.752+0000] {logging_mixin.py:188} INFO - [2026-09-03T07:53:17.751+0000] {dagbag.py:545} INFO - Filling up the DagBag from /opt/airflow/dags/__init__.py
[2026-09-03T07:53:17.781+0000] {processor.py:842} WARNING - No viable dags retrieved from /opt/airflow/dags/__init__.py
[2026-09-03T07:53:17.831+0000] {processor.py:183} INFO - Processing /opt/airflow/dags/__init__.py took 0.099 seconds
[2026-09-03T07:53:52.287+0000] {processor.py:161} INFO - Started process (PID=866) to work on /opt/airflow/dags/__init__.py
[2026-09-03T07:53:52.289+0000] {processor.py:830} INFO - Processing file /opt/airflow/dags/__init__.py for tasks to queue
[2026-09-03T07:53:52.293+0000] {logging_mixin.py:188} INFO - [2026-09-03T07:53:52.292+0000] {dagbag.py:545} INFO - Filling up the DagBag from /opt/airflow/dags/__init__.py
[2026-09-03T07:53:52.319+0000] {processor.py:842} WARNING - No viable dags retrieved from /opt/airflow/dags/__init__.py
[2026-09-03T07:53:52.351+0000] {processor.py:183} INFO - Processing /opt/airflow/dags/__init__.py took 0.079 seconds
[2026-09-03T07:54:25.651+0000] {processor.py:161} INFO - Started process (PID=878) to work on /opt/airflow/dags/__init__.py
[2026-09-03T07:54:25.677+0000] {processor.py:830} INFO - Processing file /opt/airflow/dags/__init__.py for tasks to queue
[2026-09-03T07:54:25.721+0000] {logging_mixin.py:188} INFO - [2026-09-03T07:54:25.718+0000] {dagbag.py:545} INFO - Filling up the DagBag from /opt/airflow/dags/__init__.py
[2026-09-03T07:54:25.756+0000] {processor.py:842} WARNING - No viable dags retrieved from /opt/airflow/dags/__init__.py
[2026-09-03T07:54:25.828+0000] {processor.py:183} INFO - Processing /opt/airflow/dags/__init__.py took 0.268 seconds
[2026-09-03T07:54:58.569+0000] {processor.py:161} INFO - Started process (PID=890) to work on /opt/airflow/dags/__init__.py
[2026-09-03T07:54:58.571+0000] {processor.py:830} INFO - Processing file /opt/airflow/dags/__init__.py for tasks to queue
[2026-09-03T07:54:58.573+0000] {logging_mixin.py:188} INFO - [2026-09-03T07:54:58.573+0000] {dagbag.py:545} INFO - Filling up the DagBag from /opt/airflow/dags/__init__.py
[2026-09-03T07:54:58.581+0000] {processor.py:842} WARNING - No viable dags retrieved from /opt/airflow/dags/__init__.py
[2026-09-03T07:54:58.598+0000] {processor.py:183} INFO - Processing /opt/airflow/dags/__init__.py took 0.036 seconds
[2026-09-03T07:55:31.572+0000] {processor.py:161} INFO - Started process (PID=902) to work on /opt/airflow/dags/__init__.py
[2026-09-03T07:55:31.573+0000] {processor.py:830} INFO - Processing file /opt/airflow/dags/__init__.py for tasks to queue
[2026-09-03T07:55:31.575+0000] {logging_mixin.py:188} INFO - [2026-09-03T07:55:31.575+0000] {dagbag.py:545} INFO - Filling up the DagBag from /opt/airflow/dags/__init__.py
[2026-09-03T07:55:31.584+0000] {processor.py:842} WARNING - No viable dags retrieved from /opt/airflow/dags/__init__.py
[2026-09-03T07:55:31.609+0000] {processor.py:183} INFO - Processing /opt/airflow/dags/__init__.py took 0.047 seconds
[2026-09-03T07:56:04.844+0000] {processor.py:161} INFO - Started process (PID=914) to work on /opt/airflow/dags/__init__.py
[2026-09-03T07:56:04.847+0000] {processor.py:830} INFO - Processing file /opt/airflow/dags/__init__.py for tasks to queue
[2026-09-03T07:56:04.859+0000] {logging_mixin.py:188} INFO - [2026-09-03T07:56:04.855+0000] {dagbag.py:545} INFO - Filling up the DagBag from /opt/airflow/dags/__init__.py
[2026-09-03T07:56:04.893+0000] {processor.py:842} WARNING - No viable dags retrieved from /opt/airflow/dags/__init__.py
[2026-09-03T07:56:04.988+0000] {processor.py:183} INFO - Processing /opt/airflow/dags/__init__.py took 0.253 seconds
[2026-09-03T07:56:36.601+0000] {processor.py:161} INFO - Started process (PID=926) to work on /opt/airflow/dags/__init__.py
[2026-09-03T07:56:36.602+0000] {processor.py:830} INFO - Processing file /opt/airflow/dags/__init__.py for tasks to queue
[2026-09-03T07:56:36.605+0000] {logging_mixin.py:188} INFO - [2026-09-03T07:56:36.604+0000] {dagbag.py:545} INFO - Filling up the DagBag from /opt/airflow/dags/__init__.py
[2026-09-03T07:56:36.622+0000] {processor.py:842} WARNING - No viable dags retrieved from /opt/airflow/dags/__init__.py
[2026-09-03T07:56:36.652+0000] {processor.py:183} INFO - Processing /opt/airflow/dags/__init__.py took 0.062 seconds
[2026-09-03T07:57:09.944+0000] {processor.py:161} INFO - Started process (PID=938) to work on /opt/airflow/dags/__init__.py
[2026-09-03T07:57:09.946+0000] {processor.py:830} INFO - Processing file /opt/airflow/dags/__init__.py for tasks to queue
[2026-09-03T07:57:09.954+0000] {logging_mixin.py:188} INFO - [2026-09-03T07:57:09.953+0000] {dagbag.py:545} INFO - Filling up the DagBag from /opt/airflow/dags/__init__.py
[2026-09-03T07:57:09.982+0000] {processor.py:842} WARNING - No viable dags retrieved from /opt/airflow/dags/__init__.py
[2026-09-03T07:57:10.071+0000] {processor.py:183} INFO - Processing /opt/airflow/dags/__init__.py took 0.212 seconds
[2026-09-03T07:57:42.935+0000] {processor.py:161} INFO - Started process (PID=950) to work on /opt/airflow/dags/__init__.py
[2026-09-03T07:57:42.939+0000] {processor.py:830} INFO - Processing file /opt/airflow/dags/__init__.py for tasks to queue
[2026-09-03T07:57:42.960+0000] {logging_mixin.py:188} INFO - [2026-09-03T07:57:42.952+0000] {dagbag.py:545} INFO - Filling up the DagBag from /opt/airflow/dags/__init__.py
[2026-09-03T07:57:43.028+0000] {processor.py:842} WARNING - No viable dags retrieved from /opt/airflow/dags/__init__.py
[2026-09-03T07:57:43.081+0000] {processor.py:183} INFO - Processing /opt/airflow/dags/__init__.py took 0.259 seconds
[2026-09-03T07:58:16.170+0000] {processor.py:161} INFO - Started process (PID=962) to work on /opt/airflow/dags/__init__.py
[2026-09-03T07:58:16.173+0000] {processor.py:830} INFO - Processing file /opt/airflow/dags/__init__.py for tasks to queue
[2026-09-03T07:58:16.177+0000] {logging_mixin.py:188} INFO - [2026-09-03T07:58:16.176+0000] {dagbag.py:545} INFO - Filling up the DagBag from /opt/airflow/dags/__init__.py
[2026-09-03T07:58:16.200+0000] {processor.py:842} WARNING - No viable dags retrieved from /opt/airflow/dags/__init__.py
[2026-09-03T07:58:16.239+0000] {processor.py:183} INFO - Processing /opt/airflow/dags/__init__.py took 0.085 seconds
[2026-09-03T07:58:49.821+0000] {processor.py:161} INFO - Started process (PID=974) to work on /opt/airflow/dags/__init__.py
[2026-09-03T07:58:49.836+0000] {processor.py:830} INFO - Processing file /opt/airflow/dags/__init__.py for tasks to queue
[2026-09-03T07:58:49.847+0000] {logging_mixin.py:188} INFO - [2026-09-03T07:58:49.842+0000] {dagbag.py:545} INFO - Filling up the DagBag from /opt/airflow/dags/__init__.py
[2026-09-03T07:58:49.905+0000] {processor.py:842} WARNING - No viable dags retrieved from /opt/airflow/dags/__init__.py
[2026-09-03T07:58:49.964+0000] {processor.py:183} INFO - Processing /opt/airflow/dags/__init__.py took 0.270 seconds
[2026-09-03T07:59:22.603+0000] {processor.py:161} INFO - Started process (PID=986) to work on /opt/airflow/dags/__init__.py
[2026-09-03T07:59:22.604+0000] {processor.py:830} INFO - Processing file /opt/airflow/dags/__init__.py for tasks to queue
[2026-09-03T07:59:22.614+0000] {logging_mixin.py:188} INFO - [2026-09-03T07:59:22.613+0000] {dagbag.py:545} INFO - Filling up the DagBag from /opt/airflow/dags/__init__.py
[2026-09-03T07:59:22.635+0000] {processor.py:842} WARNING - No viable dags retrieved from /opt/airflow/dags/__init__.py
[2026-09-03T07:59:22.662+0000] {processor.py:183} INFO - Processing /opt/airflow/dags/__init__.py took 0.138 seconds
[2026-09-03T07:59:55.657+0000] {processor.py:161} INFO - Started process (PID=998) to work on /opt/airflow/dags/__init__.py
[2026-09-03T07:59:55.659+0000] {processor.py:830} INFO - Processing file /opt/airflow/dags/__init__.py for tasks to queue
[2026-09-03T07:59:55.663+0000] {logging_mixin.py:188} INFO - [2026-09-03T07:59:55.662+0000] {dagbag.py:545} INFO - Filling up the DagBag from /opt/airflow/dags/__init__.py
[2026-09-03T07:59:55.682+0000] {processor.py:842} WARNING - No viable dags retrieved from /opt/airflow/dags/__init__.py
[2026-09-03T07:59:55.714+0000] {processor.py:183} INFO - Processing /opt/airflow/dags/__init__.py took 0.079 seconds
[2026-09-03T08:00:30.822+0000] {processor.py:161} INFO - Started process (PID=1011) to work on /opt/airflow/dags/__init__.py
[2026-09-03T08:00:30.824+0000] {processor.py:830} INFO - Processing file /opt/airflow/dags/__init__.py for tasks to queue
[2026-09-03T08:00:30.828+0000] {logging_mixin.py:188} INFO - [2026-09-03T08:00:30.827+0000] {dagbag.py:545} INFO - Filling up the DagBag from /opt/airflow/dags/__init__.py
[2026-09-03T08:00:30.858+0000] {processor.py:842} WARNING - No viable dags retrieved from /opt/airflow/dags/__init__.py
[2026-09-03T08:00:30.901+0000] {processor.py:183} INFO - Processing /opt/airflow/dags/__init__.py took 0.093 seconds
[2026-09-03T08:01:03.365+0000] {processor.py:161} INFO - Started process (PID=1023) to work on /opt/airflow/dags/__init__.py
[2026-09-03T08:01:03.368+0000] {processor.py:830} INFO - Processing file /opt/airflow/dags/__init__.py for tasks to queue
[2026-09-03T08:01:03.371+0000] {logging_mixin.py:188} INFO - [2026-09-03T08:01:03.371+0000] {dagbag.py:545} INFO - Filling up the DagBag from /opt/airflow/dags/__init__.py
[2026-09-03T08:01:03.392+0000] {processor.py:842} WARNING - No viable dags retrieved from /opt/airflow/dags/__init__.py
[2026-09-03T08:01:03.431+0000] {processor.py:183} INFO - Processing /opt/airflow/dags/__init__.py took 0.086 seconds
[2026-09-03T08:01:36.894+0000] {processor.py:161} INFO - Started process (PID=1035) to work on /opt/airflow/dags/__init__.py
[2026-09-03T08:01:36.896+0000] {processor.py:830} INFO - Processing file /opt/airflow/dags/__init__.py for tasks to queue
[2026-09-03T08:01:36.900+0000] {logging_mixin.py:188} INFO - [2026-09-03T08:01:36.899+0000] {dagbag.py:545} INFO - Filling up the DagBag from /opt/airflow/dags/__init__.py
[2026-09-03T08:01:36.931+0000] {processor.py:842} WARNING - No viable dags retrieved from /opt/airflow/dags/__init__.py
[2026-09-03T08:01:36.988+0000] {processor.py:183} INFO - Processing /opt/airflow/dags/__init__.py took 0.106 seconds
[2026-09-03T08:02:10.115+0000] {processor.py:161} INFO - Started process (PID=1047) to work on /opt/airflow/dags/__init__.py
[2026-09-03T08:02:10.118+0000] {processor.py:830} INFO - Processing file /opt/airflow/dags/__init__.py for tasks to queue
[2026-09-03T08:02:10.123+0000] {logging_mixin.py:188} INFO - [2026-09-03T08:02:10.122+0000] {dagbag.py:545} INFO - Filling up the DagBag from /opt/airflow/dags/__init__.py
[2026-09-03T08:02:10.152+0000] {processor.py:842} WARNING - No viable dags retrieved from /opt/airflow/dags/__init__.py
[2026-09-03T08:02:10.192+0000] {processor.py:183} INFO - Processing /opt/airflow/dags/__init__.py took 0.092 seconds
[2026-09-03T08:02:42.374+0000] {processor.py:161} INFO - Started process (PID=1059) to work on /opt/airflow/dags/__init__.py
[2026-09-03T08:02:42.377+0000] {processor.py:830} INFO - Processing file /opt/airflow/dags/__init__.py for tasks to queue
[2026-09-03T08:02:42.382+0000] {logging_mixin.py:188} INFO - [2026-09-03T08:02:42.381+0000] {dagbag.py:545} INFO - Filling up the DagBag from /opt/airflow/dags/__init__.py
[2026-09-03T08:02:42.416+0000] {processor.py:842} WARNING - No viable dags retrieved from /opt/airflow/dags/__init__.py
[2026-09-03T08:02:42.455+0000] {processor.py:183} INFO - Processing /opt/airflow/dags/__init__.py took 0.100 seconds
[2026-09-03T08:03:15.326+0000] {processor.py:161} INFO - Started process (PID=1071) to work on /opt/airflow/dags/__init__.py
[2026-09-03T08:03:15.329+0000] {processor.py:830} INFO - Processing file /opt/airflow/dags/__init__.py for tasks to queue
[2026-09-03T08:03:15.333+0000] {logging_mixin.py:188} INFO - [2026-09-03T08:03:15.333+0000] {dagbag.py:545} INFO - Filling up the DagBag from /opt/airflow/dags/__init__.py
[2026-09-03T08:03:15.362+0000] {processor.py:842} WARNING - No viable dags retrieved from /opt/airflow/dags/__init__.py
[2026-09-03T08:03:15.406+0000] {processor.py:183} INFO - Processing /opt/airflow/dags/__init__.py took 0.097 seconds
[2026-09-03T08:03:48.719+0000] {processor.py:161} INFO - Started process (PID=1083) to work on /opt/airflow/dags/__init__.py
[2026-09-03T08:03:48.720+0000] {processor.py:830} INFO - Processing file /opt/airflow/dags/__init__.py for tasks to queue
[2026-09-03T08:03:48.723+0000] {logging_mixin.py:188} INFO - [2026-09-03T08:03:48.722+0000] {dagbag.py:545} INFO - Filling up the DagBag from /opt/airflow/dags/__init__.py
[2026-09-03T08:03:48.738+0000] {processor.py:842} WARNING - No viable dags retrieved from /opt/airflow/dags/__init__.py
[2026-09-03T08:03:48.772+0000] {processor.py:183} INFO - Processing /opt/airflow/dags/__init__.py took 0.065 seconds
[2026-09-03T08:04:22.784+0000] {processor.py:161} INFO - Started process (PID=1095) to work on /opt/airflow/dags/__init__.py
[2026-09-03T08:04:22.787+0000] {processor.py:830} INFO - Processing file /opt/airflow/dags/__init__.py for tasks to queue
[2026-09-03T08:04:22.790+0000] {logging_mixin.py:188} INFO - [2026-09-03T08:04:22.790+0000] {dagbag.py:545} INFO - Filling up the DagBag from /opt/airflow/dags/__init__.py
[2026-09-03T08:04:22.816+0000] {processor.py:842} WARNING - No viable dags retrieved from /opt/airflow/dags/__init__.py
[2026-09-03T08:04:22.863+0000] {processor.py:183} INFO - Processing /opt/airflow/dags/__init__.py took 0.098 seconds
[2026-09-03T08:04:56.104+0000] {processor.py:161} INFO - Started process (PID=1107) to work on /opt/airflow/dags/__init__.py
[2026-09-03T08:04:56.105+0000] {processor.py:830} INFO - Processing file /opt/airflow/dags/__init__.py for tasks to queue
[2026-09-03T08:04:56.107+0000] {logging_mixin.py:188} INFO - [2026-09-03T08:04:56.107+0000] {dagbag.py:545} INFO - Filling up the DagBag from /opt/airflow/dags/__init__.py
[2026-09-03T08:04:56.114+0000] {processor.py:842} WARNING - No viable dags retrieved from /opt/airflow/dags/__init__.py
[2026-09-03T08:04:56.130+0000] {processor.py:183} INFO - Processing /opt/airflow/dags/__init__.py took 0.035 seconds
[2026-09-03T08:05:28.800+0000] {processor.py:161} INFO - Started process (PID=1119) to work on /opt/airflow/dags/__init__.py
[2026-09-03T08:05:28.826+0000] {processor.py:830} INFO - Processing file /opt/airflow/dags/__init__.py for tasks to queue
[2026-09-03T08:05:28.843+0000] {logging_mixin.py:188} INFO - [2026-09-03T08:05:28.842+0000] {dagbag.py:545} INFO - Filling up the DagBag from /opt/airflow/dags/__init__.py
[2026-09-03T08:05:28.869+0000] {processor.py:842} WARNING - No viable dags retrieved from /opt/airflow/dags/__init__.py
[2026-09-03T08:05:28.973+0000] {processor.py:183} INFO - Processing /opt/airflow/dags/__init__.py took 0.238 seconds
[2026-09-03T08:06:02.851+0000] {processor.py:161} INFO - Started process (PID=1131) to work on /opt/airflow/dags/__init__.py
[2026-09-03T08:06:02.853+0000] {processor.py:830} INFO - Processing file /opt/airflow/dags/__init__.py for tasks to queue
[2026-09-03T08:06:02.856+0000] {logging_mixin.py:188} INFO - [2026-09-03T08:06:02.856+0000] {dagbag.py:545} INFO - Filling up the DagBag from /opt/airflow/dags/__init__.py
[2026-09-03T08:06:02.874+0000] {processor.py:842} WARNING - No viable dags retrieved from /opt/airflow/dags/__init__.py
[2026-09-03T08:06:02.977+0000] {processor.py:183} INFO - Processing /opt/airflow/dags/__init__.py took 0.295 seconds
[2026-09-03T08:06:34.874+0000] {processor.py:161} INFO - Started process (PID=1143) to work on /opt/airflow/dags/__init__.py
[2026-09-03T08:06:34.876+0000] {processor.py:830} INFO - Processing file /opt/airflow/dags/__init__.py for tasks to queue
[2026-09-03T08:06:34.881+0000] {logging_mixin.py:188} INFO - [2026-09-03T08:06:34.880+0000] {dagbag.py:545} INFO - Filling up the DagBag from /opt/airflow/dags/__init__.py
[2026-09-03T08:06:34.909+0000] {processor.py:842} WARNING - No viable dags retrieved from /opt/airflow/dags/__init__.py
[2026-09-03T08:06:34.942+0000] {processor.py:183} INFO - Processing /opt/airflow/dags/__init__.py took 0.083 seconds
[2026-09-03T08:07:08.114+0000] {processor.py:161} INFO - Started process (PID=1155) to work on /opt/airflow/dags/__init__.py
[2026-09-03T08:07:08.116+0000] {processor.py:830} INFO - Processing file /opt/airflow/dags/__init__.py for tasks to queue
[2026-09-03T08:07:08.120+0000] {logging_mixin.py:188} INFO - [2026-09-03T08:07:08.119+0000] {dagbag.py:545} INFO - Filling up the DagBag from /opt/airflow/dags/__init__.py
[2026-09-03T08:07:08.138+0000] {processor.py:842} WARNING - No viable dags retrieved from /opt/airflow/dags/__init__.py
[2026-09-03T08:07:08.177+0000] {processor.py:183} INFO - Processing /opt/airflow/dags/__init__.py took 0.075 seconds
[2026-09-03T08:07:41.446+0000] {processor.py:161} INFO - Started process (PID=1167) to work on /opt/airflow/dags/__init__.py
[2026-09-03T08:07:41.447+0000] {processor.py:830} INFO - Processing file /opt/airflow/dags/__init__.py for tasks to queue
[2026-09-03T08:07:41.449+0000] {logging_mixin.py:188} INFO - [2026-09-03T08:07:41.449+0000] {dagbag.py:545} INFO - Filling up the DagBag from /opt/airflow/dags/__init__.py
[2026-09-03T08:07:41.458+0000] {processor.py:842} WARNING - No viable dags retrieved from /opt/airflow/dags/__init__.py
[2026-09-03T08:07:41.478+0000] {processor.py:183} INFO - Processing /opt/airflow/dags/__init__.py took 0.043 seconds
[2026-09-03T08:08:14.954+0000] {processor.py:161} INFO - Started process (PID=1179) to work on /opt/airflow/dags/__init__.py
[2026-09-03T08:08:14.966+0000] {processor.py:830} INFO - Processing file /opt/airflow/dags/__init__.py for tasks to queue
[2026-09-03T08:08:14.972+0000] {logging_mixin.py:188} INFO - [2026-09-03T08:08:14.970+0000] {dagbag.py:545} INFO - Filling up the DagBag from /opt/airflow/dags/__init__.py
[2026-09-03T08:08:15.029+0000] {processor.py:842} WARNING - No viable dags retrieved from /opt/airflow/dags/__init__.py
[2026-09-03T08:08:15.107+0000] {processor.py:183} INFO - Processing /opt/airflow/dags/__init__.py took 0.299 seconds
[2026-09-03T08:08:48.050+0000] {processor.py:161} INFO - Started process (PID=1191) to work on /opt/airflow/dags/__init__.py
[2026-09-03T08:08:48.051+0000] {processor.py:830} INFO - Processing file /opt/airflow/dags/__init__.py for tasks to queue
[2026-09-03T08:08:48.053+0000] {logging_mixin.py:188} INFO - [2026-09-03T08:08:48.053+0000] {dagbag.py:545} INFO - Filling up the DagBag from /opt/airflow/dags/__init__.py
[2026-09-03T08:08:48.064+0000] {processor.py:842} WARNING - No viable dags retrieved from /opt/airflow/dags/__init__.py
[2026-09-03T08:08:48.082+0000] {processor.py:183} INFO - Processing /opt/airflow/dags/__init__.py took 0.041 seconds
[2026-09-03T08:09:21.433+0000] {processor.py:161} INFO - Started process (PID=1203) to work on /opt/airflow/dags/__init__.py
[2026-09-03T08:09:21.444+0000] {processor.py:830} INFO - Processing file /opt/airflow/dags/__init__.py for tasks to queue
[2026-09-03T08:09:21.463+0000] {logging_mixin.py:188} INFO - [2026-09-03T08:09:21.461+0000] {dagbag.py:545} INFO - Filling up the DagBag from /opt/airflow/dags/__init__.py
[2026-09-03T08:09:21.500+0000] {processor.py:842} WARNING - No viable dags retrieved from /opt/airflow/dags/__init__.py
[2026-09-03T08:09:21.596+0000] {processor.py:183} INFO - Processing /opt/airflow/dags/__init__.py took 0.240 seconds
[2026-09-03T08:09:54.427+0000] {processor.py:161} INFO - Started process (PID=1215) to work on /opt/airflow/dags/__init__.py
[2026-09-03T08:09:54.429+0000] {processor.py:830} INFO - Processing file /opt/airflow/dags/__init__.py for tasks to queue
[2026-09-03T08:09:54.432+0000] {logging_mixin.py:188} INFO - [2026-09-03T08:09:54.432+0000] {dagbag.py:545} INFO - Filling up the DagBag from /opt/airflow/dags/__init__.py
[2026-09-03T08:09:54.450+0000] {processor.py:842} WARNING - No viable dags retrieved from /opt/airflow/dags/__init__.py
[2026-09-03T08:09:54.477+0000] {processor.py:183} INFO - Processing /opt/airflow/dags/__init__.py took 0.064 seconds
[2026-09-03T08:10:27.861+0000] {processor.py:161} INFO - Started process (PID=1227) to work on /opt/airflow/dags/__init__.py
[2026-09-03T08:10:27.875+0000] {processor.py:830} INFO - Processing file /opt/airflow/dags/__init__.py for tasks to queue
[2026-09-03T08:10:27.900+0000] {logging_mixin.py:188} INFO - [2026-09-03T08:10:27.899+0000] {dagbag.py:545} INFO - Filling up the DagBag from /opt/airflow/dags/__init__.py
[2026-09-03T08:10:27.922+0000] {processor.py:842} WARNING - No viable dags retrieved from /opt/airflow/dags/__init__.py
[2026-09-03T08:10:28.014+0000] {processor.py:183} INFO - Processing /opt/airflow/dags/__init__.py took 0.222 seconds
[2026-09-03T08:11:01.887+0000] {processor.py:161} INFO - Started process (PID=1240) to work on /opt/airflow/dags/__init__.py
[2026-09-03T08:11:01.889+0000] {processor.py:830} INFO - Processing file /opt/airflow/dags/__init__.py for tasks to queue
[2026-09-03T08:11:01.893+0000] {logging_mixin.py:188} INFO - [2026-09-03T08:11:01.893+0000] {dagbag.py:545} INFO - Filling up the DagBag from /opt/airflow/dags/__init__.py
[2026-09-03T08:11:01.922+0000] {processor.py:842} WARNING - No viable dags retrieved from /opt/airflow/dags/__init__.py
[2026-09-03T08:11:01.960+0000] {processor.py:183} INFO - Processing /opt/airflow/dags/__init__.py took 0.089 seconds
[2026-09-03T08:11:36.662+0000] {processor.py:161} INFO - Started process (PID=1252) to work on /opt/airflow/dags/__init__.py
[2026-09-03T08:11:36.665+0000] {processor.py:830} INFO - Processing file /opt/airflow/dags/__init__.py for tasks to queue
[2026-09-03T08:11:36.670+0000] {logging_mixin.py:188} INFO - [2026-09-03T08:11:36.669+0000] {dagbag.py:545} INFO - Filling up the DagBag from /opt/airflow/dags/__init__.py
[2026-09-03T08:11:36.702+0000] {processor.py:842} WARNING - No viable dags retrieved from /opt/airflow/dags/__init__.py
[2026-09-03T08:11:36.746+0000] {processor.py:183} INFO - Processing /opt/airflow/dags/__init__.py took 0.104 seconds
[2026-09-03T08:12:09.839+0000] {processor.py:161} INFO - Started process (PID=1264) to work on /opt/airflow/dags/__init__.py
[2026-09-03T08:12:09.841+0000] {processor.py:830} INFO - Processing file /opt/airflow/dags/__init__.py for tasks to queue
[2026-09-03T08:12:09.848+0000] {logging_mixin.py:188} INFO - [2026-09-03T08:12:09.847+0000] {dagbag.py:545} INFO - Filling up the DagBag from /opt/airflow/dags/__init__.py
[2026-09-03T08:12:09.866+0000] {processor.py:842} WARNING - No viable dags retrieved from /opt/airflow/dags/__init__.py
[2026-09-03T08:12:09.902+0000] {processor.py:183} INFO - Processing /opt/airflow/dags/__init__.py took 0.070 seconds
[2026-09-03T08:12:42.462+0000] {processor.py:161} INFO - Started process (PID=1276) to work on /opt/airflow/dags/__init__.py
[2026-09-03T08:12:42.464+0000] {processor.py:830} INFO - Processing file /opt/airflow/dags/__init__.py for tasks to queue
[2026-09-03T08:12:42.466+0000] {logging_mixin.py:188} INFO - [2026-09-03T08:12:42.466+0000] {dagbag.py:545} INFO - Filling up the DagBag from /opt/airflow/dags/__init__.py
[2026-09-03T08:12:42.492+0000] {processor.py:842} WARNING - No viable dags retrieved from /opt/airflow/dags/__init__.py
[2026-09-03T08:12:42.522+0000] {processor.py:183} INFO - Processing /opt/airflow/dags/__init__.py took 0.072 seconds
[2026-09-03T08:13:18.108+0000] {processor.py:161} INFO - Started process (PID=1288) to work on /opt/airflow/dags/__init__.py
[2026-09-03T08:13:18.111+0000] {processor.py:830} INFO - Processing file /opt/airflow/dags/__init__.py for tasks to queue
[2026-09-03T08:13:18.115+0000] {logging_mixin.py:188} INFO - [2026-09-03T08:13:18.115+0000] {dagbag.py:545} INFO - Filling up the DagBag from /opt/airflow/dags/__init__.py
[2026-09-03T08:13:18.150+0000] {processor.py:842} WARNING - No viable dags retrieved from /opt/airflow/dags/__init__.py
[2026-09-03T08:13:18.196+0000] {processor.py:183} INFO - Processing /opt/airflow/dags/__init__.py took 0.108 seconds
[2026-09-03T08:13:52.894+0000] {processor.py:161} INFO - Started process (PID=1300) to work on /opt/airflow/dags/__init__.py
[2026-09-03T08:13:52.896+0000] {processor.py:830} INFO - Processing file /opt/airflow/dags/__init__.py for tasks to queue
[2026-09-03T08:13:52.898+0000] {logging_mixin.py:188} INFO - [2026-09-03T08:13:52.898+0000] {dagbag.py:545} INFO - Filling up the DagBag from /opt/airflow/dags/__init__.py
[2026-09-03T08:13:52.916+0000] {processor.py:842} WARNING - No viable dags retrieved from /opt/airflow/dags/__init__.py
[2026-09-03T08:13:52.951+0000] {processor.py:183} INFO - Processing /opt/airflow/dags/__init__.py took 0.074 seconds
[2026-09-03T08:14:26.628+0000] {processor.py:161} INFO - Started process (PID=1312) to work on /opt/airflow/dags/__init__.py
[2026-09-03T08:14:26.630+0000] {processor.py:830} INFO - Processing file /opt/airflow/dags/__init__.py for tasks to queue
[2026-09-03T08:14:26.634+0000] {logging_mixin.py:188} INFO - [2026-09-03T08:14:26.633+0000] {dagbag.py:545} INFO - Filling up the DagBag from /opt/airflow/dags/__init__.py
[2026-09-03T08:14:26.665+0000] {processor.py:842} WARNING - No viable dags retrieved from /opt/airflow/dags/__init__.py
[2026-09-03T08:14:26.709+0000] {processor.py:183} INFO - Processing /opt/airflow/dags/__init__.py took 0.097 seconds
[2026-09-03T08:14:59.939+0000] {processor.py:161} INFO - Started process (PID=1324) to work on /opt/airflow/dags/__init__.py
[2026-09-03T08:14:59.941+0000] {processor.py:830} INFO - Processing file /opt/airflow/dags/__init__.py for tasks to queue
[2026-09-03T08:14:59.944+0000] {logging_mixin.py:188} INFO - [2026-09-03T08:14:59.943+0000] {dagbag.py:545} INFO - Filling up the DagBag from /opt/airflow/dags/__init__.py
[2026-09-03T08:14:59.965+0000] {processor.py:842} WARNING - No viable dags retrieved from /opt/airflow/dags/__init__.py
[2026-09-03T08:15:00.007+0000] {processor.py:183} INFO - Processing /opt/airflow/dags/__init__.py took 0.084 seconds
[2026-09-03T08:15:33.282+0000] {processor.py:161} INFO - Started process (PID=1336) to work on /opt/airflow/dags/__init__.py
[2026-09-03T08:15:33.284+0000] {processor.py:830} INFO - Processing file /opt/airflow/dags/__init__.py for tasks to queue
[2026-09-03T08:15:33.288+0000] {logging_mixin.py:188} INFO - [2026-09-03T08:15:33.288+0000] {dagbag.py:545} INFO - Filling up the DagBag from /opt/airflow/dags/__init__.py
[2026-09-03T08:15:33.306+0000] {processor.py:842} WARNING - No viable dags retrieved from /opt/airflow/dags/__init__.py
[2026-09-03T08:15:33.339+0000] {processor.py:183} INFO - Processing /opt/airflow/dags/__init__.py took 0.070 seconds
[2026-09-03T08:16:05.125+0000] {processor.py:161} INFO - Started process (PID=1348) to work on /opt/airflow/dags/__init__.py
[2026-09-03T08:16:05.128+0000] {processor.py:830} INFO - Processing file /opt/airflow/dags/__init__.py for tasks to queue
[2026-09-03T08:16:05.133+0000] {logging_mixin.py:188} INFO - [2026-09-03T08:16:05.133+0000] {dagbag.py:545} INFO - Filling up the DagBag from /opt/airflow/dags/__init__.py
[2026-09-03T08:16:05.164+0000] {processor.py:842} WARNING - No viable dags retrieved from /opt/airflow/dags/__init__.py
[2026-09-03T08:16:05.211+0000] {processor.py:183} INFO - Processing /opt/airflow/dags/__init__.py took 0.107 seconds
[2026-09-03T08:16:43.144+0000] {processor.py:161} INFO - Started process (PID=1360) to work on /opt/airflow/dags/__init__.py
[2026-09-03T08:16:43.146+0000] {processor.py:830} INFO - Processing file /opt/airflow/dags/__init__.py for tasks to queue
[2026-09-03T08:16:43.148+0000] {logging_mixin.py:188} INFO - [2026-09-03T08:16:43.148+0000] {dagbag.py:545} INFO - Filling up the DagBag from /opt/airflow/dags/__init__.py
[2026-09-03T08:16:43.165+0000] {processor.py:842} WARNING - No viable dags retrieved from /opt/airflow/dags/__init__.py
[2026-09-03T08:16:43.196+0000] {processor.py:183} INFO - Processing /opt/airflow/dags/__init__.py took 0.062 seconds
[2026-09-03T08:17:16.659+0000] {processor.py:161} INFO - Started process (PID=1372) to work on /opt/airflow/dags/__init__.py
[2026-09-03T08:17:16.660+0000] {processor.py:830} INFO - Processing file /opt/airflow/dags/__init__.py for tasks to queue
[2026-09-03T08:17:16.663+0000] {logging_mixin.py:188} INFO - [2026-09-03T08:17:16.662+0000] {dagbag.py:545} INFO - Filling up the DagBag from /opt/airflow/dags/__init__.py
[2026-09-03T08:17:16.681+0000] {processor.py:842} WARNING - No viable dags retrieved from /opt/airflow/dags/__init__.py
[2026-09-03T08:17:16.711+0000] {processor.py:183} INFO - Processing /opt/airflow/dags/__init__.py took 0.062 seconds
[2026-09-03T08:17:50.625+0000] {processor.py:161} INFO - Started process (PID=1384) to work on /opt/airflow/dags/__init__.py
[2026-09-03T08:17:50.626+0000] {processor.py:830} INFO - Processing file /opt/airflow/dags/__init__.py for tasks to queue
[2026-09-03T08:17:50.629+0000] {logging_mixin.py:188} INFO - [2026-09-03T08:17:50.628+0000] {dagbag.py:545} INFO - Filling up the DagBag from /opt/airflow/dags/__init__.py
[2026-09-03T08:17:50.648+0000] {processor.py:842} WARNING - No viable dags retrieved from /opt/airflow/dags/__init__.py
[2026-09-03T08:17:50.679+0000] {processor.py:183} INFO - Processing /opt/airflow/dags/__init__.py took 0.065 seconds
[2026-09-03T08:18:22.931+0000] {processor.py:161} INFO - Started process (PID=1396) to work on /opt/airflow/dags/__init__.py
[2026-09-03T08:18:22.932+0000] {processor.py:830} INFO - Processing file /opt/airflow/dags/__init__.py for tasks to queue
[2026-09-03T08:18:22.935+0000] {logging_mixin.py:188} INFO - [2026-09-03T08:18:22.934+0000] {dagbag.py:545} INFO - Filling up the DagBag from /opt/airflow/dags/__init__.py
[2026-09-03T08:18:22.951+0000] {processor.py:842} WARNING - No viable dags retrieved from /opt/airflow/dags/__init__.py
[2026-09-03T08:18:22.978+0000] {processor.py:183} INFO - Processing /opt/airflow/dags/__init__.py took 0.056 seconds
[2026-09-03T08:18:57.983+0000] {processor.py:161} INFO - Started process (PID=1408) to work on /opt/airflow/dags/__init__.py
[2026-09-03T08:18:57.985+0000] {processor.py:830} INFO - Processing file /opt/airflow/dags/__init__.py for tasks to queue
[2026-09-03T08:18:57.988+0000] {logging_mixin.py:188} INFO - [2026-09-03T08:18:57.987+0000] {dagbag.py:545} INFO - Filling up the DagBag from /opt/airflow/dags/__init__.py
[2026-09-03T08:18:57.999+0000] {processor.py:842} WARNING - No viable dags retrieved from /opt/airflow/dags/__init__.py
[2026-09-03T08:18:58.032+0000] {processor.py:183} INFO - Processing /opt/airflow/dags/__init__.py took 0.060 seconds
[2026-09-03T08:19:31.419+0000] {processor.py:161} INFO - Started process (PID=1420) to work on /opt/airflow/dags/__init__.py
[2026-09-03T08:19:31.422+0000] {processor.py:830} INFO - Processing file /opt/airflow/dags/__init__.py for tasks to queue
[2026-09-03T08:19:31.426+0000] {logging_mixin.py:188} INFO - [2026-09-03T08:19:31.425+0000] {dagbag.py:545} INFO - Filling up the DagBag from /opt/airflow/dags/__init__.py
[2026-09-03T08:19:31.454+0000] {processor.py:842} WARNING - No viable dags retrieved from /opt/airflow/dags/__init__.py
[2026-09-03T08:19:31.486+0000] {processor.py:183} INFO - Processing /opt/airflow/dags/__init__.py took 0.083 seconds
[2026-09-03T08:20:05.801+0000] {processor.py:161} INFO - Started process (PID=1432) to work on /opt/airflow/dags/__init__.py
[2026-09-03T08:20:05.803+0000] {processor.py:830} INFO - Processing file /opt/airflow/dags/__init__.py for tasks to queue
[2026-09-03T08:20:05.809+0000] {logging_mixin.py:188} INFO - [2026-09-03T08:20:05.808+0000] {dagbag.py:545} INFO - Filling up the DagBag from /opt/airflow/dags/__init__.py
[2026-09-03T08:20:05.837+0000] {processor.py:842} WARNING - No viable dags retrieved from /opt/airflow/dags/__init__.py
[2026-09-03T08:20:05.882+0000] {processor.py:183} INFO - Processing /opt/airflow/dags/__init__.py took 0.103 seconds
[2026-09-03T08:20:38.696+0000] {processor.py:161} INFO - Started process (PID=1444) to work on /opt/airflow/dags/__init__.py
[2026-09-03T08:20:38.697+0000] {processor.py:830} INFO - Processing file /opt/airflow/dags/__init__.py for tasks to queue
[2026-09-03T08:20:38.700+0000] {logging_mixin.py:188} INFO - [2026-09-03T08:20:38.699+0000] {dagbag.py:545} INFO - Filling up the DagBag from /opt/airflow/dags/__init__.py
[2026-09-03T08:20:38.716+0000] {processor.py:842} WARNING - No viable dags retrieved from /opt/airflow/dags/__init__.py
[2026-09-03T08:20:38.736+0000] {processor.py:183} INFO - Processing /opt/airflow/dags/__init__.py took 0.052 seconds
[2026-09-03T08:21:13.127+0000] {processor.py:161} INFO - Started process (PID=1456) to work on /opt/airflow/dags/__init__.py
[2026-09-03T08:21:13.128+0000] {processor.py:830} INFO - Processing file /opt/airflow/dags/__init__.py for tasks to queue
[2026-09-03T08:21:13.131+0000] {logging_mixin.py:188} INFO - [2026-09-03T08:21:13.130+0000] {dagbag.py:545} INFO - Filling up the DagBag from /opt/airflow/dags/__init__.py
[2026-09-03T08:21:13.147+0000] {processor.py:842} WARNING - No viable dags retrieved from /opt/airflow/dags/__init__.py
[2026-09-03T08:21:13.177+0000] {processor.py:183} INFO - Processing /opt/airflow/dags/__init__.py took 0.061 seconds
[2026-09-03T08:21:46.744+0000] {processor.py:161} INFO - Started process (PID=1468) to work on /opt/airflow/dags/__init__.py
[2026-09-03T08:21:46.747+0000] {processor.py:830} INFO - Processing file /opt/airflow/dags/__init__.py for tasks to queue
[2026-09-03T08:21:46.750+0000] {logging_mixin.py:188} INFO - [2026-09-03T08:21:46.749+0000] {dagbag.py:545} INFO - Filling up the DagBag from /opt/airflow/dags/__init__.py
[2026-09-03T08:21:46.770+0000] {processor.py:842} WARNING - No viable dags retrieved from /opt/airflow/dags/__init__.py
[2026-09-03T08:21:46.803+0000] {processor.py:183} INFO - Processing /opt/airflow/dags/__init__.py took 0.070 seconds
[2026-09-03T08:22:21.391+0000] {processor.py:161} INFO - Started process (PID=1480) to work on /opt/airflow/dags/__init__.py
[2026-09-03T08:22:21.393+0000] {processor.py:830} INFO - Processing file /opt/airflow/dags/__init__.py for tasks to queue
[2026-09-03T08:22:21.396+0000] {logging_mixin.py:188} INFO - [2026-09-03T08:22:21.396+0000] {dagbag.py:545} INFO - Filling up the DagBag from /opt/airflow/dags/__init__.py
[2026-09-03T08:22:21.416+0000] {processor.py:842} WARNING - No viable dags retrieved from /opt/airflow/dags/__init__.py
[2026-09-03T08:22:21.453+0000] {processor.py:183} INFO - Processing /opt/airflow/dags/__init__.py took 0.077 seconds
[2026-09-03T08:22:55.266+0000] {processor.py:161} INFO - Started process (PID=1492) to work on /opt/airflow/dags/__init__.py
[2026-09-03T08:22:55.268+0000] {processor.py:830} INFO - Processing file /opt/airflow/dags/__init__.py for tasks to queue
[2026-09-03T08:22:55.270+0000] {logging_mixin.py:188} INFO - [2026-09-03T08:22:55.269+0000] {dagbag.py:545} INFO - Filling up the DagBag from /opt/airflow/dags/__init__.py
[2026-09-03T08:22:55.294+0000] {processor.py:842} WARNING - No viable dags retrieved from /opt/airflow/dags/__init__.py
[2026-09-03T08:22:55.330+0000] {processor.py:183} INFO - Processing /opt/airflow/dags/__init__.py took 0.083 seconds
[2026-09-03T08:23:29.862+0000] {processor.py:161} INFO - Started process (PID=1504) to work on /opt/airflow/dags/__init__.py
[2026-09-03T08:23:29.863+0000] {processor.py:830} INFO - Processing file /opt/airflow/dags/__init__.py for tasks to queue
[2026-09-03T08:23:29.866+0000] {logging_mixin.py:188} INFO - [2026-09-03T08:23:29.865+0000] {dagbag.py:545} INFO - Filling up the DagBag from /opt/airflow/dags/__init__.py
[2026-09-03T08:23:29.891+0000] {processor.py:842} WARNING - No viable dags retrieved from /opt/airflow/dags/__init__.py
[2026-09-03T08:23:29.925+0000] {processor.py:183} INFO - Processing /opt/airflow/dags/__init__.py took 0.075 seconds
[2026-09-03T08:24:03.286+0000] {processor.py:161} INFO - Started process (PID=1516) to work on /opt/airflow/dags/__init__.py
[2026-09-03T08:24:03.288+0000] {processor.py:830} INFO - Processing file /opt/airflow/dags/__init__.py for tasks to queue
[2026-09-03T08:24:03.290+0000] {logging_mixin.py:188} INFO - [2026-09-03T08:24:03.290+0000] {dagbag.py:545} INFO - Filling up the DagBag from /opt/airflow/dags/__init__.py
[2026-09-03T08:24:03.310+0000] {processor.py:842} WARNING - No viable dags retrieved from /opt/airflow/dags/__init__.py
[2026-09-03T08:24:03.342+0000] {processor.py:183} INFO - Processing /opt/airflow/dags/__init__.py took 0.070 seconds
[2026-09-03T08:24:38.368+0000] {processor.py:161} INFO - Started process (PID=1529) to work on /opt/airflow/dags/__init__.py
[2026-09-03T08:24:38.369+0000] {processor.py:830} INFO - Processing file /opt/airflow/dags/__init__.py for tasks to queue
[2026-09-03T08:24:38.371+0000] {logging_mixin.py:188} INFO - [2026-09-03T08:24:38.371+0000] {dagbag.py:545} INFO - Filling up the DagBag from /opt/airflow/dags/__init__.py
[2026-09-03T08:24:37.477+0000] {processor.py:842} WARNING - No viable dags retrieved from /opt/airflow/dags/__init__.py
[2026-09-03T08:24:37.509+0000] {processor.py:183} INFO - Processing /opt/airflow/dags/__init__.py took 0.065 seconds
[2026-09-03T08:25:09.412+0000] {processor.py:161} INFO - Started process (PID=1541) to work on /opt/airflow/dags/__init__.py
[2026-09-03T08:25:09.414+0000] {processor.py:830} INFO - Processing file /opt/airflow/dags/__init__.py for tasks to queue
[2026-09-03T08:25:09.416+0000] {logging_mixin.py:188} INFO - [2026-09-03T08:25:09.416+0000] {dagbag.py:545} INFO - Filling up the DagBag from /opt/airflow/dags/__init__.py
[2026-09-03T08:25:09.428+0000] {processor.py:842} WARNING - No viable dags retrieved from /opt/airflow/dags/__init__.py
[2026-09-03T08:25:09.450+0000] {processor.py:183} INFO - Processing /opt/airflow/dags/__init__.py took 0.048 seconds
[2026-09-03T08:25:44.952+0000] {processor.py:161} INFO - Started process (PID=1553) to work on /opt/airflow/dags/__init__.py
[2026-09-03T08:25:44.954+0000] {processor.py:830} INFO - Processing file /opt/airflow/dags/__init__.py for tasks to queue
[2026-09-03T08:25:44.956+0000] {logging_mixin.py:188} INFO - [2026-09-03T08:25:44.955+0000] {dagbag.py:545} INFO - Filling up the DagBag from /opt/airflow/dags/__init__.py
[2026-09-03T08:25:44.971+0000] {processor.py:842} WARNING - No viable dags retrieved from /opt/airflow/dags/__init__.py
[2026-09-03T08:25:44.995+0000] {processor.py:183} INFO - Processing /opt/airflow/dags/__init__.py took 0.056 seconds
[2026-09-03T08:26:18.588+0000] {processor.py:161} INFO - Started process (PID=1565) to work on /opt/airflow/dags/__init__.py
[2026-09-03T08:26:18.589+0000] {processor.py:830} INFO - Processing file /opt/airflow/dags/__init__.py for tasks to queue
[2026-09-03T08:26:18.592+0000] {logging_mixin.py:188} INFO - [2026-09-03T08:26:18.591+0000] {dagbag.py:545} INFO - Filling up the DagBag from /opt/airflow/dags/__init__.py
[2026-09-03T08:26:18.610+0000] {processor.py:842} WARNING - No viable dags retrieved from /opt/airflow/dags/__init__.py
[2026-09-03T08:26:18.641+0000] {processor.py:183} INFO - Processing /opt/airflow/dags/__init__.py took 0.065 seconds
[2026-09-03T08:26:52.454+0000] {processor.py:161} INFO - Started process (PID=1577) to work on /opt/airflow/dags/__init__.py
[2026-09-03T08:26:52.455+0000] {processor.py:830} INFO - Processing file /opt/airflow/dags/__init__.py for tasks to queue
[2026-09-03T08:26:52.457+0000] {logging_mixin.py:188} INFO - [2026-09-03T08:26:52.457+0000] {dagbag.py:545} INFO - Filling up the DagBag from /opt/airflow/dags/__init__.py
[2026-09-03T08:26:52.475+0000] {processor.py:842} WARNING - No viable dags retrieved from /opt/airflow/dags/__init__.py
[2026-09-03T08:26:52.507+0000] {processor.py:183} INFO - Processing /opt/airflow/dags/__init__.py took 0.066 seconds
[2026-09-03T08:27:28.700+0000] {processor.py:161} INFO - Started process (PID=1589) to work on /opt/airflow/dags/__init__.py
[2026-09-03T08:27:28.703+0000] {processor.py:830} INFO - Processing file /opt/airflow/dags/__init__.py for tasks to queue
[2026-09-03T08:27:28.706+0000] {logging_mixin.py:188} INFO - [2026-09-03T08:27:28.705+0000] {dagbag.py:545} INFO - Filling up the DagBag from /opt/airflow/dags/__init__.py
[2026-09-03T08:27:28.726+0000] {processor.py:842} WARNING - No viable dags retrieved from /opt/airflow/dags/__init__.py
[2026-09-03T08:27:28.858+0000] {processor.py:183} INFO - Processing /opt/airflow/dags/__init__.py took 0.174 seconds
[2026-09-03T08:28:00.817+0000] {processor.py:161} INFO - Started process (PID=1601) to work on /opt/airflow/dags/__init__.py
[2026-09-03T08:28:00.824+0000] {processor.py:830} INFO - Processing file /opt/airflow/dags/__init__.py for tasks to queue
[2026-09-03T08:28:00.831+0000] {logging_mixin.py:188} INFO - [2026-09-03T08:28:00.829+0000] {dagbag.py:545} INFO - Filling up the DagBag from /opt/airflow/dags/__init__.py
[2026-09-03T08:28:00.869+0000] {processor.py:842} WARNING - No viable dags retrieved from /opt/airflow/dags/__init__.py
[2026-09-03T08:28:00.931+0000] {processor.py:183} INFO - Processing /opt/airflow/dags/__init__.py took 0.133 seconds
[2026-09-03T08:28:34.955+0000] {processor.py:161} INFO - Started process (PID=1613) to work on /opt/airflow/dags/__init__.py
[2026-09-03T08:28:34.957+0000] {processor.py:830} INFO - Processing file /opt/airflow/dags/__init__.py for tasks to queue
[2026-09-03T08:28:34.960+0000] {logging_mixin.py:188} INFO - [2026-09-03T08:28:34.960+0000] {dagbag.py:545} INFO - Filling up the DagBag from /opt/airflow/dags/__init__.py
[2026-09-03T08:28:34.972+0000] {processor.py:842} WARNING - No viable dags retrieved from /opt/airflow/dags/__init__.py
[2026-09-03T08:28:35.011+0000] {processor.py:183} INFO - Processing /opt/airflow/dags/__init__.py took 0.068 seconds
[2026-09-03T08:29:09.732+0000] {processor.py:161} INFO - Started process (PID=1625) to work on /opt/airflow/dags/__init__.py
[2026-09-03T08:29:09.736+0000] {processor.py:830} INFO - Processing file /opt/airflow/dags/__init__.py for tasks to queue
[2026-09-03T08:29:09.738+0000] {logging_mixin.py:188} INFO - [2026-09-03T08:29:09.738+0000] {dagbag.py:545} INFO - Filling up the DagBag from /opt/airflow/dags/__init__.py
[2026-09-03T08:29:09.760+0000] {processor.py:842} WARNING - No viable dags retrieved from /opt/airflow/dags/__init__.py
[2026-09-03T08:29:09.800+0000] {processor.py:183} INFO - Processing /opt/airflow/dags/__init__.py took 0.079 seconds
[2026-09-03T08:29:43.612+0000] {processor.py:161} INFO - Started process (PID=1637) to work on /opt/airflow/dags/__init__.py
[2026-09-03T08:29:43.614+0000] {processor.py:830} INFO - Processing file /opt/airflow/dags/__init__.py for tasks to queue
[2026-09-03T08:29:43.616+0000] {logging_mixin.py:188} INFO - [2026-09-03T08:29:43.616+0000] {dagbag.py:545} INFO - Filling up the DagBag from /opt/airflow/dags/__init__.py
[2026-09-03T08:29:43.627+0000] {processor.py:842} WARNING - No viable dags retrieved from /opt/airflow/dags/__init__.py
[2026-09-03T08:29:43.662+0000] {processor.py:183} INFO - Processing /opt/airflow/dags/__init__.py took 0.060 seconds
[2026-09-03T08:30:16.994+0000] {processor.py:161} INFO - Started process (PID=1649) to work on /opt/airflow/dags/__init__.py
[2026-09-03T08:30:16.996+0000] {processor.py:830} INFO - Processing file /opt/airflow/dags/__init__.py for tasks to queue
[2026-09-03T08:30:17.002+0000] {logging_mixin.py:188} INFO - [2026-09-03T08:30:17.001+0000] {dagbag.py:545} INFO - Filling up the DagBag from /opt/airflow/dags/__init__.py
[2026-09-03T08:30:17.015+0000] {processor.py:842} WARNING - No viable dags retrieved from /opt/airflow/dags/__init__.py
[2026-09-03T08:30:17.054+0000] {processor.py:183} INFO - Processing /opt/airflow/dags/__init__.py took 0.077 seconds
[2026-09-03T08:30:49.797+0000] {processor.py:161} INFO - Started process (PID=1661) to work on /opt/airflow/dags/__init__.py
[2026-09-03T08:30:49.799+0000] {processor.py:830} INFO - Processing file /opt/airflow/dags/__init__.py for tasks to queue
[2026-09-03T08:30:49.802+0000] {logging_mixin.py:188} INFO - [2026-09-03T08:30:49.801+0000] {dagbag.py:545} INFO - Filling up the DagBag from /opt/airflow/dags/__init__.py
[2026-09-03T08:30:49.821+0000] {processor.py:842} WARNING - No viable dags retrieved from /opt/airflow/dags/__init__.py
[2026-09-03T08:30:49.851+0000] {processor.py:183} INFO - Processing /opt/airflow/dags/__init__.py took 0.067 seconds
[2026-09-03T08:31:25.872+0000] {processor.py:161} INFO - Started process (PID=1673) to work on /opt/airflow/dags/__init__.py
[2026-09-03T08:31:25.874+0000] {processor.py:830} INFO - Processing file /opt/airflow/dags/__init__.py for tasks to queue
[2026-09-03T08:31:25.878+0000] {logging_mixin.py:188} INFO - [2026-09-03T08:31:25.878+0000] {dagbag.py:545} INFO - Filling up the DagBag from /opt/airflow/dags/__init__.py
[2026-09-03T08:31:25.905+0000] {processor.py:842} WARNING - No viable dags retrieved from /opt/airflow/dags/__init__.py
[2026-09-03T08:31:25.935+0000] {processor.py:183} INFO - Processing /opt/airflow/dags/__init__.py took 0.080 seconds
[2026-09-03T08:31:59.614+0000] {processor.py:161} INFO - Started process (PID=1685) to work on /opt/airflow/dags/__init__.py
[2026-09-03T08:31:59.616+0000] {processor.py:830} INFO - Processing file /opt/airflow/dags/__init__.py for tasks to queue
[2026-09-03T08:31:59.620+0000] {logging_mixin.py:188} INFO - [2026-09-03T08:31:59.620+0000] {dagbag.py:545} INFO - Filling up the DagBag from /opt/airflow/dags/__init__.py
[2026-09-03T08:31:59.641+0000] {processor.py:842} WARNING - No viable dags retrieved from /opt/airflow/dags/__init__.py
[2026-09-03T08:31:59.681+0000] {processor.py:183} INFO - Processing /opt/airflow/dags/__init__.py took 0.080 seconds
[2026-09-03T08:32:32.867+0000] {processor.py:161} INFO - Started process (PID=1697) to work on /opt/airflow/dags/__init__.py
[2026-09-03T08:32:32.870+0000] {processor.py:830} INFO - Processing file /opt/airflow/dags/__init__.py for tasks to queue
[2026-09-03T08:32:32.873+0000] {logging_mixin.py:188} INFO - [2026-09-03T08:32:32.872+0000] {dagbag.py:545} INFO - Filling up the DagBag from /opt/airflow/dags/__init__.py
[2026-09-03T08:32:32.899+0000] {processor.py:842} WARNING - No viable dags retrieved from /opt/airflow/dags/__init__.py
[2026-09-03T08:32:32.939+0000] {processor.py:183} INFO - Processing /opt/airflow/dags/__init__.py took 0.086 seconds
[2026-09-03T08:33:07.596+0000] {processor.py:161} INFO - Started process (PID=1709) to work on /opt/airflow/dags/__init__.py
[2026-09-03T08:33:07.621+0000] {processor.py:830} INFO - Processing file /opt/airflow/dags/__init__.py for tasks to queue
[2026-09-03T08:33:07.629+0000] {logging_mixin.py:188} INFO - [2026-09-03T08:33:07.628+0000] {dagbag.py:545} INFO - Filling up the DagBag from /opt/airflow/dags/__init__.py
[2026-09-03T08:33:07.650+0000] {processor.py:842} WARNING - No viable dags retrieved from /opt/airflow/dags/__init__.py
[2026-09-03T08:33:07.780+0000] {processor.py:183} INFO - Processing /opt/airflow/dags/__init__.py took 0.426 seconds
[2026-09-03T08:33:39.586+0000] {processor.py:161} INFO - Started process (PID=1721) to work on /opt/airflow/dags/__init__.py
[2026-09-03T08:33:39.588+0000] {processor.py:830} INFO - Processing file /opt/airflow/dags/__init__.py for tasks to queue
[2026-09-03T08:33:39.592+0000] {logging_mixin.py:188} INFO - [2026-09-03T08:33:39.592+0000] {dagbag.py:545} INFO - Filling up the DagBag from /opt/airflow/dags/__init__.py
[2026-09-03T08:33:39.614+0000] {processor.py:842} WARNING - No viable dags retrieved from /opt/airflow/dags/__init__.py
[2026-09-03T08:33:39.648+0000] {processor.py:183} INFO - Processing /opt/airflow/dags/__init__.py took 0.082 seconds
[2026-09-03T08:34:14.355+0000] {processor.py:161} INFO - Started process (PID=1733) to work on /opt/airflow/dags/__init__.py
[2026-09-03T08:34:14.357+0000] {processor.py:830} INFO - Processing file /opt/airflow/dags/__init__.py for tasks to queue
[2026-09-03T08:34:14.359+0000] {logging_mixin.py:188} INFO - [2026-09-03T08:34:14.358+0000] {dagbag.py:545} INFO - Filling up the DagBag from /opt/airflow/dags/__init__.py
[2026-09-03T08:34:14.368+0000] {processor.py:842} WARNING - No viable dags retrieved from /opt/airflow/dags/__init__.py
[2026-09-03T08:34:14.394+0000] {processor.py:183} INFO - Processing /opt/airflow/dags/__init__.py took 0.050 seconds
[2026-09-03T08:34:48.064+0000] {processor.py:161} INFO - Started process (PID=1745) to work on /opt/airflow/dags/__init__.py
[2026-09-03T08:34:48.067+0000] {processor.py:830} INFO - Processing file /opt/airflow/dags/__init__.py for tasks to queue
[2026-09-03T08:34:48.074+0000] {logging_mixin.py:188} INFO - [2026-09-03T08:34:48.074+0000] {dagbag.py:545} INFO - Filling up the DagBag from /opt/airflow/dags/__init__.py
[2026-09-03T08:34:48.099+0000] {processor.py:842} WARNING - No viable dags retrieved from /opt/airflow/dags/__init__.py
[2026-09-03T08:34:48.141+0000] {processor.py:183} INFO - Processing /opt/airflow/dags/__init__.py took 0.092 seconds
[2026-09-03T08:35:22.757+0000] {processor.py:161} INFO - Started process (PID=1757) to work on /opt/airflow/dags/__init__.py
[2026-09-03T08:35:22.761+0000] {processor.py:830} INFO - Processing file /opt/airflow/dags/__init__.py for tasks to queue
[2026-09-03T08:35:22.764+0000] {logging_mixin.py:188} INFO - [2026-09-03T08:35:22.763+0000] {dagbag.py:545} INFO - Filling up the DagBag from /opt/airflow/dags/__init__.py
[2026-09-03T08:35:22.785+0000] {processor.py:842} WARNING - No viable dags retrieved from /opt/airflow/dags/__init__.py
[2026-09-03T08:35:22.841+0000] {processor.py:183} INFO - Processing /opt/airflow/dags/__init__.py took 0.102 seconds
[2026-09-03T08:35:56.514+0000] {processor.py:161} INFO - Started process (PID=1769) to work on /opt/airflow/dags/__init__.py
[2026-09-03T08:35:56.515+0000] {processor.py:830} INFO - Processing file /opt/airflow/dags/__init__.py for tasks to queue
[2026-09-03T08:35:56.517+0000] {logging_mixin.py:188} INFO - [2026-09-03T08:35:56.516+0000] {dagbag.py:545} INFO - Filling up the DagBag from /opt/airflow/dags/__init__.py
[2026-09-03T08:35:56.537+0000] {processor.py:842} WARNING - No viable dags retrieved from /opt/airflow/dags/__init__.py
[2026-09-03T08:35:56.569+0000] {processor.py:183} INFO - Processing /opt/airflow/dags/__init__.py took 0.063 seconds
[2026-09-03T08:36:31.686+0000] {processor.py:161} INFO - Started process (PID=1782) to work on /opt/airflow/dags/__init__.py
[2026-09-03T08:36:31.687+0000] {processor.py:830} INFO - Processing file /opt/airflow/dags/__init__.py for tasks to queue
[2026-09-03T08:36:31.689+0000] {logging_mixin.py:188} INFO - [2026-09-03T08:36:31.689+0000] {dagbag.py:545} INFO - Filling up the DagBag from /opt/airflow/dags/__init__.py
[2026-09-03T08:36:31.701+0000] {processor.py:842} WARNING - No viable dags retrieved from /opt/airflow/dags/__init__.py
[2026-09-03T08:36:31.739+0000] {processor.py:183} INFO - Processing /opt/airflow/dags/__init__.py took 0.070 seconds
[2026-09-03T08:37:06.726+0000] {processor.py:161} INFO - Started process (PID=1794) to work on /opt/airflow/dags/__init__.py
[2026-09-03T08:37:06.727+0000] {processor.py:830} INFO - Processing file /opt/airflow/dags/__init__.py for tasks to queue
[2026-09-03T08:37:06.731+0000] {logging_mixin.py:188} INFO - [2026-09-03T08:37:06.730+0000] {dagbag.py:545} INFO - Filling up the DagBag from /opt/airflow/dags/__init__.py
[2026-09-03T08:37:06.760+0000] {processor.py:842} WARNING - No viable dags retrieved from /opt/airflow/dags/__init__.py
[2026-09-03T08:37:06.790+0000] {processor.py:183} INFO - Processing /opt/airflow/dags/__init__.py took 0.079 seconds
[2026-09-03T08:37:40.186+0000] {processor.py:161} INFO - Started process (PID=1806) to work on /opt/airflow/dags/__init__.py
[2026-09-03T08:37:40.188+0000] {processor.py:830} INFO - Processing file /opt/airflow/dags/__init__.py for tasks to queue
[2026-09-03T08:37:40.195+0000] {logging_mixin.py:188} INFO - [2026-09-03T08:37:40.195+0000] {dagbag.py:545} INFO - Filling up the DagBag from /opt/airflow/dags/__init__.py
[2026-09-03T08:37:40.217+0000] {processor.py:842} WARNING - No viable dags retrieved from /opt/airflow/dags/__init__.py
[2026-09-03T08:37:40.257+0000] {processor.py:183} INFO - Processing /opt/airflow/dags/__init__.py took 0.087 seconds
[2026-09-03T08:38:13.602+0000] {processor.py:161} INFO - Started process (PID=1818) to work on /opt/airflow/dags/__init__.py
[2026-09-03T08:38:13.603+0000] {processor.py:830} INFO - Processing file /opt/airflow/dags/__init__.py for tasks to queue
[2026-09-03T08:38:13.606+0000] {logging_mixin.py:188} INFO - [2026-09-03T08:38:13.605+0000] {dagbag.py:545} INFO - Filling up the DagBag from /opt/airflow/dags/__init__.py
[2026-09-03T08:38:13.621+0000] {processor.py:842} WARNING - No viable dags retrieved from /opt/airflow/dags/__init__.py
[2026-09-03T08:38:13.650+0000] {processor.py:183} INFO - Processing /opt/airflow/dags/__init__.py took 0.062 seconds
[2026-09-03T08:38:48.599+0000] {processor.py:161} INFO - Started process (PID=1830) to work on /opt/airflow/dags/__init__.py
[2026-09-03T08:38:48.601+0000] {processor.py:830} INFO - Processing file /opt/airflow/dags/__init__.py for tasks to queue
[2026-09-03T08:38:48.606+0000] {logging_mixin.py:188} INFO - [2026-09-03T08:38:48.605+0000] {dagbag.py:545} INFO - Filling up the DagBag from /opt/airflow/dags/__init__.py
[2026-09-03T08:38:48.627+0000] {processor.py:842} WARNING - No viable dags retrieved from /opt/airflow/dags/__init__.py
[2026-09-03T08:38:48.656+0000] {processor.py:183} INFO - Processing /opt/airflow/dags/__init__.py took 0.101 seconds
[2026-09-03T08:39:22.568+0000] {processor.py:161} INFO - Started process (PID=1842) to work on /opt/airflow/dags/__init__.py
[2026-09-03T08:39:22.571+0000] {processor.py:830} INFO - Processing file /opt/airflow/dags/__init__.py for tasks to queue
[2026-09-03T08:39:22.575+0000] {logging_mixin.py:188} INFO - [2026-09-03T08:39:22.574+0000] {dagbag.py:545} INFO - Filling up the DagBag from /opt/airflow/dags/__init__.py
[2026-09-03T08:39:22.599+0000] {processor.py:842} WARNING - No viable dags retrieved from /opt/airflow/dags/__init__.py
[2026-09-03T08:39:22.638+0000] {processor.py:183} INFO - Processing /opt/airflow/dags/__init__.py took 0.086 seconds
[2026-09-03T08:39:56.837+0000] {processor.py:161} INFO - Started process (PID=1854) to work on /opt/airflow/dags/__init__.py
[2026-09-03T08:39:56.838+0000] {processor.py:830} INFO - Processing file /opt/airflow/dags/__init__.py for tasks to queue
[2026-09-03T08:39:56.842+0000] {logging_mixin.py:188} INFO - [2026-09-03T08:39:56.841+0000] {dagbag.py:545} INFO - Filling up the DagBag from /opt/airflow/dags/__init__.py
[2026-09-03T08:39:56.863+0000] {processor.py:842} WARNING - No viable dags retrieved from /opt/airflow/dags/__init__.py
[2026-09-03T08:39:56.895+0000] {processor.py:183} INFO - Processing /opt/airflow/dags/__init__.py took 0.069 seconds
[2026-09-03T08:40:30.187+0000] {processor.py:161} INFO - Started process (PID=1866) to work on /opt/airflow/dags/__init__.py
[2026-09-03T08:40:30.191+0000] {processor.py:830} INFO - Processing file /opt/airflow/dags/__init__.py for tasks to queue
[2026-09-03T08:40:30.195+0000] {logging_mixin.py:188} INFO - [2026-09-03T08:40:30.194+0000] {dagbag.py:545} INFO - Filling up the DagBag from /opt/airflow/dags/__init__.py
[2026-09-03T08:40:30.211+0000] {processor.py:842} WARNING - No viable dags retrieved from /opt/airflow/dags/__init__.py
[2026-09-03T08:40:30.247+0000] {processor.py:183} INFO - Processing /opt/airflow/dags/__init__.py took 0.071 seconds
[2026-09-03T08:41:03.735+0000] {processor.py:161} INFO - Started process (PID=1878) to work on /opt/airflow/dags/__init__.py
[2026-09-03T08:41:03.736+0000] {processor.py:830} INFO - Processing file /opt/airflow/dags/__init__.py for tasks to queue
[2026-09-03T08:41:03.743+0000] {logging_mixin.py:188} INFO - [2026-09-03T08:41:03.741+0000] {dagbag.py:545} INFO - Filling up the DagBag from /opt/airflow/dags/__init__.py
[2026-09-03T08:41:03.766+0000] {processor.py:842} WARNING - No viable dags retrieved from /opt/airflow/dags/__init__.py
[2026-09-03T08:41:03.799+0000] {processor.py:183} INFO - Processing /opt/airflow/dags/__init__.py took 0.074 seconds
[2026-09-03T08:41:38.379+0000] {processor.py:161} INFO - Started process (PID=1890) to work on /opt/airflow/dags/__init__.py
[2026-09-03T08:41:38.380+0000] {processor.py:830} INFO - Processing file /opt/airflow/dags/__init__.py for tasks to queue
[2026-09-03T08:41:38.383+0000] {logging_mixin.py:188} INFO - [2026-09-03T08:41:38.383+0000] {dagbag.py:545} INFO - Filling up the DagBag from /opt/airflow/dags/__init__.py
[2026-09-03T08:41:38.397+0000] {processor.py:842} WARNING - No viable dags retrieved from /opt/airflow/dags/__init__.py
[2026-09-03T08:41:38.427+0000] {processor.py:183} INFO - Processing /opt/airflow/dags/__init__.py took 0.059 seconds
[2026-09-03T08:42:12.231+0000] {processor.py:161} INFO - Started process (PID=1902) to work on /opt/airflow/dags/__init__.py
[2026-09-03T08:42:12.233+0000] {processor.py:830} INFO - Processing file /opt/airflow/dags/__init__.py for tasks to queue
[2026-09-03T08:42:12.235+0000] {logging_mixin.py:188} INFO - [2026-09-03T08:42:12.235+0000] {dagbag.py:545} INFO - Filling up the DagBag from /opt/airflow/dags/__init__.py
[2026-09-03T08:42:12.249+0000] {processor.py:842} WARNING - No viable dags retrieved from /opt/airflow/dags/__init__.py
[2026-09-03T08:42:12.276+0000] {processor.py:183} INFO - Processing /opt/airflow/dags/__init__.py took 0.056 seconds
[2026-09-03T08:42:44.373+0000] {processor.py:161} INFO - Started process (PID=1914) to work on /opt/airflow/dags/__init__.py
[2026-09-03T08:42:44.374+0000] {processor.py:830} INFO - Processing file /opt/airflow/dags/__init__.py for tasks to queue
[2026-09-03T08:42:44.377+0000] {logging_mixin.py:188} INFO - [2026-09-03T08:42:44.376+0000] {dagbag.py:545} INFO - Filling up the DagBag from /opt/airflow/dags/__init__.py
[2026-09-03T08:42:44.391+0000] {processor.py:842} WARNING - No viable dags retrieved from /opt/airflow/dags/__init__.py
[2026-09-03T08:42:44.420+0000] {processor.py:183} INFO - Processing /opt/airflow/dags/__init__.py took 0.059 seconds
[2026-09-03T08:43:17.996+0000] {processor.py:161} INFO - Started process (PID=1926) to work on /opt/airflow/dags/__init__.py
[2026-09-03T08:43:17.999+0000] {processor.py:830} INFO - Processing file /opt/airflow/dags/__init__.py for tasks to queue
[2026-09-03T08:43:18.003+0000] {logging_mixin.py:188} INFO - [2026-09-03T08:43:18.002+0000] {dagbag.py:545} INFO - Filling up the DagBag from /opt/airflow/dags/__init__.py
[2026-09-03T08:43:18.027+0000] {processor.py:842} WARNING - No viable dags retrieved from /opt/airflow/dags/__init__.py
[2026-09-03T08:43:18.062+0000] {processor.py:183} INFO - Processing /opt/airflow/dags/__init__.py took 0.083 seconds
[2026-09-03T08:43:51.596+0000] {processor.py:161} INFO - Started process (PID=1938) to work on /opt/airflow/dags/__init__.py
[2026-09-03T08:43:51.597+0000] {processor.py:830} INFO - Processing file /opt/airflow/dags/__init__.py for tasks to queue
[2026-09-03T08:43:51.602+0000] {logging_mixin.py:188} INFO - [2026-09-03T08:43:51.601+0000] {dagbag.py:545} INFO - Filling up the DagBag from /opt/airflow/dags/__init__.py
[2026-09-03T08:43:51.618+0000] {processor.py:842} WARNING - No viable dags retrieved from /opt/airflow/dags/__init__.py
[2026-09-03T08:43:51.644+0000] {processor.py:183} INFO - Processing /opt/airflow/dags/__init__.py took 0.061 seconds
[2026-09-03T08:44:26.884+0000] {processor.py:161} INFO - Started process (PID=1951) to work on /opt/airflow/dags/__init__.py
[2026-09-03T08:44:26.886+0000] {processor.py:830} INFO - Processing file /opt/airflow/dags/__init__.py for tasks to queue
[2026-09-03T08:44:26.890+0000] {logging_mixin.py:188} INFO - [2026-09-03T08:44:26.890+0000] {dagbag.py:545} INFO - Filling up the DagBag from /opt/airflow/dags/__init__.py
[2026-09-03T08:44:26.913+0000] {processor.py:842} WARNING - No viable dags retrieved from /opt/airflow/dags/__init__.py
[2026-09-03T08:44:26.951+0000] {processor.py:183} INFO - Processing /opt/airflow/dags/__init__.py took 0.081 seconds
[2026-09-03T08:45:00.240+0000] {processor.py:161} INFO - Started process (PID=1963) to work on /opt/airflow/dags/__init__.py
[2026-09-03T08:45:00.243+0000] {processor.py:830} INFO - Processing file /opt/airflow/dags/__init__.py for tasks to queue
[2026-09-03T08:45:00.247+0000] {logging_mixin.py:188} INFO - [2026-09-03T08:45:00.246+0000] {dagbag.py:545} INFO - Filling up the DagBag from /opt/airflow/dags/__init__.py
[2026-09-03T08:45:00.270+0000] {processor.py:842} WARNING - No viable dags retrieved from /opt/airflow/dags/__init__.py
[2026-09-03T08:45:00.309+0000] {processor.py:183} INFO - Processing /opt/airflow/dags/__init__.py took 0.085 seconds
[2026-09-03T08:45:33.503+0000] {processor.py:161} INFO - Started process (PID=1975) to work on /opt/airflow/dags/__init__.py
[2026-09-03T08:45:33.505+0000] {processor.py:830} INFO - Processing file /opt/airflow/dags/__init__.py for tasks to queue
[2026-09-03T08:45:33.512+0000] {logging_mixin.py:188} INFO - [2026-09-03T08:45:33.511+0000] {dagbag.py:545} INFO - Filling up the DagBag from /opt/airflow/dags/__init__.py
[2026-09-03T08:45:33.547+0000] {processor.py:842} WARNING - No viable dags retrieved from /opt/airflow/dags/__init__.py
[2026-09-03T08:45:33.579+0000] {processor.py:183} INFO - Processing /opt/airflow/dags/__init__.py took 0.100 seconds
[2026-09-03T08:46:07.061+0000] {processor.py:161} INFO - Started process (PID=1987) to work on /opt/airflow/dags/__init__.py
[2026-09-03T08:46:07.063+0000] {processor.py:830} INFO - Processing file /opt/airflow/dags/__init__.py for tasks to queue
[2026-09-03T08:46:07.065+0000] {logging_mixin.py:188} INFO - [2026-09-03T08:46:07.065+0000] {dagbag.py:545} INFO - Filling up the DagBag from /opt/airflow/dags/__init__.py
[2026-09-03T08:46:07.078+0000] {processor.py:842} WARNING - No viable dags retrieved from /opt/airflow/dags/__init__.py
[2026-09-03T08:46:07.102+0000] {processor.py:183} INFO - Processing /opt/airflow/dags/__init__.py took 0.054 seconds
[2026-09-03T08:46:40.706+0000] {processor.py:161} INFO - Started process (PID=1999) to work on /opt/airflow/dags/__init__.py
[2026-09-03T08:46:40.708+0000] {processor.py:830} INFO - Processing file /opt/airflow/dags/__init__.py for tasks to queue
[2026-09-03T08:46:40.709+0000] {logging_mixin.py:188} INFO - [2026-09-03T08:46:40.709+0000] {dagbag.py:545} INFO - Filling up the DagBag from /opt/airflow/dags/__init__.py
[2026-09-03T08:46:40.718+0000] {processor.py:842} WARNING - No viable dags retrieved from /opt/airflow/dags/__init__.py
[2026-09-03T08:46:40.739+0000] {processor.py:183} INFO - Processing /opt/airflow/dags/__init__.py took 0.040 seconds
[2026-09-03T08:47:14.106+0000] {processor.py:161} INFO - Started process (PID=2011) to work on /opt/airflow/dags/__init__.py
[2026-09-03T08:47:14.108+0000] {processor.py:830} INFO - Processing file /opt/airflow/dags/__init__.py for tasks to queue
[2026-09-03T08:47:14.111+0000] {logging_mixin.py:188} INFO - [2026-09-03T08:47:14.110+0000] {dagbag.py:545} INFO - Filling up the DagBag from /opt/airflow/dags/__init__.py
[2026-09-03T08:47:14.128+0000] {processor.py:842} WARNING - No viable dags retrieved from /opt/airflow/dags/__init__.py
[2026-09-03T08:47:14.157+0000] {processor.py:183} INFO - Processing /opt/airflow/dags/__init__.py took 0.066 seconds
[2026-09-03T08:47:47.875+0000] {processor.py:161} INFO - Started process (PID=2023) to work on /opt/airflow/dags/__init__.py
[2026-09-03T08:47:47.877+0000] {processor.py:830} INFO - Processing file /opt/airflow/dags/__init__.py for tasks to queue
[2026-09-03T08:47:47.880+0000] {logging_mixin.py:188} INFO - [2026-09-03T08:47:47.880+0000] {dagbag.py:545} INFO - Filling up the DagBag from /opt/airflow/dags/__init__.py
[2026-09-03T08:47:47.910+0000] {processor.py:842} WARNING - No viable dags retrieved from /opt/airflow/dags/__init__.py
[2026-09-03T08:47:47.946+0000] {processor.py:183} INFO - Processing /opt/airflow/dags/__init__.py took 0.090 seconds
[2026-09-03T08:48:21.040+0000] {processor.py:161} INFO - Started process (PID=2035) to work on /opt/airflow/dags/__init__.py
[2026-09-03T08:48:21.041+0000] {processor.py:830} INFO - Processing file /opt/airflow/dags/__init__.py for tasks to queue
[2026-09-03T08:48:21.045+0000] {logging_mixin.py:188} INFO - [2026-09-03T08:48:21.044+0000] {dagbag.py:545} INFO - Filling up the DagBag from /opt/airflow/dags/__init__.py
[2026-09-03T08:48:21.068+0000] {processor.py:842} WARNING - No viable dags retrieved from /opt/airflow/dags/__init__.py
[2026-09-03T08:48:21.104+0000] {processor.py:183} INFO - Processing /opt/airflow/dags/__init__.py took 0.092 seconds
[2026-09-03T08:48:54.094+0000] {processor.py:161} INFO - Started process (PID=2047) to work on /opt/airflow/dags/__init__.py
[2026-09-03T08:48:54.096+0000] {processor.py:830} INFO - Processing file /opt/airflow/dags/__init__.py for tasks to queue
[2026-09-03T08:48:54.099+0000] {logging_mixin.py:188} INFO - [2026-09-03T08:48:54.099+0000] {dagbag.py:545} INFO - Filling up the DagBag from /opt/airflow/dags/__init__.py
[2026-09-03T08:48:54.118+0000] {processor.py:842} WARNING - No viable dags retrieved from /opt/airflow/dags/__init__.py
[2026-09-03T08:48:54.145+0000] {processor.py:183} INFO - Processing /opt/airflow/dags/__init__.py took 0.067 seconds
[2026-09-03T08:49:27.920+0000] {processor.py:161} INFO - Started process (PID=2059) to work on /opt/airflow/dags/__init__.py
[2026-09-03T08:49:27.922+0000] {processor.py:830} INFO - Processing file /opt/airflow/dags/__init__.py for tasks to queue
[2026-09-03T08:49:27.924+0000] {logging_mixin.py:188} INFO - [2026-09-03T08:49:27.924+0000] {dagbag.py:545} INFO - Filling up the DagBag from /opt/airflow/dags/__init__.py
[2026-09-03T08:49:27.947+0000] {processor.py:842} WARNING - No viable dags retrieved from /opt/airflow/dags/__init__.py
[2026-09-03T08:49:27.989+0000] {processor.py:183} INFO - Processing /opt/airflow/dags/__init__.py took 0.082 seconds
[2026-09-03T08:50:09.746+0000] {processor.py:161} INFO - Started process (PID=2072) to work on /opt/airflow/dags/__init__.py
[2026-09-03T08:50:09.747+0000] {processor.py:830} INFO - Processing file /opt/airflow/dags/__init__.py for tasks to queue
[2026-09-03T08:50:09.749+0000] {logging_mixin.py:188} INFO - [2026-09-03T08:50:09.749+0000] {dagbag.py:545} INFO - Filling up the DagBag from /opt/airflow/dags/__init__.py
[2026-09-03T08:50:09.767+0000] {processor.py:842} WARNING - No viable dags retrieved from /opt/airflow/dags/__init__.py
[2026-09-03T08:50:09.806+0000] {processor.py:183} INFO - Processing /opt/airflow/dags/__init__.py took 0.073 seconds
[2026-09-03T08:50:44.018+0000] {processor.py:161} INFO - Started process (PID=2084) to work on /opt/airflow/dags/__init__.py
[2026-09-03T08:50:44.027+0000] {processor.py:830} INFO - Processing file /opt/airflow/dags/__init__.py for tasks to queue
[2026-09-03T08:50:44.030+0000] {logging_mixin.py:188} INFO - [2026-09-03T08:50:44.030+0000] {dagbag.py:545} INFO - Filling up the DagBag from /opt/airflow/dags/__init__.py
[2026-09-03T08:50:44.051+0000] {processor.py:842} WARNING - No viable dags retrieved from /opt/airflow/dags/__init__.py
[2026-09-03T08:50:44.090+0000] {processor.py:183} INFO - Processing /opt/airflow/dags/__init__.py took 0.090 seconds
[2026-09-03T08:51:16.181+0000] {processor.py:161} INFO - Started process (PID=2096) to work on /opt/airflow/dags/__init__.py
[2026-09-03T08:51:16.186+0000] {processor.py:830} INFO - Processing file /opt/airflow/dags/__init__.py for tasks to queue
[2026-09-03T08:51:16.192+0000] {logging_mixin.py:188} INFO - [2026-09-03T08:51:16.191+0000] {dagbag.py:545} INFO - Filling up the DagBag from /opt/airflow/dags/__init__.py
[2026-09-03T08:51:16.210+0000] {processor.py:842} WARNING - No viable dags retrieved from /opt/airflow/dags/__init__.py
[2026-09-03T08:51:16.240+0000] {processor.py:183} INFO - Processing /opt/airflow/dags/__init__.py took 0.072 seconds
[2026-09-03T08:51:52.168+0000] {processor.py:161} INFO - Started process (PID=2108) to work on /opt/airflow/dags/__init__.py
[2026-09-03T08:51:52.170+0000] {processor.py:830} INFO - Processing file /opt/airflow/dags/__init__.py for tasks to queue
[2026-09-03T08:51:52.176+0000] {logging_mixin.py:188} INFO - [2026-09-03T08:51:52.175+0000] {dagbag.py:545} INFO - Filling up the DagBag from /opt/airflow/dags/__init__.py
[2026-09-03T08:51:52.206+0000] {processor.py:842} WARNING - No viable dags retrieved from /opt/airflow/dags/__init__.py
[2026-09-03T08:51:52.249+0000] {processor.py:183} INFO - Processing /opt/airflow/dags/__init__.py took 0.102 seconds
[2026-09-03T08:52:28.510+0000] {processor.py:161} INFO - Started process (PID=2120) to work on /opt/airflow/dags/__init__.py
[2026-09-03T08:52:28.511+0000] {processor.py:830} INFO - Processing file /opt/airflow/dags/__init__.py for tasks to queue
[2026-09-03T08:52:28.517+0000] {logging_mixin.py:188} INFO - [2026-09-03T08:52:28.515+0000] {dagbag.py:545} INFO - Filling up the DagBag from /opt/airflow/dags/__init__.py
[2026-09-03T08:52:28.535+0000] {processor.py:842} WARNING - No viable dags retrieved from /opt/airflow/dags/__init__.py
[2026-09-03T08:52:28.657+0000] {processor.py:183} INFO - Processing /opt/airflow/dags/__init__.py took 0.162 seconds
[2026-09-03T08:53:02.127+0000] {processor.py:161} INFO - Started process (PID=2132) to work on /opt/airflow/dags/__init__.py
[2026-09-03T08:53:02.128+0000] {processor.py:830} INFO - Processing file /opt/airflow/dags/__init__.py for tasks to queue
[2026-09-03T08:53:02.131+0000] {logging_mixin.py:188} INFO - [2026-09-03T08:53:02.130+0000] {dagbag.py:545} INFO - Filling up the DagBag from /opt/airflow/dags/__init__.py
[2026-09-03T08:53:02.147+0000] {processor.py:842} WARNING - No viable dags retrieved from /opt/airflow/dags/__init__.py
[2026-09-03T08:53:02.175+0000] {processor.py:183} INFO - Processing /opt/airflow/dags/__init__.py took 0.058 seconds
[2026-09-03T08:53:37.468+0000] {processor.py:161} INFO - Started process (PID=2144) to work on /opt/airflow/dags/__init__.py
[2026-09-03T08:53:37.470+0000] {processor.py:830} INFO - Processing file /opt/airflow/dags/__init__.py for tasks to queue
[2026-09-03T08:53:37.475+0000] {logging_mixin.py:188} INFO - [2026-09-03T08:53:37.473+0000] {dagbag.py:545} INFO - Filling up the DagBag from /opt/airflow/dags/__init__.py
[2026-09-03T08:53:37.497+0000] {processor.py:842} WARNING - No viable dags retrieved from /opt/airflow/dags/__init__.py
[2026-09-03T08:53:37.434+0000] {processor.py:183} INFO - Processing /opt/airflow/dags/__init__.py took 0.602 seconds
[2026-09-03T08:54:11.021+0000] {processor.py:161} INFO - Started process (PID=2156) to work on /opt/airflow/dags/__init__.py
[2026-09-03T08:54:11.035+0000] {processor.py:830} INFO - Processing file /opt/airflow/dags/__init__.py for tasks to queue
[2026-09-03T08:54:11.038+0000] {logging_mixin.py:188} INFO - [2026-09-03T08:54:11.038+0000] {dagbag.py:545} INFO - Filling up the DagBag from /opt/airflow/dags/__init__.py
[2026-09-03T08:54:11.082+0000] {processor.py:842} WARNING - No viable dags retrieved from /opt/airflow/dags/__init__.py
[2026-09-03T08:54:11.182+0000] {processor.py:183} INFO - Processing /opt/airflow/dags/__init__.py took 0.223 seconds
[2026-09-03T08:54:45.629+0000] {processor.py:161} INFO - Started process (PID=2168) to work on /opt/airflow/dags/__init__.py
[2026-09-03T08:54:45.635+0000] {processor.py:830} INFO - Processing file /opt/airflow/dags/__init__.py for tasks to queue
[2026-09-03T08:54:45.642+0000] {logging_mixin.py:188} INFO - [2026-09-03T08:54:45.640+0000] {dagbag.py:545} INFO - Filling up the DagBag from /opt/airflow/dags/__init__.py
[2026-09-03T08:54:45.676+0000] {processor.py:842} WARNING - No viable dags retrieved from /opt/airflow/dags/__init__.py
[2026-09-03T08:54:45.727+0000] {processor.py:183} INFO - Processing /opt/airflow/dags/__init__.py took 0.126 seconds
[2026-09-03T08:55:20.467+0000] {processor.py:161} INFO - Started process (PID=2180) to work on /opt/airflow/dags/__init__.py
[2026-09-03T08:55:20.469+0000] {processor.py:830} INFO - Processing file /opt/airflow/dags/__init__.py for tasks to queue
[2026-09-03T08:55:20.471+0000] {logging_mixin.py:188} INFO - [2026-09-03T08:55:20.471+0000] {dagbag.py:545} INFO - Filling up the DagBag from /opt/airflow/dags/__init__.py
[2026-09-03T08:55:20.482+0000] {processor.py:842} WARNING - No viable dags retrieved from /opt/airflow/dags/__init__.py
[2026-09-03T08:55:20.512+0000] {processor.py:183} INFO - Processing /opt/airflow/dags/__init__.py took 0.054 seconds
[2026-09-03T08:55:55.826+0000] {processor.py:161} INFO - Started process (PID=2193) to work on /opt/airflow/dags/__init__.py
[2026-09-03T08:55:55.828+0000] {processor.py:830} INFO - Processing file /opt/airflow/dags/__init__.py for tasks to queue
[2026-09-03T08:55:55.830+0000] {logging_mixin.py:188} INFO - [2026-09-03T08:55:55.829+0000] {dagbag.py:545} INFO - Filling up the DagBag from /opt/airflow/dags/__init__.py
[2026-09-03T08:55:55.850+0000] {processor.py:842} WARNING - No viable dags retrieved from /opt/airflow/dags/__init__.py
[2026-09-03T08:55:55.881+0000] {processor.py:183} INFO - Processing /opt/airflow/dags/__init__.py took 0.070 seconds
[2026-09-03T08:57:52.981+0000] {processor.py:161} INFO - Started process (PID=35) to work on /opt/airflow/dags/__init__.py
[2026-09-03T08:57:52.983+0000] {processor.py:830} INFO - Processing file /opt/airflow/dags/__init__.py for tasks to queue
[2026-09-03T08:57:52.985+0000] {logging_mixin.py:188} INFO - [2026-09-03T08:57:52.985+0000] {dagbag.py:545} INFO - Filling up the DagBag from /opt/airflow/dags/__init__.py
[2026-09-03T08:57:53.000+0000] {processor.py:842} WARNING - No viable dags retrieved from /opt/airflow/dags/__init__.py
[2026-09-03T08:57:53.029+0000] {processor.py:183} INFO - Processing /opt/airflow/dags/__init__.py took 0.064 seconds
[2026-09-03T08:58:23.278+0000] {processor.py:161} INFO - Started process (PID=37) to work on /opt/airflow/dags/__init__.py
[2026-09-03T08:58:23.282+0000] {processor.py:830} INFO - Processing file /opt/airflow/dags/__init__.py for tasks to queue
[2026-09-03T08:58:23.290+0000] {logging_mixin.py:188} INFO - [2026-09-03T08:58:23.284+0000] {dagbag.py:545} INFO - Filling up the DagBag from /opt/airflow/dags/__init__.py
[2026-09-03T08:58:23.324+0000] {processor.py:842} WARNING - No viable dags retrieved from /opt/airflow/dags/__init__.py
[2026-09-03T08:58:23.374+0000] {processor.py:183} INFO - Processing /opt/airflow/dags/__init__.py took 0.173 seconds
[2026-09-03T08:58:53.443+0000] {processor.py:161} INFO - Started process (PID=49) to work on /opt/airflow/dags/__init__.py
[2026-09-03T08:58:53.445+0000] {processor.py:830} INFO - Processing file /opt/airflow/dags/__init__.py for tasks to queue
[2026-09-03T08:58:53.450+0000] {logging_mixin.py:188} INFO - [2026-09-03T08:58:53.449+0000] {dagbag.py:545} INFO - Filling up the DagBag from /opt/airflow/dags/__init__.py
[2026-09-03T08:58:53.466+0000] {processor.py:842} WARNING - No viable dags retrieved from /opt/airflow/dags/__init__.py
[2026-09-03T08:58:53.494+0000] {processor.py:183} INFO - Processing /opt/airflow/dags/__init__.py took 0.060 seconds
[2026-09-03T08:59:24.177+0000] {processor.py:161} INFO - Started process (PID=61) to work on /opt/airflow/dags/__init__.py
[2026-09-03T08:59:24.179+0000] {processor.py:830} INFO - Processing file /opt/airflow/dags/__init__.py for tasks to queue
[2026-09-03T08:59:24.183+0000] {logging_mixin.py:188} INFO - [2026-09-03T08:59:24.182+0000] {dagbag.py:545} INFO - Filling up the DagBag from /opt/airflow/dags/__init__.py
[2026-09-03T08:59:24.201+0000] {processor.py:842} WARNING - No viable dags retrieved from /opt/airflow/dags/__init__.py
[2026-09-03T08:59:24.233+0000] {processor.py:183} INFO - Processing /opt/airflow/dags/__init__.py took 0.067 seconds
[2026-09-03T08:59:55.167+0000] {processor.py:161} INFO - Started process (PID=73) to work on /opt/airflow/dags/__init__.py
[2026-09-03T08:59:55.169+0000] {processor.py:830} INFO - Processing file /opt/airflow/dags/__init__.py for tasks to queue
[2026-09-03T08:59:55.173+0000] {logging_mixin.py:188} INFO - [2026-09-03T08:59:55.172+0000] {dagbag.py:545} INFO - Filling up the DagBag from /opt/airflow/dags/__init__.py
[2026-09-03T08:59:55.193+0000] {processor.py:842} WARNING - No viable dags retrieved from /opt/airflow/dags/__init__.py
[2026-09-03T08:59:55.227+0000] {processor.py:183} INFO - Processing /opt/airflow/dags/__init__.py took 0.073 seconds
