[2026-09-03T07:15:02.557+0000] {processor.py:161} INFO - Started process (PID=25) to work on /opt/airflow/dags/model_deployment_dag.py
[2026-09-03T07:15:02.559+0000] {processor.py:830} INFO - Processing file /opt/airflow/dags/model_deployment_dag.py for tasks to queue
[2026-09-03T07:15:02.562+0000] {logging_mixin.py:188} INFO - [2026-09-03T07:15:02.561+0000] {dagbag.py:545} INFO - Filling up the DagBag from /opt/airflow/dags/model_deployment_dag.py
[2026-09-03T07:15:02.544+0000] {processor.py:840} INFO - DAG(s) 'recommendation_model_deployment' retrieved from /opt/airflow/dags/model_deployment_dag.py
[2026-09-03T07:15:02.566+0000] {logging_mixin.py:188} INFO - [2026-09-03T07:15:02.566+0000] {dag.py:3096} INFO - Sync 1 DAGs
[2026-09-03T07:15:02.583+0000] {logging_mixin.py:188} INFO - [2026-09-03T07:15:02.583+0000] {dag.py:3954} INFO - Setting next_dagrun for recommendation_model_deployment to None, run_after=None
[2026-09-03T07:15:02.677+0000] {processor.py:183} INFO - Processing /opt/airflow/dags/model_deployment_dag.py took 0.259 seconds
[2026-09-03T07:15:33.716+0000] {processor.py:161} INFO - Started process (PID=37) to work on /opt/airflow/dags/model_deployment_dag.py
[2026-09-03T07:15:33.726+0000] {processor.py:830} INFO - Processing file /opt/airflow/dags/model_deployment_dag.py for tasks to queue
[2026-09-03T07:15:33.740+0000] {logging_mixin.py:188} INFO - [2026-09-03T07:15:33.739+0000] {dagbag.py:545} INFO - Filling up the DagBag from /opt/airflow/dags/model_deployment_dag.py
[2026-09-03T07:15:33.895+0000] {processor.py:840} INFO - DAG(s) 'recommendation_model_deployment' retrieved from /opt/airflow/dags/model_deployment_dag.py
[2026-09-03T07:15:34.730+0000] {logging_mixin.py:188} INFO - [2026-09-03T07:15:34.729+0000] {dag.py:3096} INFO - Sync 1 DAGs
[2026-09-03T07:15:34.751+0000] {logging_mixin.py:188} INFO - [2026-09-03T07:15:34.751+0000] {dag.py:3954} INFO - Setting next_dagrun for recommendation_model_deployment to None, run_after=None
[2026-09-03T07:15:34.950+0000] {processor.py:183} INFO - Processing /opt/airflow/dags/model_deployment_dag.py took 1.280 seconds
[2026-09-03T07:16:05.515+0000] {processor.py:161} INFO - Started process (PID=49) to work on /opt/airflow/dags/model_deployment_dag.py
[2026-09-03T07:16:05.520+0000] {processor.py:830} INFO - Processing file /opt/airflow/dags/model_deployment_dag.py for tasks to queue
[2026-09-03T07:16:05.527+0000] {logging_mixin.py:188} INFO - [2026-09-03T07:16:05.526+0000] {dagbag.py:545} INFO - Filling up the DagBag from /opt/airflow/dags/model_deployment_dag.py
[2026-09-03T07:16:05.647+0000] {processor.py:840} INFO - DAG(s) 'recommendation_model_deployment' retrieved from /opt/airflow/dags/model_deployment_dag.py
[2026-09-03T07:16:05.734+0000] {logging_mixin.py:188} INFO - [2026-09-03T07:16:05.733+0000] {dag.py:3096} INFO - Sync 1 DAGs
[2026-09-03T07:16:05.755+0000] {logging_mixin.py:188} INFO - [2026-09-03T07:16:05.755+0000] {dag.py:3954} INFO - Setting next_dagrun for recommendation_model_deployment to None, run_after=None
[2026-09-03T07:16:05.863+0000] {processor.py:183} INFO - Processing /opt/airflow/dags/model_deployment_dag.py took 0.370 seconds
[2026-09-03T07:16:36.190+0000] {processor.py:161} INFO - Started process (PID=61) to work on /opt/airflow/dags/model_deployment_dag.py
[2026-09-03T07:16:36.194+0000] {processor.py:830} INFO - Processing file /opt/airflow/dags/model_deployment_dag.py for tasks to queue
[2026-09-03T07:16:36.198+0000] {logging_mixin.py:188} INFO - [2026-09-03T07:16:36.198+0000] {dagbag.py:545} INFO - Filling up the DagBag from /opt/airflow/dags/model_deployment_dag.py
[2026-09-03T07:16:36.292+0000] {processor.py:840} INFO - DAG(s) 'recommendation_model_deployment' retrieved from /opt/airflow/dags/model_deployment_dag.py
[2026-09-03T07:16:36.349+0000] {logging_mixin.py:188} INFO - [2026-09-03T07:16:36.349+0000] {dag.py:3096} INFO - Sync 1 DAGs
[2026-09-03T07:16:36.368+0000] {logging_mixin.py:188} INFO - [2026-09-03T07:16:36.367+0000] {dag.py:3954} INFO - Setting next_dagrun for recommendation_model_deployment to None, run_after=None
[2026-09-03T07:16:36.466+0000] {processor.py:183} INFO - Processing /opt/airflow/dags/model_deployment_dag.py took 0.298 seconds
[2026-09-03T07:17:07.317+0000] {processor.py:161} INFO - Started process (PID=72) to work on /opt/airflow/dags/model_deployment_dag.py
[2026-09-03T07:17:07.320+0000] {processor.py:830} INFO - Processing file /opt/airflow/dags/model_deployment_dag.py for tasks to queue
[2026-09-03T07:17:07.324+0000] {logging_mixin.py:188} INFO - [2026-09-03T07:17:07.323+0000] {dagbag.py:545} INFO - Filling up the DagBag from /opt/airflow/dags/model_deployment_dag.py
[2026-09-03T07:17:07.457+0000] {processor.py:840} INFO - DAG(s) 'recommendation_model_deployment' retrieved from /opt/airflow/dags/model_deployment_dag.py
[2026-09-03T07:17:07.515+0000] {logging_mixin.py:188} INFO - [2026-09-03T07:17:07.515+0000] {dag.py:3096} INFO - Sync 1 DAGs
[2026-09-03T07:17:07.539+0000] {logging_mixin.py:188} INFO - [2026-09-03T07:17:07.538+0000] {dag.py:3954} INFO - Setting next_dagrun for recommendation_model_deployment to None, run_after=None
[2026-09-03T07:17:07.655+0000] {processor.py:183} INFO - Processing /opt/airflow/dags/model_deployment_dag.py took 0.356 seconds
[2026-09-03T07:17:44.594+0000] {processor.py:161} INFO - Started process (PID=84) to work on /opt/airflow/dags/model_deployment_dag.py
[2026-09-03T07:17:44.597+0000] {processor.py:830} INFO - Processing file /opt/airflow/dags/model_deployment_dag.py for tasks to queue
[2026-09-03T07:17:44.599+0000] {logging_mixin.py:188} INFO - [2026-09-03T07:17:44.599+0000] {dagbag.py:545} INFO - Filling up the DagBag from /opt/airflow/dags/model_deployment_dag.py
[2026-09-03T07:17:44.719+0000] {processor.py:840} INFO - DAG(s) 'recommendation_model_deployment' retrieved from /opt/airflow/dags/model_deployment_dag.py
[2026-09-03T07:17:44.776+0000] {logging_mixin.py:188} INFO - [2026-09-03T07:17:44.776+0000] {dag.py:3096} INFO - Sync 1 DAGs
[2026-09-03T07:17:44.795+0000] {logging_mixin.py:188} INFO - [2026-09-03T07:17:44.795+0000] {dag.py:3954} INFO - Setting next_dagrun for recommendation_model_deployment to None, run_after=None
[2026-09-03T07:17:44.885+0000] {processor.py:183} INFO - Processing /opt/airflow/dags/model_deployment_dag.py took 0.303 seconds
[2026-09-03T07:18:18.570+0000] {processor.py:161} INFO - Started process (PID=96) to work on /opt/airflow/dags/model_deployment_dag.py
[2026-09-03T07:18:18.574+0000] {processor.py:830} INFO - Processing file /opt/airflow/dags/model_deployment_dag.py for tasks to queue
[2026-09-03T07:18:18.577+0000] {logging_mixin.py:188} INFO - [2026-09-03T07:18:18.577+0000] {dagbag.py:545} INFO - Filling up the DagBag from /opt/airflow/dags/model_deployment_dag.py
[2026-09-03T07:18:18.703+0000] {processor.py:840} INFO - DAG(s) 'recommendation_model_deployment' retrieved from /opt/airflow/dags/model_deployment_dag.py
[2026-09-03T07:18:18.759+0000] {logging_mixin.py:188} INFO - [2026-09-03T07:18:18.758+0000] {dag.py:3096} INFO - Sync 1 DAGs
[2026-09-03T07:18:18.781+0000] {logging_mixin.py:188} INFO - [2026-09-03T07:18:18.780+0000] {dag.py:3954} INFO - Setting next_dagrun for recommendation_model_deployment to None, run_after=None
[2026-09-03T07:18:18.950+0000] {processor.py:183} INFO - Processing /opt/airflow/dags/model_deployment_dag.py took 0.401 seconds
[2026-09-03T07:18:52.290+0000] {processor.py:161} INFO - Started process (PID=108) to work on /opt/airflow/dags/model_deployment_dag.py
[2026-09-03T07:18:52.292+0000] {processor.py:830} INFO - Processing file /opt/airflow/dags/model_deployment_dag.py for tasks to queue
[2026-09-03T07:18:52.297+0000] {logging_mixin.py:188} INFO - [2026-09-03T07:18:52.296+0000] {dagbag.py:545} INFO - Filling up the DagBag from /opt/airflow/dags/model_deployment_dag.py
[2026-09-03T07:18:52.405+0000] {processor.py:840} INFO - DAG(s) 'recommendation_model_deployment' retrieved from /opt/airflow/dags/model_deployment_dag.py
[2026-09-03T07:18:52.460+0000] {logging_mixin.py:188} INFO - [2026-09-03T07:18:52.459+0000] {dag.py:3096} INFO - Sync 1 DAGs
[2026-09-03T07:18:52.476+0000] {logging_mixin.py:188} INFO - [2026-09-03T07:18:52.476+0000] {dag.py:3954} INFO - Setting next_dagrun for recommendation_model_deployment to None, run_after=None
[2026-09-03T07:18:52.579+0000] {processor.py:183} INFO - Processing /opt/airflow/dags/model_deployment_dag.py took 0.325 seconds
[2026-09-03T07:19:24.793+0000] {processor.py:161} INFO - Started process (PID=120) to work on /opt/airflow/dags/model_deployment_dag.py
[2026-09-03T07:19:24.796+0000] {processor.py:830} INFO - Processing file /opt/airflow/dags/model_deployment_dag.py for tasks to queue
[2026-09-03T07:19:24.800+0000] {logging_mixin.py:188} INFO - [2026-09-03T07:19:24.799+0000] {dagbag.py:545} INFO - Filling up the DagBag from /opt/airflow/dags/model_deployment_dag.py
[2026-09-03T07:19:24.929+0000] {processor.py:840} INFO - DAG(s) 'recommendation_model_deployment' retrieved from /opt/airflow/dags/model_deployment_dag.py
[2026-09-03T07:19:24.993+0000] {logging_mixin.py:188} INFO - [2026-09-03T07:19:24.993+0000] {dag.py:3096} INFO - Sync 1 DAGs
[2026-09-03T07:19:25.014+0000] {logging_mixin.py:188} INFO - [2026-09-03T07:19:25.014+0000] {dag.py:3954} INFO - Setting next_dagrun for recommendation_model_deployment to None, run_after=None
[2026-09-03T07:19:25.146+0000] {processor.py:183} INFO - Processing /opt/airflow/dags/model_deployment_dag.py took 0.423 seconds
[2026-09-03T07:19:58.134+0000] {processor.py:161} INFO - Started process (PID=132) to work on /opt/airflow/dags/model_deployment_dag.py
[2026-09-03T07:19:58.137+0000] {processor.py:830} INFO - Processing file /opt/airflow/dags/model_deployment_dag.py for tasks to queue
[2026-09-03T07:19:58.140+0000] {logging_mixin.py:188} INFO - [2026-09-03T07:19:58.139+0000] {dagbag.py:545} INFO - Filling up the DagBag from /opt/airflow/dags/model_deployment_dag.py
[2026-09-03T07:19:58.294+0000] {processor.py:840} INFO - DAG(s) 'recommendation_model_deployment' retrieved from /opt/airflow/dags/model_deployment_dag.py
[2026-09-03T07:19:58.346+0000] {logging_mixin.py:188} INFO - [2026-09-03T07:19:58.346+0000] {dag.py:3096} INFO - Sync 1 DAGs
[2026-09-03T07:19:58.373+0000] {logging_mixin.py:188} INFO - [2026-09-03T07:19:58.372+0000] {dag.py:3954} INFO - Setting next_dagrun for recommendation_model_deployment to None, run_after=None
[2026-09-03T07:19:58.470+0000] {processor.py:183} INFO - Processing /opt/airflow/dags/model_deployment_dag.py took 0.345 seconds
[2026-09-03T07:20:36.448+0000] {processor.py:161} INFO - Started process (PID=144) to work on /opt/airflow/dags/model_deployment_dag.py
[2026-09-03T07:20:36.452+0000] {processor.py:830} INFO - Processing file /opt/airflow/dags/model_deployment_dag.py for tasks to queue
[2026-09-03T07:20:36.460+0000] {logging_mixin.py:188} INFO - [2026-09-03T07:20:36.459+0000] {dagbag.py:545} INFO - Filling up the DagBag from /opt/airflow/dags/model_deployment_dag.py
[2026-09-03T07:20:36.698+0000] {processor.py:840} INFO - DAG(s) 'recommendation_model_deployment' retrieved from /opt/airflow/dags/model_deployment_dag.py
[2026-09-03T07:20:36.869+0000] {logging_mixin.py:188} INFO - [2026-09-03T07:20:36.867+0000] {dag.py:3096} INFO - Sync 1 DAGs
[2026-09-03T07:20:36.956+0000] {logging_mixin.py:188} INFO - [2026-09-03T07:20:36.956+0000] {dag.py:3954} INFO - Setting next_dagrun for recommendation_model_deployment to None, run_after=None
[2026-09-03T07:20:37.239+0000] {processor.py:183} INFO - Processing /opt/airflow/dags/model_deployment_dag.py took 0.828 seconds
[2026-09-03T07:21:08.323+0000] {processor.py:161} INFO - Started process (PID=156) to work on /opt/airflow/dags/model_deployment_dag.py
[2026-09-03T07:21:08.325+0000] {processor.py:830} INFO - Processing file /opt/airflow/dags/model_deployment_dag.py for tasks to queue
[2026-09-03T07:21:08.329+0000] {logging_mixin.py:188} INFO - [2026-09-03T07:21:08.328+0000] {dagbag.py:545} INFO - Filling up the DagBag from /opt/airflow/dags/model_deployment_dag.py
[2026-09-03T07:21:08.425+0000] {processor.py:840} INFO - DAG(s) 'recommendation_model_deployment' retrieved from /opt/airflow/dags/model_deployment_dag.py
[2026-09-03T07:21:08.462+0000] {logging_mixin.py:188} INFO - [2026-09-03T07:21:08.461+0000] {dag.py:3096} INFO - Sync 1 DAGs
[2026-09-03T07:21:08.473+0000] {logging_mixin.py:188} INFO - [2026-09-03T07:21:08.473+0000] {dag.py:3954} INFO - Setting next_dagrun for recommendation_model_deployment to None, run_after=None
[2026-09-03T07:21:08.553+0000] {processor.py:183} INFO - Processing /opt/airflow/dags/model_deployment_dag.py took 0.243 seconds
[2026-09-03T07:21:41.771+0000] {processor.py:161} INFO - Started process (PID=168) to work on /opt/airflow/dags/model_deployment_dag.py
[2026-09-03T07:21:41.776+0000] {processor.py:830} INFO - Processing file /opt/airflow/dags/model_deployment_dag.py for tasks to queue
[2026-09-03T07:21:41.778+0000] {logging_mixin.py:188} INFO - [2026-09-03T07:21:41.778+0000] {dagbag.py:545} INFO - Filling up the DagBag from /opt/airflow/dags/model_deployment_dag.py
[2026-09-03T07:21:41.873+0000] {processor.py:840} INFO - DAG(s) 'recommendation_model_deployment' retrieved from /opt/airflow/dags/model_deployment_dag.py
[2026-09-03T07:21:41.923+0000] {logging_mixin.py:188} INFO - [2026-09-03T07:21:41.923+0000] {dag.py:3096} INFO - Sync 1 DAGs
[2026-09-03T07:21:41.943+0000] {logging_mixin.py:188} INFO - [2026-09-03T07:21:41.942+0000] {dag.py:3954} INFO - Setting next_dagrun for recommendation_model_deployment to None, run_after=None
[2026-09-03T07:21:42.039+0000] {processor.py:183} INFO - Processing /opt/airflow/dags/model_deployment_dag.py took 0.290 seconds
[2026-09-03T07:22:15.600+0000] {processor.py:161} INFO - Started process (PID=180) to work on /opt/airflow/dags/model_deployment_dag.py
[2026-09-03T07:22:15.605+0000] {processor.py:830} INFO - Processing file /opt/airflow/dags/model_deployment_dag.py for tasks to queue
[2026-09-03T07:22:15.607+0000] {logging_mixin.py:188} INFO - [2026-09-03T07:22:15.607+0000] {dagbag.py:545} INFO - Filling up the DagBag from /opt/airflow/dags/model_deployment_dag.py
[2026-09-03T07:22:15.798+0000] {processor.py:840} INFO - DAG(s) 'recommendation_model_deployment' retrieved from /opt/airflow/dags/model_deployment_dag.py
[2026-09-03T07:22:15.870+0000] {logging_mixin.py:188} INFO - [2026-09-03T07:22:15.870+0000] {dag.py:3096} INFO - Sync 1 DAGs
[2026-09-03T07:22:15.885+0000] {logging_mixin.py:188} INFO - [2026-09-03T07:22:15.885+0000] {dag.py:3954} INFO - Setting next_dagrun for recommendation_model_deployment to None, run_after=None
[2026-09-03T07:22:16.001+0000] {processor.py:183} INFO - Processing /opt/airflow/dags/model_deployment_dag.py took 0.446 seconds
[2026-09-03T07:22:48.887+0000] {processor.py:161} INFO - Started process (PID=192) to work on /opt/airflow/dags/model_deployment_dag.py
[2026-09-03T07:22:48.888+0000] {processor.py:830} INFO - Processing file /opt/airflow/dags/model_deployment_dag.py for tasks to queue
[2026-09-03T07:22:48.891+0000] {logging_mixin.py:188} INFO - [2026-09-03T07:22:48.890+0000] {dagbag.py:545} INFO - Filling up the DagBag from /opt/airflow/dags/model_deployment_dag.py
[2026-09-03T07:22:48.998+0000] {processor.py:840} INFO - DAG(s) 'recommendation_model_deployment' retrieved from /opt/airflow/dags/model_deployment_dag.py
[2026-09-03T07:22:49.086+0000] {logging_mixin.py:188} INFO - [2026-09-03T07:22:49.085+0000] {dag.py:3096} INFO - Sync 1 DAGs
[2026-09-03T07:22:49.108+0000] {logging_mixin.py:188} INFO - [2026-09-03T07:22:49.108+0000] {dag.py:3954} INFO - Setting next_dagrun for recommendation_model_deployment to None, run_after=None
[2026-09-03T07:22:49.244+0000] {processor.py:183} INFO - Processing /opt/airflow/dags/model_deployment_dag.py took 0.372 seconds
[2026-09-03T07:23:19.349+0000] {processor.py:161} INFO - Started process (PID=194) to work on /opt/airflow/dags/model_deployment_dag.py
[2026-09-03T07:23:19.354+0000] {processor.py:830} INFO - Processing file /opt/airflow/dags/model_deployment_dag.py for tasks to queue
[2026-09-03T07:23:19.363+0000] {logging_mixin.py:188} INFO - [2026-09-03T07:23:19.362+0000] {dagbag.py:545} INFO - Filling up the DagBag from /opt/airflow/dags/model_deployment_dag.py
[2026-09-03T07:23:19.512+0000] {processor.py:840} INFO - DAG(s) 'recommendation_model_deployment' retrieved from /opt/airflow/dags/model_deployment_dag.py
[2026-09-03T07:23:19.610+0000] {logging_mixin.py:188} INFO - [2026-09-03T07:23:19.609+0000] {dag.py:3096} INFO - Sync 1 DAGs
[2026-09-03T07:23:19.636+0000] {logging_mixin.py:188} INFO - [2026-09-03T07:23:19.636+0000] {dag.py:3954} INFO - Setting next_dagrun for recommendation_model_deployment to None, run_after=None
[2026-09-03T07:23:19.746+0000] {processor.py:183} INFO - Processing /opt/airflow/dags/model_deployment_dag.py took 0.412 seconds
[2026-09-03T07:23:50.393+0000] {processor.py:161} INFO - Started process (PID=206) to work on /opt/airflow/dags/model_deployment_dag.py
[2026-09-03T07:23:50.396+0000] {processor.py:830} INFO - Processing file /opt/airflow/dags/model_deployment_dag.py for tasks to queue
[2026-09-03T07:23:50.400+0000] {logging_mixin.py:188} INFO - [2026-09-03T07:23:50.399+0000] {dagbag.py:545} INFO - Filling up the DagBag from /opt/airflow/dags/model_deployment_dag.py
[2026-09-03T07:23:50.483+0000] {processor.py:840} INFO - DAG(s) 'recommendation_model_deployment' retrieved from /opt/airflow/dags/model_deployment_dag.py
[2026-09-03T07:23:50.521+0000] {logging_mixin.py:188} INFO - [2026-09-03T07:23:50.521+0000] {dag.py:3096} INFO - Sync 1 DAGs
[2026-09-03T07:23:50.535+0000] {logging_mixin.py:188} INFO - [2026-09-03T07:23:50.534+0000] {dag.py:3954} INFO - Setting next_dagrun for recommendation_model_deployment to None, run_after=None
[2026-09-03T07:23:50.618+0000] {processor.py:183} INFO - Processing /opt/airflow/dags/model_deployment_dag.py took 0.238 seconds
[2026-09-03T07:24:21.009+0000] {processor.py:161} INFO - Started process (PID=218) to work on /opt/airflow/dags/model_deployment_dag.py
[2026-09-03T07:24:21.012+0000] {processor.py:830} INFO - Processing file /opt/airflow/dags/model_deployment_dag.py for tasks to queue
[2026-09-03T07:24:21.016+0000] {logging_mixin.py:188} INFO - [2026-09-03T07:24:21.015+0000] {dagbag.py:545} INFO - Filling up the DagBag from /opt/airflow/dags/model_deployment_dag.py
[2026-09-03T07:24:21.083+0000] {processor.py:840} INFO - DAG(s) 'recommendation_model_deployment' retrieved from /opt/airflow/dags/model_deployment_dag.py
[2026-09-03T07:24:21.125+0000] {logging_mixin.py:188} INFO - [2026-09-03T07:24:21.124+0000] {dag.py:3096} INFO - Sync 1 DAGs
[2026-09-03T07:24:21.140+0000] {logging_mixin.py:188} INFO - [2026-09-03T07:24:21.140+0000] {dag.py:3954} INFO - Setting next_dagrun for recommendation_model_deployment to None, run_after=None
[2026-09-03T07:24:21.240+0000] {processor.py:183} INFO - Processing /opt/airflow/dags/model_deployment_dag.py took 0.244 seconds
[2026-09-03T07:24:51.649+0000] {processor.py:161} INFO - Started process (PID=230) to work on /opt/airflow/dags/model_deployment_dag.py
[2026-09-03T07:24:51.654+0000] {processor.py:830} INFO - Processing file /opt/airflow/dags/model_deployment_dag.py for tasks to queue
[2026-09-03T07:24:51.664+0000] {logging_mixin.py:188} INFO - [2026-09-03T07:24:51.662+0000] {dagbag.py:545} INFO - Filling up the DagBag from /opt/airflow/dags/model_deployment_dag.py
[2026-09-03T07:24:51.788+0000] {processor.py:840} INFO - DAG(s) 'recommendation_model_deployment' retrieved from /opt/airflow/dags/model_deployment_dag.py
[2026-09-03T07:24:51.851+0000] {logging_mixin.py:188} INFO - [2026-09-03T07:24:51.851+0000] {dag.py:3096} INFO - Sync 1 DAGs
[2026-09-03T07:24:51.879+0000] {logging_mixin.py:188} INFO - [2026-09-03T07:24:51.879+0000] {dag.py:3954} INFO - Setting next_dagrun for recommendation_model_deployment to None, run_after=None
[2026-09-03T07:24:51.953+0000] {processor.py:183} INFO - Processing /opt/airflow/dags/model_deployment_dag.py took 0.331 seconds
[2026-09-03T07:25:22.115+0000] {processor.py:161} INFO - Started process (PID=242) to work on /opt/airflow/dags/model_deployment_dag.py
[2026-09-03T07:25:22.118+0000] {processor.py:830} INFO - Processing file /opt/airflow/dags/model_deployment_dag.py for tasks to queue
[2026-09-03T07:25:22.123+0000] {logging_mixin.py:188} INFO - [2026-09-03T07:25:22.122+0000] {dagbag.py:545} INFO - Filling up the DagBag from /opt/airflow/dags/model_deployment_dag.py
[2026-09-03T07:25:22.252+0000] {processor.py:840} INFO - DAG(s) 'recommendation_model_deployment' retrieved from /opt/airflow/dags/model_deployment_dag.py
[2026-09-03T07:25:22.318+0000] {logging_mixin.py:188} INFO - [2026-09-03T07:25:22.318+0000] {dag.py:3096} INFO - Sync 1 DAGs
[2026-09-03T07:25:22.342+0000] {logging_mixin.py:188} INFO - [2026-09-03T07:25:22.342+0000] {dag.py:3954} INFO - Setting next_dagrun for recommendation_model_deployment to None, run_after=None
[2026-09-03T07:25:22.449+0000] {processor.py:183} INFO - Processing /opt/airflow/dags/model_deployment_dag.py took 0.352 seconds
[2026-09-03T07:25:53.338+0000] {processor.py:161} INFO - Started process (PID=254) to work on /opt/airflow/dags/model_deployment_dag.py
[2026-09-03T07:25:53.340+0000] {processor.py:830} INFO - Processing file /opt/airflow/dags/model_deployment_dag.py for tasks to queue
[2026-09-03T07:25:53.345+0000] {logging_mixin.py:188} INFO - [2026-09-03T07:25:53.345+0000] {dagbag.py:545} INFO - Filling up the DagBag from /opt/airflow/dags/model_deployment_dag.py
[2026-09-03T07:25:53.474+0000] {processor.py:840} INFO - DAG(s) 'recommendation_model_deployment' retrieved from /opt/airflow/dags/model_deployment_dag.py
[2026-09-03T07:25:53.548+0000] {logging_mixin.py:188} INFO - [2026-09-03T07:25:53.548+0000] {dag.py:3096} INFO - Sync 1 DAGs
[2026-09-03T07:25:53.565+0000] {logging_mixin.py:188} INFO - [2026-09-03T07:25:53.565+0000] {dag.py:3954} INFO - Setting next_dagrun for recommendation_model_deployment to None, run_after=None
[2026-09-03T07:25:53.673+0000] {processor.py:183} INFO - Processing /opt/airflow/dags/model_deployment_dag.py took 0.353 seconds
[2026-09-03T07:26:24.794+0000] {processor.py:161} INFO - Started process (PID=266) to work on /opt/airflow/dags/model_deployment_dag.py
[2026-09-03T07:26:24.797+0000] {processor.py:830} INFO - Processing file /opt/airflow/dags/model_deployment_dag.py for tasks to queue
[2026-09-03T07:26:24.802+0000] {logging_mixin.py:188} INFO - [2026-09-03T07:26:24.801+0000] {dagbag.py:545} INFO - Filling up the DagBag from /opt/airflow/dags/model_deployment_dag.py
[2026-09-03T07:26:24.898+0000] {processor.py:840} INFO - DAG(s) 'recommendation_model_deployment' retrieved from /opt/airflow/dags/model_deployment_dag.py
[2026-09-03T07:26:24.999+0000] {logging_mixin.py:188} INFO - [2026-09-03T07:26:24.998+0000] {dag.py:3096} INFO - Sync 1 DAGs
[2026-09-03T07:26:25.024+0000] {logging_mixin.py:188} INFO - [2026-09-03T07:26:25.024+0000] {dag.py:3954} INFO - Setting next_dagrun for recommendation_model_deployment to None, run_after=None
[2026-09-03T07:26:25.129+0000] {processor.py:183} INFO - Processing /opt/airflow/dags/model_deployment_dag.py took 0.357 seconds
[2026-09-03T07:26:55.489+0000] {processor.py:161} INFO - Started process (PID=278) to work on /opt/airflow/dags/model_deployment_dag.py
[2026-09-03T07:26:55.491+0000] {processor.py:830} INFO - Processing file /opt/airflow/dags/model_deployment_dag.py for tasks to queue
[2026-09-03T07:26:55.495+0000] {logging_mixin.py:188} INFO - [2026-09-03T07:26:55.494+0000] {dagbag.py:545} INFO - Filling up the DagBag from /opt/airflow/dags/model_deployment_dag.py
[2026-09-03T07:26:55.600+0000] {processor.py:840} INFO - DAG(s) 'recommendation_model_deployment' retrieved from /opt/airflow/dags/model_deployment_dag.py
[2026-09-03T07:26:55.661+0000] {logging_mixin.py:188} INFO - [2026-09-03T07:26:55.661+0000] {dag.py:3096} INFO - Sync 1 DAGs
[2026-09-03T07:26:55.678+0000] {logging_mixin.py:188} INFO - [2026-09-03T07:26:55.678+0000] {dag.py:3954} INFO - Setting next_dagrun for recommendation_model_deployment to None, run_after=None
[2026-09-03T07:26:55.781+0000] {processor.py:183} INFO - Processing /opt/airflow/dags/model_deployment_dag.py took 0.307 seconds
[2026-09-03T07:27:27.055+0000] {processor.py:161} INFO - Started process (PID=290) to work on /opt/airflow/dags/model_deployment_dag.py
[2026-09-03T07:27:27.057+0000] {processor.py:830} INFO - Processing file /opt/airflow/dags/model_deployment_dag.py for tasks to queue
[2026-09-03T07:27:27.063+0000] {logging_mixin.py:188} INFO - [2026-09-03T07:27:27.062+0000] {dagbag.py:545} INFO - Filling up the DagBag from /opt/airflow/dags/model_deployment_dag.py
[2026-09-03T07:27:27.161+0000] {processor.py:840} INFO - DAG(s) 'recommendation_model_deployment' retrieved from /opt/airflow/dags/model_deployment_dag.py
[2026-09-03T07:27:27.216+0000] {logging_mixin.py:188} INFO - [2026-09-03T07:27:27.215+0000] {dag.py:3096} INFO - Sync 1 DAGs
[2026-09-03T07:27:27.238+0000] {logging_mixin.py:188} INFO - [2026-09-03T07:27:27.238+0000] {dag.py:3954} INFO - Setting next_dagrun for recommendation_model_deployment to None, run_after=None
[2026-09-03T07:27:27.362+0000] {processor.py:183} INFO - Processing /opt/airflow/dags/model_deployment_dag.py took 0.323 seconds
[2026-09-03T07:27:57.874+0000] {processor.py:161} INFO - Started process (PID=302) to work on /opt/airflow/dags/model_deployment_dag.py
[2026-09-03T07:27:57.876+0000] {processor.py:830} INFO - Processing file /opt/airflow/dags/model_deployment_dag.py for tasks to queue
[2026-09-03T07:27:57.880+0000] {logging_mixin.py:188} INFO - [2026-09-03T07:27:57.880+0000] {dagbag.py:545} INFO - Filling up the DagBag from /opt/airflow/dags/model_deployment_dag.py
[2026-09-03T07:27:57.990+0000] {processor.py:840} INFO - DAG(s) 'recommendation_model_deployment' retrieved from /opt/airflow/dags/model_deployment_dag.py
[2026-09-03T07:27:58.035+0000] {logging_mixin.py:188} INFO - [2026-09-03T07:27:58.035+0000] {dag.py:3096} INFO - Sync 1 DAGs
[2026-09-03T07:27:58.052+0000] {logging_mixin.py:188} INFO - [2026-09-03T07:27:58.052+0000] {dag.py:3954} INFO - Setting next_dagrun for recommendation_model_deployment to None, run_after=None
[2026-09-03T07:27:58.143+0000] {processor.py:183} INFO - Processing /opt/airflow/dags/model_deployment_dag.py took 0.285 seconds
[2026-09-03T07:28:28.413+0000] {processor.py:161} INFO - Started process (PID=314) to work on /opt/airflow/dags/model_deployment_dag.py
[2026-09-03T07:28:28.416+0000] {processor.py:830} INFO - Processing file /opt/airflow/dags/model_deployment_dag.py for tasks to queue
[2026-09-03T07:28:28.421+0000] {logging_mixin.py:188} INFO - [2026-09-03T07:28:28.420+0000] {dagbag.py:545} INFO - Filling up the DagBag from /opt/airflow/dags/model_deployment_dag.py
[2026-09-03T07:28:28.516+0000] {processor.py:840} INFO - DAG(s) 'recommendation_model_deployment' retrieved from /opt/airflow/dags/model_deployment_dag.py
[2026-09-03T07:28:28.606+0000] {logging_mixin.py:188} INFO - [2026-09-03T07:28:28.606+0000] {dag.py:3096} INFO - Sync 1 DAGs
[2026-09-03T07:28:28.633+0000] {logging_mixin.py:188} INFO - [2026-09-03T07:28:28.633+0000] {dag.py:3954} INFO - Setting next_dagrun for recommendation_model_deployment to None, run_after=None
[2026-09-03T07:28:28.720+0000] {processor.py:183} INFO - Processing /opt/airflow/dags/model_deployment_dag.py took 0.317 seconds
[2026-09-03T07:28:59.322+0000] {processor.py:161} INFO - Started process (PID=326) to work on /opt/airflow/dags/model_deployment_dag.py
[2026-09-03T07:28:59.323+0000] {processor.py:830} INFO - Processing file /opt/airflow/dags/model_deployment_dag.py for tasks to queue
[2026-09-03T07:28:59.325+0000] {logging_mixin.py:188} INFO - [2026-09-03T07:28:59.325+0000] {dagbag.py:545} INFO - Filling up the DagBag from /opt/airflow/dags/model_deployment_dag.py
[2026-09-03T07:28:59.009+0000] {processor.py:840} INFO - DAG(s) 'recommendation_model_deployment' retrieved from /opt/airflow/dags/model_deployment_dag.py
[2026-09-03T07:28:59.051+0000] {logging_mixin.py:188} INFO - [2026-09-03T07:28:59.050+0000] {dag.py:3096} INFO - Sync 1 DAGs
[2026-09-03T07:28:59.068+0000] {logging_mixin.py:188} INFO - [2026-09-03T07:28:59.068+0000] {dag.py:3954} INFO - Setting next_dagrun for recommendation_model_deployment to None, run_after=None
[2026-09-03T07:28:59.162+0000] {processor.py:183} INFO - Processing /opt/airflow/dags/model_deployment_dag.py took 0.270 seconds
[2026-09-03T07:29:30.977+0000] {processor.py:161} INFO - Started process (PID=337) to work on /opt/airflow/dags/model_deployment_dag.py
[2026-09-03T07:29:30.980+0000] {processor.py:830} INFO - Processing file /opt/airflow/dags/model_deployment_dag.py for tasks to queue
[2026-09-03T07:29:30.985+0000] {logging_mixin.py:188} INFO - [2026-09-03T07:29:30.983+0000] {dagbag.py:545} INFO - Filling up the DagBag from /opt/airflow/dags/model_deployment_dag.py
[2026-09-03T07:29:31.137+0000] {processor.py:840} INFO - DAG(s) 'recommendation_model_deployment' retrieved from /opt/airflow/dags/model_deployment_dag.py
[2026-09-03T07:29:31.246+0000] {logging_mixin.py:188} INFO - [2026-09-03T07:29:31.245+0000] {dag.py:3096} INFO - Sync 1 DAGs
[2026-09-03T07:29:31.268+0000] {logging_mixin.py:188} INFO - [2026-09-03T07:29:31.267+0000] {dag.py:3954} INFO - Setting next_dagrun for recommendation_model_deployment to None, run_after=None
[2026-09-03T07:29:31.360+0000] {processor.py:183} INFO - Processing /opt/airflow/dags/model_deployment_dag.py took 0.448 seconds
[2026-09-03T07:30:04.983+0000] {processor.py:161} INFO - Started process (PID=349) to work on /opt/airflow/dags/model_deployment_dag.py
[2026-09-03T07:30:05.013+0000] {processor.py:830} INFO - Processing file /opt/airflow/dags/model_deployment_dag.py for tasks to queue
[2026-09-03T07:30:05.069+0000] {logging_mixin.py:188} INFO - [2026-09-03T07:30:05.056+0000] {dagbag.py:545} INFO - Filling up the DagBag from /opt/airflow/dags/model_deployment_dag.py
[2026-09-03T07:30:05.290+0000] {processor.py:840} INFO - DAG(s) 'recommendation_model_deployment' retrieved from /opt/airflow/dags/model_deployment_dag.py
[2026-09-03T07:30:05.435+0000] {logging_mixin.py:188} INFO - [2026-09-03T07:30:05.435+0000] {dag.py:3096} INFO - Sync 1 DAGs
[2026-09-03T07:30:05.458+0000] {logging_mixin.py:188} INFO - [2026-09-03T07:30:05.458+0000] {dag.py:3954} INFO - Setting next_dagrun for recommendation_model_deployment to None, run_after=None
[2026-09-03T07:30:05.549+0000] {processor.py:183} INFO - Processing /opt/airflow/dags/model_deployment_dag.py took 0.605 seconds
[2026-09-03T07:30:38.603+0000] {processor.py:161} INFO - Started process (PID=361) to work on /opt/airflow/dags/model_deployment_dag.py
[2026-09-03T07:30:38.605+0000] {processor.py:830} INFO - Processing file /opt/airflow/dags/model_deployment_dag.py for tasks to queue
[2026-09-03T07:30:38.611+0000] {logging_mixin.py:188} INFO - [2026-09-03T07:30:38.611+0000] {dagbag.py:545} INFO - Filling up the DagBag from /opt/airflow/dags/model_deployment_dag.py
[2026-09-03T07:30:38.719+0000] {processor.py:840} INFO - DAG(s) 'recommendation_model_deployment' retrieved from /opt/airflow/dags/model_deployment_dag.py
[2026-09-03T07:30:38.780+0000] {logging_mixin.py:188} INFO - [2026-09-03T07:30:38.780+0000] {dag.py:3096} INFO - Sync 1 DAGs
[2026-09-03T07:30:38.796+0000] {logging_mixin.py:188} INFO - [2026-09-03T07:30:38.796+0000] {dag.py:3954} INFO - Setting next_dagrun for recommendation_model_deployment to None, run_after=None
[2026-09-03T07:30:38.878+0000] {processor.py:183} INFO - Processing /opt/airflow/dags/model_deployment_dag.py took 0.286 seconds
[2026-09-03T07:31:11.747+0000] {processor.py:161} INFO - Started process (PID=373) to work on /opt/airflow/dags/model_deployment_dag.py
[2026-09-03T07:31:11.755+0000] {processor.py:830} INFO - Processing file /opt/airflow/dags/model_deployment_dag.py for tasks to queue
[2026-09-03T07:31:11.759+0000] {logging_mixin.py:188} INFO - [2026-09-03T07:31:11.758+0000] {dagbag.py:545} INFO - Filling up the DagBag from /opt/airflow/dags/model_deployment_dag.py
[2026-09-03T07:31:11.879+0000] {processor.py:840} INFO - DAG(s) 'recommendation_model_deployment' retrieved from /opt/airflow/dags/model_deployment_dag.py
[2026-09-03T07:31:11.938+0000] {logging_mixin.py:188} INFO - [2026-09-03T07:31:11.937+0000] {dag.py:3096} INFO - Sync 1 DAGs
[2026-09-03T07:31:11.959+0000] {logging_mixin.py:188} INFO - [2026-09-03T07:31:11.959+0000] {dag.py:3954} INFO - Setting next_dagrun for recommendation_model_deployment to None, run_after=None
[2026-09-03T07:31:12.086+0000] {processor.py:183} INFO - Processing /opt/airflow/dags/model_deployment_dag.py took 0.381 seconds
[2026-09-03T07:31:45.244+0000] {processor.py:161} INFO - Started process (PID=385) to work on /opt/airflow/dags/model_deployment_dag.py
[2026-09-03T07:31:45.246+0000] {processor.py:830} INFO - Processing file /opt/airflow/dags/model_deployment_dag.py for tasks to queue
[2026-09-03T07:31:45.250+0000] {logging_mixin.py:188} INFO - [2026-09-03T07:31:45.249+0000] {dagbag.py:545} INFO - Filling up the DagBag from /opt/airflow/dags/model_deployment_dag.py
[2026-09-03T07:31:45.342+0000] {processor.py:840} INFO - DAG(s) 'recommendation_model_deployment' retrieved from /opt/airflow/dags/model_deployment_dag.py
[2026-09-03T07:31:45.407+0000] {logging_mixin.py:188} INFO - [2026-09-03T07:31:45.407+0000] {dag.py:3096} INFO - Sync 1 DAGs
[2026-09-03T07:31:45.422+0000] {logging_mixin.py:188} INFO - [2026-09-03T07:31:45.422+0000] {dag.py:3954} INFO - Setting next_dagrun for recommendation_model_deployment to None, run_after=None
[2026-09-03T07:31:45.491+0000] {processor.py:183} INFO - Processing /opt/airflow/dags/model_deployment_dag.py took 0.264 seconds
[2026-09-03T07:32:18.490+0000] {processor.py:161} INFO - Started process (PID=397) to work on /opt/airflow/dags/model_deployment_dag.py
[2026-09-03T07:32:18.498+0000] {processor.py:830} INFO - Processing file /opt/airflow/dags/model_deployment_dag.py for tasks to queue
[2026-09-03T07:32:18.511+0000] {logging_mixin.py:188} INFO - [2026-09-03T07:32:18.506+0000] {dagbag.py:545} INFO - Filling up the DagBag from /opt/airflow/dags/model_deployment_dag.py
[2026-09-03T07:32:18.634+0000] {processor.py:840} INFO - DAG(s) 'recommendation_model_deployment' retrieved from /opt/airflow/dags/model_deployment_dag.py
[2026-09-03T07:32:18.706+0000] {logging_mixin.py:188} INFO - [2026-09-03T07:32:18.706+0000] {dag.py:3096} INFO - Sync 1 DAGs
[2026-09-03T07:32:18.721+0000] {logging_mixin.py:188} INFO - [2026-09-03T07:32:18.721+0000] {dag.py:3954} INFO - Setting next_dagrun for recommendation_model_deployment to None, run_after=None
[2026-09-03T07:32:18.811+0000] {processor.py:183} INFO - Processing /opt/airflow/dags/model_deployment_dag.py took 0.352 seconds
[2026-09-03T07:32:50.509+0000] {processor.py:161} INFO - Started process (PID=409) to work on /opt/airflow/dags/model_deployment_dag.py
[2026-09-03T07:32:50.536+0000] {processor.py:830} INFO - Processing file /opt/airflow/dags/model_deployment_dag.py for tasks to queue
[2026-09-03T07:32:50.578+0000] {logging_mixin.py:188} INFO - [2026-09-03T07:32:50.577+0000] {dagbag.py:545} INFO - Filling up the DagBag from /opt/airflow/dags/model_deployment_dag.py
[2026-09-03T07:32:50.678+0000] {processor.py:840} INFO - DAG(s) 'recommendation_model_deployment' retrieved from /opt/airflow/dags/model_deployment_dag.py
[2026-09-03T07:32:50.763+0000] {logging_mixin.py:188} INFO - [2026-09-03T07:32:50.763+0000] {dag.py:3096} INFO - Sync 1 DAGs
[2026-09-03T07:32:50.782+0000] {logging_mixin.py:188} INFO - [2026-09-03T07:32:50.782+0000] {dag.py:3954} INFO - Setting next_dagrun for recommendation_model_deployment to None, run_after=None
[2026-09-03T07:32:50.902+0000] {processor.py:183} INFO - Processing /opt/airflow/dags/model_deployment_dag.py took 0.423 seconds
[2026-09-03T07:33:23.591+0000] {processor.py:161} INFO - Started process (PID=421) to work on /opt/airflow/dags/model_deployment_dag.py
[2026-09-03T07:33:23.593+0000] {processor.py:830} INFO - Processing file /opt/airflow/dags/model_deployment_dag.py for tasks to queue
[2026-09-03T07:33:23.597+0000] {logging_mixin.py:188} INFO - [2026-09-03T07:33:23.596+0000] {dagbag.py:545} INFO - Filling up the DagBag from /opt/airflow/dags/model_deployment_dag.py
[2026-09-03T07:33:23.693+0000] {processor.py:840} INFO - DAG(s) 'recommendation_model_deployment' retrieved from /opt/airflow/dags/model_deployment_dag.py
[2026-09-03T07:33:23.763+0000] {logging_mixin.py:188} INFO - [2026-09-03T07:33:23.762+0000] {dag.py:3096} INFO - Sync 1 DAGs
[2026-09-03T07:33:23.780+0000] {logging_mixin.py:188} INFO - [2026-09-03T07:33:23.780+0000] {dag.py:3954} INFO - Setting next_dagrun for recommendation_model_deployment to None, run_after=None
[2026-09-03T07:33:23.863+0000] {processor.py:183} INFO - Processing /opt/airflow/dags/model_deployment_dag.py took 0.285 seconds
[2026-09-03T07:33:57.108+0000] {processor.py:161} INFO - Started process (PID=433) to work on /opt/airflow/dags/model_deployment_dag.py
[2026-09-03T07:33:57.110+0000] {processor.py:830} INFO - Processing file /opt/airflow/dags/model_deployment_dag.py for tasks to queue
[2026-09-03T07:33:57.128+0000] {logging_mixin.py:188} INFO - [2026-09-03T07:33:57.127+0000] {dagbag.py:545} INFO - Filling up the DagBag from /opt/airflow/dags/model_deployment_dag.py
[2026-09-03T07:33:57.262+0000] {processor.py:840} INFO - DAG(s) 'recommendation_model_deployment' retrieved from /opt/airflow/dags/model_deployment_dag.py
[2026-09-03T07:33:57.337+0000] {logging_mixin.py:188} INFO - [2026-09-03T07:33:57.337+0000] {dag.py:3096} INFO - Sync 1 DAGs
[2026-09-03T07:33:57.357+0000] {logging_mixin.py:188} INFO - [2026-09-03T07:33:57.357+0000] {dag.py:3954} INFO - Setting next_dagrun for recommendation_model_deployment to None, run_after=None
[2026-09-03T07:33:57.459+0000] {processor.py:183} INFO - Processing /opt/airflow/dags/model_deployment_dag.py took 0.475 seconds
[2026-09-03T07:34:29.444+0000] {processor.py:161} INFO - Started process (PID=445) to work on /opt/airflow/dags/model_deployment_dag.py
[2026-09-03T07:34:29.447+0000] {processor.py:830} INFO - Processing file /opt/airflow/dags/model_deployment_dag.py for tasks to queue
[2026-09-03T07:34:29.450+0000] {logging_mixin.py:188} INFO - [2026-09-03T07:34:29.450+0000] {dagbag.py:545} INFO - Filling up the DagBag from /opt/airflow/dags/model_deployment_dag.py
[2026-09-03T07:34:29.553+0000] {processor.py:840} INFO - DAG(s) 'recommendation_model_deployment' retrieved from /opt/airflow/dags/model_deployment_dag.py
[2026-09-03T07:34:29.599+0000] {logging_mixin.py:188} INFO - [2026-09-03T07:34:29.598+0000] {dag.py:3096} INFO - Sync 1 DAGs
[2026-09-03T07:34:29.611+0000] {logging_mixin.py:188} INFO - [2026-09-03T07:34:29.611+0000] {dag.py:3954} INFO - Setting next_dagrun for recommendation_model_deployment to None, run_after=None
[2026-09-03T07:34:29.685+0000] {processor.py:183} INFO - Processing /opt/airflow/dags/model_deployment_dag.py took 0.251 seconds
[2026-09-03T07:35:02.856+0000] {processor.py:161} INFO - Started process (PID=457) to work on /opt/airflow/dags/model_deployment_dag.py
[2026-09-03T07:35:02.857+0000] {processor.py:830} INFO - Processing file /opt/airflow/dags/model_deployment_dag.py for tasks to queue
[2026-09-03T07:35:02.860+0000] {logging_mixin.py:188} INFO - [2026-09-03T07:35:02.860+0000] {dagbag.py:545} INFO - Filling up the DagBag from /opt/airflow/dags/model_deployment_dag.py
[2026-09-03T07:35:02.942+0000] {processor.py:840} INFO - DAG(s) 'recommendation_model_deployment' retrieved from /opt/airflow/dags/model_deployment_dag.py
[2026-09-03T07:35:03.009+0000] {logging_mixin.py:188} INFO - [2026-09-03T07:35:03.009+0000] {dag.py:3096} INFO - Sync 1 DAGs
[2026-09-03T07:35:03.044+0000] {logging_mixin.py:188} INFO - [2026-09-03T07:35:03.043+0000] {dag.py:3954} INFO - Setting next_dagrun for recommendation_model_deployment to None, run_after=None
[2026-09-03T07:35:03.133+0000] {processor.py:183} INFO - Processing /opt/airflow/dags/model_deployment_dag.py took 0.285 seconds
[2026-09-03T07:35:36.015+0000] {processor.py:161} INFO - Started process (PID=469) to work on /opt/airflow/dags/model_deployment_dag.py
[2026-09-03T07:35:36.017+0000] {processor.py:830} INFO - Processing file /opt/airflow/dags/model_deployment_dag.py for tasks to queue
[2026-09-03T07:35:36.022+0000] {logging_mixin.py:188} INFO - [2026-09-03T07:35:36.021+0000] {dagbag.py:545} INFO - Filling up the DagBag from /opt/airflow/dags/model_deployment_dag.py
[2026-09-03T07:35:36.201+0000] {processor.py:840} INFO - DAG(s) 'recommendation_model_deployment' retrieved from /opt/airflow/dags/model_deployment_dag.py
[2026-09-03T07:35:36.284+0000] {logging_mixin.py:188} INFO - [2026-09-03T07:35:36.283+0000] {dag.py:3096} INFO - Sync 1 DAGs
[2026-09-03T07:35:36.307+0000] {logging_mixin.py:188} INFO - [2026-09-03T07:35:36.307+0000] {dag.py:3954} INFO - Setting next_dagrun for recommendation_model_deployment to None, run_after=None
[2026-09-03T07:35:36.418+0000] {processor.py:183} INFO - Processing /opt/airflow/dags/model_deployment_dag.py took 0.510 seconds
[2026-09-03T07:36:09.103+0000] {processor.py:161} INFO - Started process (PID=481) to work on /opt/airflow/dags/model_deployment_dag.py
[2026-09-03T07:36:09.107+0000] {processor.py:830} INFO - Processing file /opt/airflow/dags/model_deployment_dag.py for tasks to queue
[2026-09-03T07:36:09.114+0000] {logging_mixin.py:188} INFO - [2026-09-03T07:36:09.112+0000] {dagbag.py:545} INFO - Filling up the DagBag from /opt/airflow/dags/model_deployment_dag.py
[2026-09-03T07:36:09.172+0000] {processor.py:840} INFO - DAG(s) 'recommendation_model_deployment' retrieved from /opt/airflow/dags/model_deployment_dag.py
[2026-09-03T07:36:09.208+0000] {logging_mixin.py:188} INFO - [2026-09-03T07:36:09.208+0000] {dag.py:3096} INFO - Sync 1 DAGs
[2026-09-03T07:36:09.221+0000] {logging_mixin.py:188} INFO - [2026-09-03T07:36:09.221+0000] {dag.py:3954} INFO - Setting next_dagrun for recommendation_model_deployment to None, run_after=None
[2026-09-03T07:36:09.288+0000] {processor.py:183} INFO - Processing /opt/airflow/dags/model_deployment_dag.py took 0.233 seconds
[2026-09-03T07:36:40.449+0000] {processor.py:161} INFO - Started process (PID=493) to work on /opt/airflow/dags/model_deployment_dag.py
[2026-09-03T07:36:40.450+0000] {processor.py:830} INFO - Processing file /opt/airflow/dags/model_deployment_dag.py for tasks to queue
[2026-09-03T07:36:40.452+0000] {logging_mixin.py:188} INFO - [2026-09-03T07:36:40.452+0000] {dagbag.py:545} INFO - Filling up the DagBag from /opt/airflow/dags/model_deployment_dag.py
[2026-09-03T07:36:40.507+0000] {processor.py:840} INFO - DAG(s) 'recommendation_model_deployment' retrieved from /opt/airflow/dags/model_deployment_dag.py
[2026-09-03T07:36:40.542+0000] {logging_mixin.py:188} INFO - [2026-09-03T07:36:40.542+0000] {dag.py:3096} INFO - Sync 1 DAGs
[2026-09-03T07:36:40.555+0000] {logging_mixin.py:188} INFO - [2026-09-03T07:36:40.555+0000] {dag.py:3954} INFO - Setting next_dagrun for recommendation_model_deployment to None, run_after=None
[2026-09-03T07:36:40.640+0000] {processor.py:183} INFO - Processing /opt/airflow/dags/model_deployment_dag.py took 0.199 seconds
[2026-09-03T07:37:13.352+0000] {processor.py:161} INFO - Started process (PID=505) to work on /opt/airflow/dags/model_deployment_dag.py
[2026-09-03T07:37:13.356+0000] {processor.py:830} INFO - Processing file /opt/airflow/dags/model_deployment_dag.py for tasks to queue
[2026-09-03T07:37:13.360+0000] {logging_mixin.py:188} INFO - [2026-09-03T07:37:13.359+0000] {dagbag.py:545} INFO - Filling up the DagBag from /opt/airflow/dags/model_deployment_dag.py
[2026-09-03T07:37:13.485+0000] {processor.py:840} INFO - DAG(s) 'recommendation_model_deployment' retrieved from /opt/airflow/dags/model_deployment_dag.py
[2026-09-03T07:37:13.544+0000] {logging_mixin.py:188} INFO - [2026-09-03T07:37:13.544+0000] {dag.py:3096} INFO - Sync 1 DAGs
[2026-09-03T07:37:13.559+0000] {logging_mixin.py:188} INFO - [2026-09-03T07:37:13.559+0000] {dag.py:3954} INFO - Setting next_dagrun for recommendation_model_deployment to None, run_after=None
[2026-09-03T07:37:13.622+0000] {processor.py:183} INFO - Processing /opt/airflow/dags/model_deployment_dag.py took 0.285 seconds
[2026-09-03T07:37:50.803+0000] {processor.py:161} INFO - Started process (PID=517) to work on /opt/airflow/dags/model_deployment_dag.py
[2026-09-03T07:37:50.805+0000] {processor.py:830} INFO - Processing file /opt/airflow/dags/model_deployment_dag.py for tasks to queue
[2026-09-03T07:37:50.808+0000] {logging_mixin.py:188} INFO - [2026-09-03T07:37:50.807+0000] {dagbag.py:545} INFO - Filling up the DagBag from /opt/airflow/dags/model_deployment_dag.py
[2026-09-03T07:37:50.918+0000] {processor.py:840} INFO - DAG(s) 'recommendation_model_deployment' retrieved from /opt/airflow/dags/model_deployment_dag.py
[2026-09-03T07:37:50.959+0000] {logging_mixin.py:188} INFO - [2026-09-03T07:37:50.959+0000] {dag.py:3096} INFO - Sync 1 DAGs
[2026-09-03T07:37:50.982+0000] {logging_mixin.py:188} INFO - [2026-09-03T07:37:50.982+0000] {dag.py:3954} INFO - Setting next_dagrun for recommendation_model_deployment to None, run_after=None
[2026-09-03T07:37:51.068+0000] {processor.py:183} INFO - Processing /opt/airflow/dags/model_deployment_dag.py took 0.285 seconds
[2026-09-03T07:38:24.319+0000] {processor.py:161} INFO - Started process (PID=529) to work on /opt/airflow/dags/model_deployment_dag.py
[2026-09-03T07:38:24.344+0000] {processor.py:830} INFO - Processing file /opt/airflow/dags/model_deployment_dag.py for tasks to queue
[2026-09-03T07:38:24.375+0000] {logging_mixin.py:188} INFO - [2026-09-03T07:38:24.370+0000] {dagbag.py:545} INFO - Filling up the DagBag from /opt/airflow/dags/model_deployment_dag.py
[2026-09-03T07:38:24.549+0000] {processor.py:840} INFO - DAG(s) 'recommendation_model_deployment' retrieved from /opt/airflow/dags/model_deployment_dag.py
[2026-09-03T07:38:24.612+0000] {logging_mixin.py:188} INFO - [2026-09-03T07:38:24.611+0000] {dag.py:3096} INFO - Sync 1 DAGs
[2026-09-03T07:38:24.628+0000] {logging_mixin.py:188} INFO - [2026-09-03T07:38:24.628+0000] {dag.py:3954} INFO - Setting next_dagrun for recommendation_model_deployment to None, run_after=None
[2026-09-03T07:38:24.716+0000] {processor.py:183} INFO - Processing /opt/airflow/dags/model_deployment_dag.py took 0.568 seconds
[2026-09-03T07:38:57.466+0000] {processor.py:161} INFO - Started process (PID=541) to work on /opt/airflow/dags/model_deployment_dag.py
[2026-09-03T07:38:57.468+0000] {processor.py:830} INFO - Processing file /opt/airflow/dags/model_deployment_dag.py for tasks to queue
[2026-09-03T07:38:57.471+0000] {logging_mixin.py:188} INFO - [2026-09-03T07:38:57.471+0000] {dagbag.py:545} INFO - Filling up the DagBag from /opt/airflow/dags/model_deployment_dag.py
[2026-09-03T07:38:57.567+0000] {processor.py:840} INFO - DAG(s) 'recommendation_model_deployment' retrieved from /opt/airflow/dags/model_deployment_dag.py
[2026-09-03T07:38:57.628+0000] {logging_mixin.py:188} INFO - [2026-09-03T07:38:57.628+0000] {dag.py:3096} INFO - Sync 1 DAGs
[2026-09-03T07:38:57.660+0000] {logging_mixin.py:188} INFO - [2026-09-03T07:38:57.660+0000] {dag.py:3954} INFO - Setting next_dagrun for recommendation_model_deployment to None, run_after=None
[2026-09-03T07:38:57.771+0000] {processor.py:183} INFO - Processing /opt/airflow/dags/model_deployment_dag.py took 0.318 seconds
[2026-09-03T07:39:29.429+0000] {processor.py:161} INFO - Started process (PID=553) to work on /opt/airflow/dags/model_deployment_dag.py
[2026-09-03T07:39:29.438+0000] {processor.py:830} INFO - Processing file /opt/airflow/dags/model_deployment_dag.py for tasks to queue
[2026-09-03T07:39:29.465+0000] {logging_mixin.py:188} INFO - [2026-09-03T07:39:29.463+0000] {dagbag.py:545} INFO - Filling up the DagBag from /opt/airflow/dags/model_deployment_dag.py
[2026-09-03T07:39:29.580+0000] {processor.py:840} INFO - DAG(s) 'recommendation_model_deployment' retrieved from /opt/airflow/dags/model_deployment_dag.py
[2026-09-03T07:39:29.628+0000] {logging_mixin.py:188} INFO - [2026-09-03T07:39:29.627+0000] {dag.py:3096} INFO - Sync 1 DAGs
[2026-09-03T07:39:29.645+0000] {logging_mixin.py:188} INFO - [2026-09-03T07:39:29.644+0000] {dag.py:3954} INFO - Setting next_dagrun for recommendation_model_deployment to None, run_after=None
[2026-09-03T07:39:29.756+0000] {processor.py:183} INFO - Processing /opt/airflow/dags/model_deployment_dag.py took 0.389 seconds
[2026-09-03T07:40:02.563+0000] {processor.py:161} INFO - Started process (PID=565) to work on /opt/airflow/dags/model_deployment_dag.py
[2026-09-03T07:40:02.566+0000] {processor.py:830} INFO - Processing file /opt/airflow/dags/model_deployment_dag.py for tasks to queue
[2026-09-03T07:40:02.572+0000] {logging_mixin.py:188} INFO - [2026-09-03T07:40:02.571+0000] {dagbag.py:545} INFO - Filling up the DagBag from /opt/airflow/dags/model_deployment_dag.py
[2026-09-03T07:40:02.689+0000] {processor.py:840} INFO - DAG(s) 'recommendation_model_deployment' retrieved from /opt/airflow/dags/model_deployment_dag.py
[2026-09-03T07:40:02.756+0000] {logging_mixin.py:188} INFO - [2026-09-03T07:40:02.756+0000] {dag.py:3096} INFO - Sync 1 DAGs
[2026-09-03T07:40:02.772+0000] {logging_mixin.py:188} INFO - [2026-09-03T07:40:02.772+0000] {dag.py:3954} INFO - Setting next_dagrun for recommendation_model_deployment to None, run_after=None
[2026-09-03T07:40:02.895+0000] {processor.py:183} INFO - Processing /opt/airflow/dags/model_deployment_dag.py took 0.352 seconds
[2026-09-03T07:40:35.769+0000] {processor.py:161} INFO - Started process (PID=577) to work on /opt/airflow/dags/model_deployment_dag.py
[2026-09-03T07:40:35.789+0000] {processor.py:830} INFO - Processing file /opt/airflow/dags/model_deployment_dag.py for tasks to queue
[2026-09-03T07:40:35.832+0000] {logging_mixin.py:188} INFO - [2026-09-03T07:40:35.829+0000] {dagbag.py:545} INFO - Filling up the DagBag from /opt/airflow/dags/model_deployment_dag.py
[2026-09-03T07:40:36.058+0000] {processor.py:840} INFO - DAG(s) 'recommendation_model_deployment' retrieved from /opt/airflow/dags/model_deployment_dag.py
[2026-09-03T07:40:36.174+0000] {logging_mixin.py:188} INFO - [2026-09-03T07:40:36.173+0000] {dag.py:3096} INFO - Sync 1 DAGs
[2026-09-03T07:40:36.196+0000] {logging_mixin.py:188} INFO - [2026-09-03T07:40:36.196+0000] {dag.py:3954} INFO - Setting next_dagrun for recommendation_model_deployment to None, run_after=None
[2026-09-03T07:40:36.295+0000] {processor.py:183} INFO - Processing /opt/airflow/dags/model_deployment_dag.py took 0.694 seconds
[2026-09-03T07:41:08.740+0000] {processor.py:161} INFO - Started process (PID=589) to work on /opt/airflow/dags/model_deployment_dag.py
[2026-09-03T07:41:08.743+0000] {processor.py:830} INFO - Processing file /opt/airflow/dags/model_deployment_dag.py for tasks to queue
[2026-09-03T07:41:08.746+0000] {logging_mixin.py:188} INFO - [2026-09-03T07:41:08.746+0000] {dagbag.py:545} INFO - Filling up the DagBag from /opt/airflow/dags/model_deployment_dag.py
[2026-09-03T07:41:08.834+0000] {processor.py:840} INFO - DAG(s) 'recommendation_model_deployment' retrieved from /opt/airflow/dags/model_deployment_dag.py
[2026-09-03T07:41:08.895+0000] {logging_mixin.py:188} INFO - [2026-09-03T07:41:08.894+0000] {dag.py:3096} INFO - Sync 1 DAGs
[2026-09-03T07:41:08.926+0000] {logging_mixin.py:188} INFO - [2026-09-03T07:41:08.925+0000] {dag.py:3954} INFO - Setting next_dagrun for recommendation_model_deployment to None, run_after=None
[2026-09-03T07:41:09.019+0000] {processor.py:183} INFO - Processing /opt/airflow/dags/model_deployment_dag.py took 0.292 seconds
[2026-09-03T07:41:42.135+0000] {processor.py:161} INFO - Started process (PID=601) to work on /opt/airflow/dags/model_deployment_dag.py
[2026-09-03T07:41:42.137+0000] {processor.py:830} INFO - Processing file /opt/airflow/dags/model_deployment_dag.py for tasks to queue
[2026-09-03T07:41:42.140+0000] {logging_mixin.py:188} INFO - [2026-09-03T07:41:42.139+0000] {dagbag.py:545} INFO - Filling up the DagBag from /opt/airflow/dags/model_deployment_dag.py
[2026-09-03T07:41:42.225+0000] {processor.py:840} INFO - DAG(s) 'recommendation_model_deployment' retrieved from /opt/airflow/dags/model_deployment_dag.py
[2026-09-03T07:41:42.296+0000] {logging_mixin.py:188} INFO - [2026-09-03T07:41:42.296+0000] {dag.py:3096} INFO - Sync 1 DAGs
[2026-09-03T07:41:42.311+0000] {logging_mixin.py:188} INFO - [2026-09-03T07:41:42.311+0000] {dag.py:3954} INFO - Setting next_dagrun for recommendation_model_deployment to None, run_after=None
[2026-09-03T07:41:42.411+0000] {processor.py:183} INFO - Processing /opt/airflow/dags/model_deployment_dag.py took 0.288 seconds
[2026-09-03T07:42:15.018+0000] {processor.py:161} INFO - Started process (PID=613) to work on /opt/airflow/dags/model_deployment_dag.py
[2026-09-03T07:42:15.020+0000] {processor.py:830} INFO - Processing file /opt/airflow/dags/model_deployment_dag.py for tasks to queue
[2026-09-03T07:42:15.023+0000] {logging_mixin.py:188} INFO - [2026-09-03T07:42:15.023+0000] {dagbag.py:545} INFO - Filling up the DagBag from /opt/airflow/dags/model_deployment_dag.py
[2026-09-03T07:42:15.086+0000] {processor.py:840} INFO - DAG(s) 'recommendation_model_deployment' retrieved from /opt/airflow/dags/model_deployment_dag.py
[2026-09-03T07:42:15.120+0000] {logging_mixin.py:188} INFO - [2026-09-03T07:42:15.120+0000] {dag.py:3096} INFO - Sync 1 DAGs
[2026-09-03T07:42:15.138+0000] {logging_mixin.py:188} INFO - [2026-09-03T07:42:15.137+0000] {dag.py:3954} INFO - Setting next_dagrun for recommendation_model_deployment to None, run_after=None
[2026-09-03T07:42:15.238+0000] {processor.py:183} INFO - Processing /opt/airflow/dags/model_deployment_dag.py took 0.232 seconds
[2026-09-03T07:42:48.219+0000] {processor.py:161} INFO - Started process (PID=625) to work on /opt/airflow/dags/model_deployment_dag.py
[2026-09-03T07:42:48.220+0000] {processor.py:830} INFO - Processing file /opt/airflow/dags/model_deployment_dag.py for tasks to queue
[2026-09-03T07:42:48.222+0000] {logging_mixin.py:188} INFO - [2026-09-03T07:42:48.221+0000] {dagbag.py:545} INFO - Filling up the DagBag from /opt/airflow/dags/model_deployment_dag.py
[2026-09-03T07:42:48.268+0000] {processor.py:840} INFO - DAG(s) 'recommendation_model_deployment' retrieved from /opt/airflow/dags/model_deployment_dag.py
[2026-09-03T07:42:48.296+0000] {logging_mixin.py:188} INFO - [2026-09-03T07:42:48.296+0000] {dag.py:3096} INFO - Sync 1 DAGs
[2026-09-03T07:42:48.307+0000] {logging_mixin.py:188} INFO - [2026-09-03T07:42:48.307+0000] {dag.py:3954} INFO - Setting next_dagrun for recommendation_model_deployment to None, run_after=None
[2026-09-03T07:42:48.355+0000] {processor.py:183} INFO - Processing /opt/airflow/dags/model_deployment_dag.py took 0.143 seconds
[2026-09-03T07:43:22.882+0000] {processor.py:161} INFO - Started process (PID=638) to work on /opt/airflow/dags/model_deployment_dag.py
[2026-09-03T07:43:22.883+0000] {processor.py:830} INFO - Processing file /opt/airflow/dags/model_deployment_dag.py for tasks to queue
[2026-09-03T07:43:22.886+0000] {logging_mixin.py:188} INFO - [2026-09-03T07:43:22.885+0000] {dagbag.py:545} INFO - Filling up the DagBag from /opt/airflow/dags/model_deployment_dag.py
[2026-09-03T07:43:22.941+0000] {processor.py:840} INFO - DAG(s) 'recommendation_model_deployment' retrieved from /opt/airflow/dags/model_deployment_dag.py
[2026-09-03T07:43:22.981+0000] {logging_mixin.py:188} INFO - [2026-09-03T07:43:22.981+0000] {dag.py:3096} INFO - Sync 1 DAGs
[2026-09-03T07:43:22.996+0000] {logging_mixin.py:188} INFO - [2026-09-03T07:43:22.996+0000] {dag.py:3954} INFO - Setting next_dagrun for recommendation_model_deployment to None, run_after=None
[2026-09-03T07:43:23.082+0000] {processor.py:183} INFO - Processing /opt/airflow/dags/model_deployment_dag.py took 0.208 seconds
[2026-09-03T07:43:56.000+0000] {processor.py:161} INFO - Started process (PID=649) to work on /opt/airflow/dags/model_deployment_dag.py
[2026-09-03T07:43:56.002+0000] {processor.py:830} INFO - Processing file /opt/airflow/dags/model_deployment_dag.py for tasks to queue
[2026-09-03T07:43:56.005+0000] {logging_mixin.py:188} INFO - [2026-09-03T07:43:56.005+0000] {dagbag.py:545} INFO - Filling up the DagBag from /opt/airflow/dags/model_deployment_dag.py
[2026-09-03T07:43:56.185+0000] {processor.py:840} INFO - DAG(s) 'recommendation_model_deployment' retrieved from /opt/airflow/dags/model_deployment_dag.py
[2026-09-03T07:43:56.288+0000] {logging_mixin.py:188} INFO - [2026-09-03T07:43:56.288+0000] {dag.py:3096} INFO - Sync 1 DAGs
[2026-09-03T07:43:56.310+0000] {logging_mixin.py:188} INFO - [2026-09-03T07:43:56.309+0000] {dag.py:3954} INFO - Setting next_dagrun for recommendation_model_deployment to None, run_after=None
[2026-09-03T07:43:56.419+0000] {processor.py:183} INFO - Processing /opt/airflow/dags/model_deployment_dag.py took 0.446 seconds
[2026-09-03T07:44:29.122+0000] {processor.py:161} INFO - Started process (PID=661) to work on /opt/airflow/dags/model_deployment_dag.py
[2026-09-03T07:44:29.124+0000] {processor.py:830} INFO - Processing file /opt/airflow/dags/model_deployment_dag.py for tasks to queue
[2026-09-03T07:44:29.128+0000] {logging_mixin.py:188} INFO - [2026-09-03T07:44:29.127+0000] {dagbag.py:545} INFO - Filling up the DagBag from /opt/airflow/dags/model_deployment_dag.py
[2026-09-03T07:44:29.239+0000] {processor.py:840} INFO - DAG(s) 'recommendation_model_deployment' retrieved from /opt/airflow/dags/model_deployment_dag.py
[2026-09-03T07:44:29.285+0000] {logging_mixin.py:188} INFO - [2026-09-03T07:44:29.285+0000] {dag.py:3096} INFO - Sync 1 DAGs
[2026-09-03T07:44:29.302+0000] {logging_mixin.py:188} INFO - [2026-09-03T07:44:29.302+0000] {dag.py:3954} INFO - Setting next_dagrun for recommendation_model_deployment to None, run_after=None
[2026-09-03T07:44:29.379+0000] {processor.py:183} INFO - Processing /opt/airflow/dags/model_deployment_dag.py took 0.272 seconds
[2026-09-03T07:45:01.764+0000] {processor.py:161} INFO - Started process (PID=673) to work on /opt/airflow/dags/model_deployment_dag.py
[2026-09-03T07:45:01.766+0000] {processor.py:830} INFO - Processing file /opt/airflow/dags/model_deployment_dag.py for tasks to queue
[2026-09-03T07:45:01.769+0000] {logging_mixin.py:188} INFO - [2026-09-03T07:45:01.769+0000] {dagbag.py:545} INFO - Filling up the DagBag from /opt/airflow/dags/model_deployment_dag.py
[2026-09-03T07:45:01.902+0000] {processor.py:840} INFO - DAG(s) 'recommendation_model_deployment' retrieved from /opt/airflow/dags/model_deployment_dag.py
[2026-09-03T07:45:01.956+0000] {logging_mixin.py:188} INFO - [2026-09-03T07:45:01.956+0000] {dag.py:3096} INFO - Sync 1 DAGs
[2026-09-03T07:45:01.973+0000] {logging_mixin.py:188} INFO - [2026-09-03T07:45:01.973+0000] {dag.py:3954} INFO - Setting next_dagrun for recommendation_model_deployment to None, run_after=None
[2026-09-03T07:45:02.047+0000] {processor.py:183} INFO - Processing /opt/airflow/dags/model_deployment_dag.py took 0.297 seconds
[2026-09-03T07:45:34.936+0000] {processor.py:161} INFO - Started process (PID=685) to work on /opt/airflow/dags/model_deployment_dag.py
[2026-09-03T07:45:34.938+0000] {processor.py:830} INFO - Processing file /opt/airflow/dags/model_deployment_dag.py for tasks to queue
[2026-09-03T07:45:34.942+0000] {logging_mixin.py:188} INFO - [2026-09-03T07:45:34.941+0000] {dagbag.py:545} INFO - Filling up the DagBag from /opt/airflow/dags/model_deployment_dag.py
[2026-09-03T07:45:35.017+0000] {processor.py:840} INFO - DAG(s) 'recommendation_model_deployment' retrieved from /opt/airflow/dags/model_deployment_dag.py
[2026-09-03T07:45:35.067+0000] {logging_mixin.py:188} INFO - [2026-09-03T07:45:35.066+0000] {dag.py:3096} INFO - Sync 1 DAGs
[2026-09-03T07:45:35.088+0000] {logging_mixin.py:188} INFO - [2026-09-03T07:45:35.088+0000] {dag.py:3954} INFO - Setting next_dagrun for recommendation_model_deployment to None, run_after=None
[2026-09-03T07:45:35.174+0000] {processor.py:183} INFO - Processing /opt/airflow/dags/model_deployment_dag.py took 0.251 seconds
[2026-09-03T07:46:08.091+0000] {processor.py:161} INFO - Started process (PID=697) to work on /opt/airflow/dags/model_deployment_dag.py
[2026-09-03T07:46:08.093+0000] {processor.py:830} INFO - Processing file /opt/airflow/dags/model_deployment_dag.py for tasks to queue
[2026-09-03T07:46:08.140+0000] {logging_mixin.py:188} INFO - [2026-09-03T07:46:08.139+0000] {dagbag.py:545} INFO - Filling up the DagBag from /opt/airflow/dags/model_deployment_dag.py
[2026-09-03T07:46:08.270+0000] {processor.py:840} INFO - DAG(s) 'recommendation_model_deployment' retrieved from /opt/airflow/dags/model_deployment_dag.py
[2026-09-03T07:46:08.433+0000] {logging_mixin.py:188} INFO - [2026-09-03T07:46:08.433+0000] {dag.py:3096} INFO - Sync 1 DAGs
[2026-09-03T07:46:08.477+0000] {logging_mixin.py:188} INFO - [2026-09-03T07:46:08.476+0000] {dag.py:3954} INFO - Setting next_dagrun for recommendation_model_deployment to None, run_after=None
[2026-09-03T07:46:08.002+0000] {processor.py:183} INFO - Processing /opt/airflow/dags/model_deployment_dag.py took 0.583 seconds
[2026-09-03T07:46:39.802+0000] {processor.py:161} INFO - Started process (PID=709) to work on /opt/airflow/dags/model_deployment_dag.py
[2026-09-03T07:46:39.803+0000] {processor.py:830} INFO - Processing file /opt/airflow/dags/model_deployment_dag.py for tasks to queue
[2026-09-03T07:46:39.805+0000] {logging_mixin.py:188} INFO - [2026-09-03T07:46:39.805+0000] {dagbag.py:545} INFO - Filling up the DagBag from /opt/airflow/dags/model_deployment_dag.py
[2026-09-03T07:46:39.896+0000] {processor.py:840} INFO - DAG(s) 'recommendation_model_deployment' retrieved from /opt/airflow/dags/model_deployment_dag.py
[2026-09-03T07:46:39.972+0000] {logging_mixin.py:188} INFO - [2026-09-03T07:46:39.971+0000] {dag.py:3096} INFO - Sync 1 DAGs
[2026-09-03T07:46:39.990+0000] {logging_mixin.py:188} INFO - [2026-09-03T07:46:39.989+0000] {dag.py:3954} INFO - Setting next_dagrun for recommendation_model_deployment to None, run_after=None
[2026-09-03T07:46:40.089+0000] {processor.py:183} INFO - Processing /opt/airflow/dags/model_deployment_dag.py took 0.297 seconds
[2026-09-03T07:47:12.838+0000] {processor.py:161} INFO - Started process (PID=721) to work on /opt/airflow/dags/model_deployment_dag.py
[2026-09-03T07:47:12.841+0000] {processor.py:830} INFO - Processing file /opt/airflow/dags/model_deployment_dag.py for tasks to queue
[2026-09-03T07:47:12.845+0000] {logging_mixin.py:188} INFO - [2026-09-03T07:47:12.844+0000] {dagbag.py:545} INFO - Filling up the DagBag from /opt/airflow/dags/model_deployment_dag.py
[2026-09-03T07:47:12.907+0000] {processor.py:840} INFO - DAG(s) 'recommendation_model_deployment' retrieved from /opt/airflow/dags/model_deployment_dag.py
[2026-09-03T07:47:12.934+0000] {logging_mixin.py:188} INFO - [2026-09-03T07:47:12.934+0000] {dag.py:3096} INFO - Sync 1 DAGs
[2026-09-03T07:47:12.946+0000] {logging_mixin.py:188} INFO - [2026-09-03T07:47:12.946+0000] {dag.py:3954} INFO - Setting next_dagrun for recommendation_model_deployment to None, run_after=None
[2026-09-03T07:47:13.030+0000] {processor.py:183} INFO - Processing /opt/airflow/dags/model_deployment_dag.py took 0.204 seconds
[2026-09-03T07:47:46.288+0000] {processor.py:161} INFO - Started process (PID=733) to work on /opt/airflow/dags/model_deployment_dag.py
[2026-09-03T07:47:46.290+0000] {processor.py:830} INFO - Processing file /opt/airflow/dags/model_deployment_dag.py for tasks to queue
[2026-09-03T07:47:46.296+0000] {logging_mixin.py:188} INFO - [2026-09-03T07:47:46.294+0000] {dagbag.py:545} INFO - Filling up the DagBag from /opt/airflow/dags/model_deployment_dag.py
[2026-09-03T07:47:46.506+0000] {processor.py:840} INFO - DAG(s) 'recommendation_model_deployment' retrieved from /opt/airflow/dags/model_deployment_dag.py
[2026-09-03T07:47:46.626+0000] {logging_mixin.py:188} INFO - [2026-09-03T07:47:46.626+0000] {dag.py:3096} INFO - Sync 1 DAGs
[2026-09-03T07:47:46.642+0000] {logging_mixin.py:188} INFO - [2026-09-03T07:47:46.642+0000] {dag.py:3954} INFO - Setting next_dagrun for recommendation_model_deployment to None, run_after=None
[2026-09-03T07:47:46.729+0000] {processor.py:183} INFO - Processing /opt/airflow/dags/model_deployment_dag.py took 0.519 seconds
[2026-09-03T07:48:18.842+0000] {processor.py:161} INFO - Started process (PID=745) to work on /opt/airflow/dags/model_deployment_dag.py
[2026-09-03T07:48:18.844+0000] {processor.py:830} INFO - Processing file /opt/airflow/dags/model_deployment_dag.py for tasks to queue
[2026-09-03T07:48:18.848+0000] {logging_mixin.py:188} INFO - [2026-09-03T07:48:18.848+0000] {dagbag.py:545} INFO - Filling up the DagBag from /opt/airflow/dags/model_deployment_dag.py
[2026-09-03T07:48:18.900+0000] {processor.py:840} INFO - DAG(s) 'recommendation_model_deployment' retrieved from /opt/airflow/dags/model_deployment_dag.py
[2026-09-03T07:48:18.926+0000] {logging_mixin.py:188} INFO - [2026-09-03T07:48:18.926+0000] {dag.py:3096} INFO - Sync 1 DAGs
[2026-09-03T07:48:18.941+0000] {logging_mixin.py:188} INFO - [2026-09-03T07:48:18.941+0000] {dag.py:3954} INFO - Setting next_dagrun for recommendation_model_deployment to None, run_after=None
[2026-09-03T07:48:18.993+0000] {processor.py:183} INFO - Processing /opt/airflow/dags/model_deployment_dag.py took 0.166 seconds
[2026-09-03T07:48:52.411+0000] {processor.py:161} INFO - Started process (PID=757) to work on /opt/airflow/dags/model_deployment_dag.py
[2026-09-03T07:48:52.422+0000] {processor.py:830} INFO - Processing file /opt/airflow/dags/model_deployment_dag.py for tasks to queue
[2026-09-03T07:48:52.426+0000] {logging_mixin.py:188} INFO - [2026-09-03T07:48:52.425+0000] {dagbag.py:545} INFO - Filling up the DagBag from /opt/airflow/dags/model_deployment_dag.py
[2026-09-03T07:48:52.539+0000] {processor.py:840} INFO - DAG(s) 'recommendation_model_deployment' retrieved from /opt/airflow/dags/model_deployment_dag.py
[2026-09-03T07:48:52.606+0000] {logging_mixin.py:188} INFO - [2026-09-03T07:48:52.606+0000] {dag.py:3096} INFO - Sync 1 DAGs
[2026-09-03T07:48:52.625+0000] {logging_mixin.py:188} INFO - [2026-09-03T07:48:52.624+0000] {dag.py:3954} INFO - Setting next_dagrun for recommendation_model_deployment to None, run_after=None
[2026-09-03T07:48:52.723+0000] {processor.py:183} INFO - Processing /opt/airflow/dags/model_deployment_dag.py took 0.391 seconds
[2026-09-03T07:49:25.885+0000] {processor.py:161} INFO - Started process (PID=769) to work on /opt/airflow/dags/model_deployment_dag.py
[2026-09-03T07:49:25.891+0000] {processor.py:830} INFO - Processing file /opt/airflow/dags/model_deployment_dag.py for tasks to queue
[2026-09-03T07:49:25.896+0000] {logging_mixin.py:188} INFO - [2026-09-03T07:49:25.895+0000] {dagbag.py:545} INFO - Filling up the DagBag from /opt/airflow/dags/model_deployment_dag.py
[2026-09-03T07:49:25.997+0000] {processor.py:840} INFO - DAG(s) 'recommendation_model_deployment' retrieved from /opt/airflow/dags/model_deployment_dag.py
[2026-09-03T07:49:26.061+0000] {logging_mixin.py:188} INFO - [2026-09-03T07:49:26.061+0000] {dag.py:3096} INFO - Sync 1 DAGs
[2026-09-03T07:49:26.080+0000] {logging_mixin.py:188} INFO - [2026-09-03T07:49:26.080+0000] {dag.py:3954} INFO - Setting next_dagrun for recommendation_model_deployment to None, run_after=None
[2026-09-03T07:49:26.180+0000] {processor.py:183} INFO - Processing /opt/airflow/dags/model_deployment_dag.py took 0.374 seconds
[2026-09-03T07:49:57.976+0000] {processor.py:161} INFO - Started process (PID=781) to work on /opt/airflow/dags/model_deployment_dag.py
[2026-09-03T07:49:57.978+0000] {processor.py:830} INFO - Processing file /opt/airflow/dags/model_deployment_dag.py for tasks to queue
[2026-09-03T07:49:57.981+0000] {logging_mixin.py:188} INFO - [2026-09-03T07:49:57.981+0000] {dagbag.py:545} INFO - Filling up the DagBag from /opt/airflow/dags/model_deployment_dag.py
[2026-09-03T07:49:58.062+0000] {processor.py:840} INFO - DAG(s) 'recommendation_model_deployment' retrieved from /opt/airflow/dags/model_deployment_dag.py
[2026-09-03T07:49:58.128+0000] {logging_mixin.py:188} INFO - [2026-09-03T07:49:58.128+0000] {dag.py:3096} INFO - Sync 1 DAGs
[2026-09-03T07:49:58.153+0000] {logging_mixin.py:188} INFO - [2026-09-03T07:49:58.153+0000] {dag.py:3954} INFO - Setting next_dagrun for recommendation_model_deployment to None, run_after=None
[2026-09-03T07:49:58.251+0000] {processor.py:183} INFO - Processing /opt/airflow/dags/model_deployment_dag.py took 0.287 seconds
[2026-09-03T07:50:31.526+0000] {processor.py:161} INFO - Started process (PID=793) to work on /opt/airflow/dags/model_deployment_dag.py
[2026-09-03T07:50:31.535+0000] {processor.py:830} INFO - Processing file /opt/airflow/dags/model_deployment_dag.py for tasks to queue
[2026-09-03T07:50:31.577+0000] {logging_mixin.py:188} INFO - [2026-09-03T07:50:31.571+0000] {dagbag.py:545} INFO - Filling up the DagBag from /opt/airflow/dags/model_deployment_dag.py
[2026-09-03T07:50:31.695+0000] {processor.py:840} INFO - DAG(s) 'recommendation_model_deployment' retrieved from /opt/airflow/dags/model_deployment_dag.py
[2026-09-03T07:50:31.758+0000] {logging_mixin.py:188} INFO - [2026-09-03T07:50:31.758+0000] {dag.py:3096} INFO - Sync 1 DAGs
[2026-09-03T07:50:31.778+0000] {logging_mixin.py:188} INFO - [2026-09-03T07:50:31.778+0000] {dag.py:3954} INFO - Setting next_dagrun for recommendation_model_deployment to None, run_after=None
[2026-09-03T07:50:31.899+0000] {processor.py:183} INFO - Processing /opt/airflow/dags/model_deployment_dag.py took 0.430 seconds
[2026-09-03T07:51:04.704+0000] {processor.py:161} INFO - Started process (PID=805) to work on /opt/airflow/dags/model_deployment_dag.py
[2026-09-03T07:51:04.706+0000] {processor.py:830} INFO - Processing file /opt/airflow/dags/model_deployment_dag.py for tasks to queue
[2026-09-03T07:51:04.709+0000] {logging_mixin.py:188} INFO - [2026-09-03T07:51:04.708+0000] {dagbag.py:545} INFO - Filling up the DagBag from /opt/airflow/dags/model_deployment_dag.py
[2026-09-03T07:51:04.815+0000] {processor.py:840} INFO - DAG(s) 'recommendation_model_deployment' retrieved from /opt/airflow/dags/model_deployment_dag.py
[2026-09-03T07:51:04.883+0000] {logging_mixin.py:188} INFO - [2026-09-03T07:51:04.882+0000] {dag.py:3096} INFO - Sync 1 DAGs
[2026-09-03T07:51:04.900+0000] {logging_mixin.py:188} INFO - [2026-09-03T07:51:04.900+0000] {dag.py:3954} INFO - Setting next_dagrun for recommendation_model_deployment to None, run_after=None
[2026-09-03T07:51:04.984+0000] {processor.py:183} INFO - Processing /opt/airflow/dags/model_deployment_dag.py took 0.294 seconds
[2026-09-03T07:51:38.151+0000] {processor.py:161} INFO - Started process (PID=817) to work on /opt/airflow/dags/model_deployment_dag.py
[2026-09-03T07:51:38.169+0000] {processor.py:830} INFO - Processing file /opt/airflow/dags/model_deployment_dag.py for tasks to queue
[2026-09-03T07:51:38.178+0000] {logging_mixin.py:188} INFO - [2026-09-03T07:51:38.178+0000] {dagbag.py:545} INFO - Filling up the DagBag from /opt/airflow/dags/model_deployment_dag.py
[2026-09-03T07:51:38.382+0000] {processor.py:840} INFO - DAG(s) 'recommendation_model_deployment' retrieved from /opt/airflow/dags/model_deployment_dag.py
[2026-09-03T07:51:38.515+0000] {logging_mixin.py:188} INFO - [2026-09-03T07:51:38.514+0000] {dag.py:3096} INFO - Sync 1 DAGs
[2026-09-03T07:51:38.565+0000] {logging_mixin.py:188} INFO - [2026-09-03T07:51:38.565+0000] {dag.py:3954} INFO - Setting next_dagrun for recommendation_model_deployment to None, run_after=None
[2026-09-03T07:51:38.679+0000] {processor.py:183} INFO - Processing /opt/airflow/dags/model_deployment_dag.py took 0.548 seconds
[2026-09-03T07:52:11.286+0000] {processor.py:161} INFO - Started process (PID=829) to work on /opt/airflow/dags/model_deployment_dag.py
[2026-09-03T07:52:11.287+0000] {processor.py:830} INFO - Processing file /opt/airflow/dags/model_deployment_dag.py for tasks to queue
[2026-09-03T07:52:11.290+0000] {logging_mixin.py:188} INFO - [2026-09-03T07:52:11.289+0000] {dagbag.py:545} INFO - Filling up the DagBag from /opt/airflow/dags/model_deployment_dag.py
[2026-09-03T07:52:11.337+0000] {processor.py:840} INFO - DAG(s) 'recommendation_model_deployment' retrieved from /opt/airflow/dags/model_deployment_dag.py
[2026-09-03T07:52:11.364+0000] {logging_mixin.py:188} INFO - [2026-09-03T07:52:11.364+0000] {dag.py:3096} INFO - Sync 1 DAGs
[2026-09-03T07:52:11.376+0000] {logging_mixin.py:188} INFO - [2026-09-03T07:52:11.376+0000] {dag.py:3954} INFO - Setting next_dagrun for recommendation_model_deployment to None, run_after=None
[2026-09-03T07:52:11.453+0000] {processor.py:183} INFO - Processing /opt/airflow/dags/model_deployment_dag.py took 0.178 seconds
[2026-09-03T07:52:44.688+0000] {processor.py:161} INFO - Started process (PID=841) to work on /opt/airflow/dags/model_deployment_dag.py
[2026-09-03T07:52:44.689+0000] {processor.py:830} INFO - Processing file /opt/airflow/dags/model_deployment_dag.py for tasks to queue
[2026-09-03T07:52:44.692+0000] {logging_mixin.py:188} INFO - [2026-09-03T07:52:44.691+0000] {dagbag.py:545} INFO - Filling up the DagBag from /opt/airflow/dags/model_deployment_dag.py
[2026-09-03T07:52:44.771+0000] {processor.py:840} INFO - DAG(s) 'recommendation_model_deployment' retrieved from /opt/airflow/dags/model_deployment_dag.py
[2026-09-03T07:52:44.805+0000] {logging_mixin.py:188} INFO - [2026-09-03T07:52:44.805+0000] {dag.py:3096} INFO - Sync 1 DAGs
[2026-09-03T07:52:44.820+0000] {logging_mixin.py:188} INFO - [2026-09-03T07:52:44.819+0000] {dag.py:3954} INFO - Setting next_dagrun for recommendation_model_deployment to None, run_after=None
[2026-09-03T07:52:44.902+0000] {processor.py:183} INFO - Processing /opt/airflow/dags/model_deployment_dag.py took 0.229 seconds
[2026-09-03T07:53:16.923+0000] {processor.py:161} INFO - Started process (PID=853) to work on /opt/airflow/dags/model_deployment_dag.py
[2026-09-03T07:53:16.924+0000] {processor.py:830} INFO - Processing file /opt/airflow/dags/model_deployment_dag.py for tasks to queue
[2026-09-03T07:53:16.930+0000] {logging_mixin.py:188} INFO - [2026-09-03T07:53:16.929+0000] {dagbag.py:545} INFO - Filling up the DagBag from /opt/airflow/dags/model_deployment_dag.py
[2026-09-03T07:53:16.326+0000] {processor.py:840} INFO - DAG(s) 'recommendation_model_deployment' retrieved from /opt/airflow/dags/model_deployment_dag.py
[2026-09-03T07:53:16.356+0000] {logging_mixin.py:188} INFO - [2026-09-03T07:53:16.356+0000] {dag.py:3096} INFO - Sync 1 DAGs
[2026-09-03T07:53:16.368+0000] {logging_mixin.py:188} INFO - [2026-09-03T07:53:16.368+0000] {dag.py:3954} INFO - Setting next_dagrun for recommendation_model_deployment to None, run_after=None
[2026-09-03T07:53:16.473+0000] {processor.py:183} INFO - Processing /opt/airflow/dags/model_deployment_dag.py took 0.224 seconds
[2026-09-03T07:53:47.125+0000] {processor.py:161} INFO - Started process (PID=855) to work on /opt/airflow/dags/model_deployment_dag.py
[2026-09-03T07:53:47.127+0000] {processor.py:830} INFO - Processing file /opt/airflow/dags/model_deployment_dag.py for tasks to queue
[2026-09-03T07:53:47.130+0000] {logging_mixin.py:188} INFO - [2026-09-03T07:53:47.129+0000] {dagbag.py:545} INFO - Filling up the DagBag from /opt/airflow/dags/model_deployment_dag.py
[2026-09-03T07:53:47.178+0000] {processor.py:840} INFO - DAG(s) 'recommendation_model_deployment' retrieved from /opt/airflow/dags/model_deployment_dag.py
[2026-09-03T07:53:47.208+0000] {logging_mixin.py:188} INFO - [2026-09-03T07:53:47.208+0000] {dag.py:3096} INFO - Sync 1 DAGs
[2026-09-03T07:53:47.223+0000] {logging_mixin.py:188} INFO - [2026-09-03T07:53:47.223+0000] {dag.py:3954} INFO - Setting next_dagrun for recommendation_model_deployment to None, run_after=None
[2026-09-03T07:53:47.281+0000] {processor.py:183} INFO - Processing /opt/airflow/dags/model_deployment_dag.py took 0.166 seconds
[2026-09-03T07:54:17.822+0000] {processor.py:161} INFO - Started process (PID=867) to work on /opt/airflow/dags/model_deployment_dag.py
[2026-09-03T07:54:17.825+0000] {processor.py:830} INFO - Processing file /opt/airflow/dags/model_deployment_dag.py for tasks to queue
[2026-09-03T07:54:17.829+0000] {logging_mixin.py:188} INFO - [2026-09-03T07:54:17.828+0000] {dagbag.py:545} INFO - Filling up the DagBag from /opt/airflow/dags/model_deployment_dag.py
[2026-09-03T07:54:17.929+0000] {processor.py:840} INFO - DAG(s) 'recommendation_model_deployment' retrieved from /opt/airflow/dags/model_deployment_dag.py
[2026-09-03T07:54:17.994+0000] {logging_mixin.py:188} INFO - [2026-09-03T07:54:17.994+0000] {dag.py:3096} INFO - Sync 1 DAGs
[2026-09-03T07:54:18.021+0000] {logging_mixin.py:188} INFO - [2026-09-03T07:54:18.020+0000] {dag.py:3954} INFO - Setting next_dagrun for recommendation_model_deployment to None, run_after=None
[2026-09-03T07:54:18.128+0000] {processor.py:183} INFO - Processing /opt/airflow/dags/model_deployment_dag.py took 0.319 seconds
[2026-09-03T07:54:48.544+0000] {processor.py:161} INFO - Started process (PID=879) to work on /opt/airflow/dags/model_deployment_dag.py
[2026-09-03T07:54:48.546+0000] {processor.py:830} INFO - Processing file /opt/airflow/dags/model_deployment_dag.py for tasks to queue
[2026-09-03T07:54:48.551+0000] {logging_mixin.py:188} INFO - [2026-09-03T07:54:48.550+0000] {dagbag.py:545} INFO - Filling up the DagBag from /opt/airflow/dags/model_deployment_dag.py
[2026-09-03T07:54:48.661+0000] {processor.py:840} INFO - DAG(s) 'recommendation_model_deployment' retrieved from /opt/airflow/dags/model_deployment_dag.py
[2026-09-03T07:54:48.732+0000] {logging_mixin.py:188} INFO - [2026-09-03T07:54:48.732+0000] {dag.py:3096} INFO - Sync 1 DAGs
[2026-09-03T07:54:48.761+0000] {logging_mixin.py:188} INFO - [2026-09-03T07:54:48.761+0000] {dag.py:3954} INFO - Setting next_dagrun for recommendation_model_deployment to None, run_after=None
[2026-09-03T07:54:48.869+0000] {processor.py:183} INFO - Processing /opt/airflow/dags/model_deployment_dag.py took 0.348 seconds
[2026-09-03T07:55:19.142+0000] {processor.py:161} INFO - Started process (PID=891) to work on /opt/airflow/dags/model_deployment_dag.py
[2026-09-03T07:55:19.144+0000] {processor.py:830} INFO - Processing file /opt/airflow/dags/model_deployment_dag.py for tasks to queue
[2026-09-03T07:55:19.147+0000] {logging_mixin.py:188} INFO - [2026-09-03T07:55:19.146+0000] {dagbag.py:545} INFO - Filling up the DagBag from /opt/airflow/dags/model_deployment_dag.py
[2026-09-03T07:55:19.264+0000] {processor.py:840} INFO - DAG(s) 'recommendation_model_deployment' retrieved from /opt/airflow/dags/model_deployment_dag.py
[2026-09-03T07:55:19.367+0000] {logging_mixin.py:188} INFO - [2026-09-03T07:55:19.367+0000] {dag.py:3096} INFO - Sync 1 DAGs
[2026-09-03T07:55:19.400+0000] {logging_mixin.py:188} INFO - [2026-09-03T07:55:19.400+0000] {dag.py:3954} INFO - Setting next_dagrun for recommendation_model_deployment to None, run_after=None
[2026-09-03T07:55:19.537+0000] {processor.py:183} INFO - Processing /opt/airflow/dags/model_deployment_dag.py took 0.409 seconds
[2026-09-03T07:55:50.403+0000] {processor.py:161} INFO - Started process (PID=903) to work on /opt/airflow/dags/model_deployment_dag.py
[2026-09-03T07:55:50.407+0000] {processor.py:830} INFO - Processing file /opt/airflow/dags/model_deployment_dag.py for tasks to queue
[2026-09-03T07:55:50.413+0000] {logging_mixin.py:188} INFO - [2026-09-03T07:55:50.412+0000] {dagbag.py:545} INFO - Filling up the DagBag from /opt/airflow/dags/model_deployment_dag.py
[2026-09-03T07:55:50.522+0000] {processor.py:840} INFO - DAG(s) 'recommendation_model_deployment' retrieved from /opt/airflow/dags/model_deployment_dag.py
[2026-09-03T07:55:50.596+0000] {logging_mixin.py:188} INFO - [2026-09-03T07:55:50.596+0000] {dag.py:3096} INFO - Sync 1 DAGs
[2026-09-03T07:55:50.616+0000] {logging_mixin.py:188} INFO - [2026-09-03T07:55:50.616+0000] {dag.py:3954} INFO - Setting next_dagrun for recommendation_model_deployment to None, run_after=None
[2026-09-03T07:55:50.692+0000] {processor.py:183} INFO - Processing /opt/airflow/dags/model_deployment_dag.py took 0.304 seconds
[2026-09-03T07:56:21.565+0000] {processor.py:161} INFO - Started process (PID=915) to work on /opt/airflow/dags/model_deployment_dag.py
[2026-09-03T07:56:21.567+0000] {processor.py:830} INFO - Processing file /opt/airflow/dags/model_deployment_dag.py for tasks to queue
[2026-09-03T07:56:21.572+0000] {logging_mixin.py:188} INFO - [2026-09-03T07:56:21.571+0000] {dagbag.py:545} INFO - Filling up the DagBag from /opt/airflow/dags/model_deployment_dag.py
[2026-09-03T07:56:21.713+0000] {processor.py:840} INFO - DAG(s) 'recommendation_model_deployment' retrieved from /opt/airflow/dags/model_deployment_dag.py
[2026-09-03T07:56:21.778+0000] {logging_mixin.py:188} INFO - [2026-09-03T07:56:21.777+0000] {dag.py:3096} INFO - Sync 1 DAGs
[2026-09-03T07:56:21.799+0000] {logging_mixin.py:188} INFO - [2026-09-03T07:56:21.798+0000] {dag.py:3954} INFO - Setting next_dagrun for recommendation_model_deployment to None, run_after=None
[2026-09-03T07:56:21.877+0000] {processor.py:183} INFO - Processing /opt/airflow/dags/model_deployment_dag.py took 0.344 seconds
[2026-09-03T07:56:52.108+0000] {processor.py:161} INFO - Started process (PID=927) to work on /opt/airflow/dags/model_deployment_dag.py
[2026-09-03T07:56:52.110+0000] {processor.py:830} INFO - Processing file /opt/airflow/dags/model_deployment_dag.py for tasks to queue
[2026-09-03T07:56:52.113+0000] {logging_mixin.py:188} INFO - [2026-09-03T07:56:52.113+0000] {dagbag.py:545} INFO - Filling up the DagBag from /opt/airflow/dags/model_deployment_dag.py
[2026-09-03T07:56:52.207+0000] {processor.py:840} INFO - DAG(s) 'recommendation_model_deployment' retrieved from /opt/airflow/dags/model_deployment_dag.py
[2026-09-03T07:56:52.287+0000] {logging_mixin.py:188} INFO - [2026-09-03T07:56:52.287+0000] {dag.py:3096} INFO - Sync 1 DAGs
[2026-09-03T07:56:52.308+0000] {logging_mixin.py:188} INFO - [2026-09-03T07:56:52.307+0000] {dag.py:3954} INFO - Setting next_dagrun for recommendation_model_deployment to None, run_after=None
[2026-09-03T07:56:52.466+0000] {processor.py:183} INFO - Processing /opt/airflow/dags/model_deployment_dag.py took 0.372 seconds
[2026-09-03T07:57:23.082+0000] {processor.py:161} INFO - Started process (PID=939) to work on /opt/airflow/dags/model_deployment_dag.py
[2026-09-03T07:57:23.084+0000] {processor.py:830} INFO - Processing file /opt/airflow/dags/model_deployment_dag.py for tasks to queue
[2026-09-03T07:57:23.087+0000] {logging_mixin.py:188} INFO - [2026-09-03T07:57:23.087+0000] {dagbag.py:545} INFO - Filling up the DagBag from /opt/airflow/dags/model_deployment_dag.py
[2026-09-03T07:57:23.198+0000] {processor.py:840} INFO - DAG(s) 'recommendation_model_deployment' retrieved from /opt/airflow/dags/model_deployment_dag.py
[2026-09-03T07:57:23.297+0000] {logging_mixin.py:188} INFO - [2026-09-03T07:57:23.297+0000] {dag.py:3096} INFO - Sync 1 DAGs
[2026-09-03T07:57:23.318+0000] {logging_mixin.py:188} INFO - [2026-09-03T07:57:23.318+0000] {dag.py:3954} INFO - Setting next_dagrun for recommendation_model_deployment to None, run_after=None
[2026-09-03T07:57:23.440+0000] {processor.py:183} INFO - Processing /opt/airflow/dags/model_deployment_dag.py took 0.372 seconds
[2026-09-03T07:57:54.707+0000] {processor.py:161} INFO - Started process (PID=951) to work on /opt/airflow/dags/model_deployment_dag.py
[2026-09-03T07:57:54.709+0000] {processor.py:830} INFO - Processing file /opt/airflow/dags/model_deployment_dag.py for tasks to queue
[2026-09-03T07:57:54.712+0000] {logging_mixin.py:188} INFO - [2026-09-03T07:57:54.711+0000] {dagbag.py:545} INFO - Filling up the DagBag from /opt/airflow/dags/model_deployment_dag.py
[2026-09-03T07:57:54.799+0000] {processor.py:840} INFO - DAG(s) 'recommendation_model_deployment' retrieved from /opt/airflow/dags/model_deployment_dag.py
[2026-09-03T07:57:54.880+0000] {logging_mixin.py:188} INFO - [2026-09-03T07:57:54.880+0000] {dag.py:3096} INFO - Sync 1 DAGs
[2026-09-03T07:57:54.899+0000] {logging_mixin.py:188} INFO - [2026-09-03T07:57:54.899+0000] {dag.py:3954} INFO - Setting next_dagrun for recommendation_model_deployment to None, run_after=None
[2026-09-03T07:57:54.968+0000] {processor.py:183} INFO - Processing /opt/airflow/dags/model_deployment_dag.py took 0.271 seconds
[2026-09-03T07:58:25.392+0000] {processor.py:161} INFO - Started process (PID=963) to work on /opt/airflow/dags/model_deployment_dag.py
[2026-09-03T07:58:25.395+0000] {processor.py:830} INFO - Processing file /opt/airflow/dags/model_deployment_dag.py for tasks to queue
[2026-09-03T07:58:25.403+0000] {logging_mixin.py:188} INFO - [2026-09-03T07:58:25.402+0000] {dagbag.py:545} INFO - Filling up the DagBag from /opt/airflow/dags/model_deployment_dag.py
[2026-09-03T07:58:25.511+0000] {processor.py:840} INFO - DAG(s) 'recommendation_model_deployment' retrieved from /opt/airflow/dags/model_deployment_dag.py
[2026-09-03T07:58:25.561+0000] {logging_mixin.py:188} INFO - [2026-09-03T07:58:25.561+0000] {dag.py:3096} INFO - Sync 1 DAGs
[2026-09-03T07:58:25.575+0000] {logging_mixin.py:188} INFO - [2026-09-03T07:58:25.575+0000] {dag.py:3954} INFO - Setting next_dagrun for recommendation_model_deployment to None, run_after=None
[2026-09-03T07:58:25.655+0000] {processor.py:183} INFO - Processing /opt/airflow/dags/model_deployment_dag.py took 0.280 seconds
[2026-09-03T07:58:56.318+0000] {processor.py:161} INFO - Started process (PID=975) to work on /opt/airflow/dags/model_deployment_dag.py
[2026-09-03T07:58:56.319+0000] {processor.py:830} INFO - Processing file /opt/airflow/dags/model_deployment_dag.py for tasks to queue
[2026-09-03T07:58:56.321+0000] {logging_mixin.py:188} INFO - [2026-09-03T07:58:56.320+0000] {dagbag.py:545} INFO - Filling up the DagBag from /opt/airflow/dags/model_deployment_dag.py
[2026-09-03T07:58:56.363+0000] {processor.py:840} INFO - DAG(s) 'recommendation_model_deployment' retrieved from /opt/airflow/dags/model_deployment_dag.py
[2026-09-03T07:58:56.403+0000] {logging_mixin.py:188} INFO - [2026-09-03T07:58:56.403+0000] {dag.py:3096} INFO - Sync 1 DAGs
[2026-09-03T07:58:56.418+0000] {logging_mixin.py:188} INFO - [2026-09-03T07:58:56.418+0000] {dag.py:3954} INFO - Setting next_dagrun for recommendation_model_deployment to None, run_after=None
[2026-09-03T07:58:56.542+0000] {processor.py:183} INFO - Processing /opt/airflow/dags/model_deployment_dag.py took 0.233 seconds
[2026-09-03T07:59:26.982+0000] {processor.py:161} INFO - Started process (PID=987) to work on /opt/airflow/dags/model_deployment_dag.py
[2026-09-03T07:59:26.984+0000] {processor.py:830} INFO - Processing file /opt/airflow/dags/model_deployment_dag.py for tasks to queue
[2026-09-03T07:59:26.988+0000] {logging_mixin.py:188} INFO - [2026-09-03T07:59:26.988+0000] {dagbag.py:545} INFO - Filling up the DagBag from /opt/airflow/dags/model_deployment_dag.py
[2026-09-03T07:59:27.100+0000] {processor.py:840} INFO - DAG(s) 'recommendation_model_deployment' retrieved from /opt/airflow/dags/model_deployment_dag.py
[2026-09-03T07:59:27.171+0000] {logging_mixin.py:188} INFO - [2026-09-03T07:59:27.170+0000] {dag.py:3096} INFO - Sync 1 DAGs
[2026-09-03T07:59:27.189+0000] {logging_mixin.py:188} INFO - [2026-09-03T07:59:27.189+0000] {dag.py:3954} INFO - Setting next_dagrun for recommendation_model_deployment to None, run_after=None
[2026-09-03T07:59:27.290+0000] {processor.py:183} INFO - Processing /opt/airflow/dags/model_deployment_dag.py took 0.326 seconds
[2026-09-03T07:59:56.600+0000] {processor.py:161} INFO - Started process (PID=999) to work on /opt/airflow/dags/model_deployment_dag.py
[2026-09-03T07:59:56.603+0000] {processor.py:830} INFO - Processing file /opt/airflow/dags/model_deployment_dag.py for tasks to queue
[2026-09-03T07:59:56.608+0000] {logging_mixin.py:188} INFO - [2026-09-03T07:59:56.607+0000] {dagbag.py:545} INFO - Filling up the DagBag from /opt/airflow/dags/model_deployment_dag.py
[2026-09-03T07:59:56.712+0000] {processor.py:840} INFO - DAG(s) 'recommendation_model_deployment' retrieved from /opt/airflow/dags/model_deployment_dag.py
[2026-09-03T07:59:56.782+0000] {logging_mixin.py:188} INFO - [2026-09-03T07:59:56.782+0000] {dag.py:3096} INFO - Sync 1 DAGs
[2026-09-03T07:59:56.801+0000] {logging_mixin.py:188} INFO - [2026-09-03T07:59:56.801+0000] {dag.py:3954} INFO - Setting next_dagrun for recommendation_model_deployment to None, run_after=None
[2026-09-03T07:59:56.915+0000] {processor.py:183} INFO - Processing /opt/airflow/dags/model_deployment_dag.py took 0.331 seconds
[2026-09-03T08:00:29.195+0000] {processor.py:161} INFO - Started process (PID=1010) to work on /opt/airflow/dags/model_deployment_dag.py
[2026-09-03T08:00:29.198+0000] {processor.py:830} INFO - Processing file /opt/airflow/dags/model_deployment_dag.py for tasks to queue
[2026-09-03T08:00:29.201+0000] {logging_mixin.py:188} INFO - [2026-09-03T08:00:29.201+0000] {dagbag.py:545} INFO - Filling up the DagBag from /opt/airflow/dags/model_deployment_dag.py
[2026-09-03T08:00:29.310+0000] {processor.py:840} INFO - DAG(s) 'recommendation_model_deployment' retrieved from /opt/airflow/dags/model_deployment_dag.py
[2026-09-03T08:00:29.384+0000] {logging_mixin.py:188} INFO - [2026-09-03T08:00:29.383+0000] {dag.py:3096} INFO - Sync 1 DAGs
[2026-09-03T08:00:29.410+0000] {logging_mixin.py:188} INFO - [2026-09-03T08:00:29.410+0000] {dag.py:3954} INFO - Setting next_dagrun for recommendation_model_deployment to None, run_after=None
[2026-09-03T08:00:29.523+0000] {processor.py:183} INFO - Processing /opt/airflow/dags/model_deployment_dag.py took 0.342 seconds
[2026-09-03T08:01:02.205+0000] {processor.py:161} INFO - Started process (PID=1022) to work on /opt/airflow/dags/model_deployment_dag.py
[2026-09-03T08:01:02.212+0000] {processor.py:830} INFO - Processing file /opt/airflow/dags/model_deployment_dag.py for tasks to queue
[2026-09-03T08:01:02.216+0000] {logging_mixin.py:188} INFO - [2026-09-03T08:01:02.215+0000] {dagbag.py:545} INFO - Filling up the DagBag from /opt/airflow/dags/model_deployment_dag.py
[2026-09-03T08:01:02.355+0000] {processor.py:840} INFO - DAG(s) 'recommendation_model_deployment' retrieved from /opt/airflow/dags/model_deployment_dag.py
[2026-09-03T08:01:02.405+0000] {logging_mixin.py:188} INFO - [2026-09-03T08:01:02.405+0000] {dag.py:3096} INFO - Sync 1 DAGs
[2026-09-03T08:01:02.421+0000] {logging_mixin.py:188} INFO - [2026-09-03T08:01:02.420+0000] {dag.py:3954} INFO - Setting next_dagrun for recommendation_model_deployment to None, run_after=None
[2026-09-03T08:01:02.507+0000] {processor.py:183} INFO - Processing /opt/airflow/dags/model_deployment_dag.py took 0.457 seconds
[2026-09-03T08:01:35.642+0000] {processor.py:161} INFO - Started process (PID=1034) to work on /opt/airflow/dags/model_deployment_dag.py
[2026-09-03T08:01:35.644+0000] {processor.py:830} INFO - Processing file /opt/airflow/dags/model_deployment_dag.py for tasks to queue
[2026-09-03T08:01:35.647+0000] {logging_mixin.py:188} INFO - [2026-09-03T08:01:35.647+0000] {dagbag.py:545} INFO - Filling up the DagBag from /opt/airflow/dags/model_deployment_dag.py
[2026-09-03T08:01:35.765+0000] {processor.py:840} INFO - DAG(s) 'recommendation_model_deployment' retrieved from /opt/airflow/dags/model_deployment_dag.py
[2026-09-03T08:01:35.800+0000] {logging_mixin.py:188} INFO - [2026-09-03T08:01:35.800+0000] {dag.py:3096} INFO - Sync 1 DAGs
[2026-09-03T08:01:35.816+0000] {logging_mixin.py:188} INFO - [2026-09-03T08:01:35.816+0000] {dag.py:3954} INFO - Setting next_dagrun for recommendation_model_deployment to None, run_after=None
[2026-09-03T08:01:35.912+0000] {processor.py:183} INFO - Processing /opt/airflow/dags/model_deployment_dag.py took 0.429 seconds
[2026-09-03T08:02:08.463+0000] {processor.py:161} INFO - Started process (PID=1046) to work on /opt/airflow/dags/model_deployment_dag.py
[2026-09-03T08:02:08.469+0000] {processor.py:830} INFO - Processing file /opt/airflow/dags/model_deployment_dag.py for tasks to queue
[2026-09-03T08:02:08.518+0000] {logging_mixin.py:188} INFO - [2026-09-03T08:02:08.512+0000] {dagbag.py:545} INFO - Filling up the DagBag from /opt/airflow/dags/model_deployment_dag.py
[2026-09-03T08:02:08.670+0000] {processor.py:840} INFO - DAG(s) 'recommendation_model_deployment' retrieved from /opt/airflow/dags/model_deployment_dag.py
[2026-09-03T08:02:08.748+0000] {logging_mixin.py:188} INFO - [2026-09-03T08:02:08.747+0000] {dag.py:3096} INFO - Sync 1 DAGs
[2026-09-03T08:02:08.761+0000] {logging_mixin.py:188} INFO - [2026-09-03T08:02:08.761+0000] {dag.py:3954} INFO - Setting next_dagrun for recommendation_model_deployment to None, run_after=None
[2026-09-03T08:02:08.844+0000] {processor.py:183} INFO - Processing /opt/airflow/dags/model_deployment_dag.py took 0.510 seconds
[2026-09-03T08:02:41.568+0000] {processor.py:161} INFO - Started process (PID=1058) to work on /opt/airflow/dags/model_deployment_dag.py
[2026-09-03T08:02:41.570+0000] {processor.py:830} INFO - Processing file /opt/airflow/dags/model_deployment_dag.py for tasks to queue
[2026-09-03T08:02:41.572+0000] {logging_mixin.py:188} INFO - [2026-09-03T08:02:41.572+0000] {dagbag.py:545} INFO - Filling up the DagBag from /opt/airflow/dags/model_deployment_dag.py
[2026-09-03T08:02:41.661+0000] {processor.py:840} INFO - DAG(s) 'recommendation_model_deployment' retrieved from /opt/airflow/dags/model_deployment_dag.py
[2026-09-03T08:02:41.730+0000] {logging_mixin.py:188} INFO - [2026-09-03T08:02:41.729+0000] {dag.py:3096} INFO - Sync 1 DAGs
[2026-09-03T08:02:41.747+0000] {logging_mixin.py:188} INFO - [2026-09-03T08:02:41.746+0000] {dag.py:3954} INFO - Setting next_dagrun for recommendation_model_deployment to None, run_after=None
[2026-09-03T08:02:41.872+0000] {processor.py:183} INFO - Processing /opt/airflow/dags/model_deployment_dag.py took 0.319 seconds
[2026-09-03T08:03:15.050+0000] {processor.py:161} INFO - Started process (PID=1070) to work on /opt/airflow/dags/model_deployment_dag.py
[2026-09-03T08:03:15.051+0000] {processor.py:830} INFO - Processing file /opt/airflow/dags/model_deployment_dag.py for tasks to queue
[2026-09-03T08:03:15.054+0000] {logging_mixin.py:188} INFO - [2026-09-03T08:03:15.054+0000] {dagbag.py:545} INFO - Filling up the DagBag from /opt/airflow/dags/model_deployment_dag.py
[2026-09-03T08:03:15.188+0000] {processor.py:840} INFO - DAG(s) 'recommendation_model_deployment' retrieved from /opt/airflow/dags/model_deployment_dag.py
[2026-09-03T08:03:15.257+0000] {logging_mixin.py:188} INFO - [2026-09-03T08:03:15.256+0000] {dag.py:3096} INFO - Sync 1 DAGs
[2026-09-03T08:03:15.275+0000] {logging_mixin.py:188} INFO - [2026-09-03T08:03:15.275+0000] {dag.py:3954} INFO - Setting next_dagrun for recommendation_model_deployment to None, run_after=None
[2026-09-03T08:03:15.355+0000] {processor.py:183} INFO - Processing /opt/airflow/dags/model_deployment_dag.py took 0.321 seconds
[2026-09-03T08:03:47.232+0000] {processor.py:161} INFO - Started process (PID=1082) to work on /opt/airflow/dags/model_deployment_dag.py
[2026-09-03T08:03:47.235+0000] {processor.py:830} INFO - Processing file /opt/airflow/dags/model_deployment_dag.py for tasks to queue
[2026-09-03T08:03:47.238+0000] {logging_mixin.py:188} INFO - [2026-09-03T08:03:47.237+0000] {dagbag.py:545} INFO - Filling up the DagBag from /opt/airflow/dags/model_deployment_dag.py
[2026-09-03T08:03:47.330+0000] {processor.py:840} INFO - DAG(s) 'recommendation_model_deployment' retrieved from /opt/airflow/dags/model_deployment_dag.py
[2026-09-03T08:03:47.367+0000] {logging_mixin.py:188} INFO - [2026-09-03T08:03:47.367+0000] {dag.py:3096} INFO - Sync 1 DAGs
[2026-09-03T08:03:47.383+0000] {logging_mixin.py:188} INFO - [2026-09-03T08:03:47.383+0000] {dag.py:3954} INFO - Setting next_dagrun for recommendation_model_deployment to None, run_after=None
[2026-09-03T08:03:47.483+0000] {processor.py:183} INFO - Processing /opt/airflow/dags/model_deployment_dag.py took 0.264 seconds
[2026-09-03T08:04:17.637+0000] {processor.py:161} INFO - Started process (PID=1084) to work on /opt/airflow/dags/model_deployment_dag.py
[2026-09-03T08:04:17.640+0000] {processor.py:830} INFO - Processing file /opt/airflow/dags/model_deployment_dag.py for tasks to queue
[2026-09-03T08:04:17.643+0000] {logging_mixin.py:188} INFO - [2026-09-03T08:04:17.643+0000] {dagbag.py:545} INFO - Filling up the DagBag from /opt/airflow/dags/model_deployment_dag.py
[2026-09-03T08:04:17.721+0000] {processor.py:840} INFO - DAG(s) 'recommendation_model_deployment' retrieved from /opt/airflow/dags/model_deployment_dag.py
[2026-09-03T08:04:17.763+0000] {logging_mixin.py:188} INFO - [2026-09-03T08:04:17.763+0000] {dag.py:3096} INFO - Sync 1 DAGs
[2026-09-03T08:04:17.788+0000] {logging_mixin.py:188} INFO - [2026-09-03T08:04:17.787+0000] {dag.py:3954} INFO - Setting next_dagrun for recommendation_model_deployment to None, run_after=None
[2026-09-03T08:04:17.903+0000] {processor.py:183} INFO - Processing /opt/airflow/dags/model_deployment_dag.py took 0.281 seconds
[2026-09-03T08:04:48.215+0000] {processor.py:161} INFO - Started process (PID=1096) to work on /opt/airflow/dags/model_deployment_dag.py
[2026-09-03T08:04:48.217+0000] {processor.py:830} INFO - Processing file /opt/airflow/dags/model_deployment_dag.py for tasks to queue
[2026-09-03T08:04:48.221+0000] {logging_mixin.py:188} INFO - [2026-09-03T08:04:48.220+0000] {dagbag.py:545} INFO - Filling up the DagBag from /opt/airflow/dags/model_deployment_dag.py
[2026-09-03T08:04:48.315+0000] {processor.py:840} INFO - DAG(s) 'recommendation_model_deployment' retrieved from /opt/airflow/dags/model_deployment_dag.py
[2026-09-03T08:04:48.392+0000] {logging_mixin.py:188} INFO - [2026-09-03T08:04:48.392+0000] {dag.py:3096} INFO - Sync 1 DAGs
[2026-09-03T08:04:48.410+0000] {logging_mixin.py:188} INFO - [2026-09-03T08:04:48.410+0000] {dag.py:3954} INFO - Setting next_dagrun for recommendation_model_deployment to None, run_after=None
[2026-09-03T08:04:48.496+0000] {processor.py:183} INFO - Processing /opt/airflow/dags/model_deployment_dag.py took 0.295 seconds
[2026-09-03T08:05:18.997+0000] {processor.py:161} INFO - Started process (PID=1108) to work on /opt/airflow/dags/model_deployment_dag.py
[2026-09-03T08:05:18.999+0000] {processor.py:830} INFO - Processing file /opt/airflow/dags/model_deployment_dag.py for tasks to queue
[2026-09-03T08:05:19.004+0000] {logging_mixin.py:188} INFO - [2026-09-03T08:05:19.003+0000] {dagbag.py:545} INFO - Filling up the DagBag from /opt/airflow/dags/model_deployment_dag.py
[2026-09-03T08:05:19.096+0000] {processor.py:840} INFO - DAG(s) 'recommendation_model_deployment' retrieved from /opt/airflow/dags/model_deployment_dag.py
[2026-09-03T08:05:19.154+0000] {logging_mixin.py:188} INFO - [2026-09-03T08:05:19.154+0000] {dag.py:3096} INFO - Sync 1 DAGs
[2026-09-03T08:05:19.179+0000] {logging_mixin.py:188} INFO - [2026-09-03T08:05:19.179+0000] {dag.py:3954} INFO - Setting next_dagrun for recommendation_model_deployment to None, run_after=None
[2026-09-03T08:05:19.294+0000] {processor.py:183} INFO - Processing /opt/airflow/dags/model_deployment_dag.py took 0.313 seconds
[2026-09-03T08:05:49.779+0000] {processor.py:161} INFO - Started process (PID=1120) to work on /opt/airflow/dags/model_deployment_dag.py
[2026-09-03T08:05:49.782+0000] {processor.py:830} INFO - Processing file /opt/airflow/dags/model_deployment_dag.py for tasks to queue
[2026-09-03T08:05:49.790+0000] {logging_mixin.py:188} INFO - [2026-09-03T08:05:49.789+0000] {dagbag.py:545} INFO - Filling up the DagBag from /opt/airflow/dags/model_deployment_dag.py
[2026-09-03T08:05:49.881+0000] {processor.py:840} INFO - DAG(s) 'recommendation_model_deployment' retrieved from /opt/airflow/dags/model_deployment_dag.py
[2026-09-03T08:05:49.938+0000] {logging_mixin.py:188} INFO - [2026-09-03T08:05:49.938+0000] {dag.py:3096} INFO - Sync 1 DAGs
[2026-09-03T08:05:49.963+0000] {logging_mixin.py:188} INFO - [2026-09-03T08:05:49.963+0000] {dag.py:3954} INFO - Setting next_dagrun for recommendation_model_deployment to None, run_after=None
[2026-09-03T08:05:50.090+0000] {processor.py:183} INFO - Processing /opt/airflow/dags/model_deployment_dag.py took 0.324 seconds
[2026-09-03T08:06:21.349+0000] {processor.py:161} INFO - Started process (PID=1132) to work on /opt/airflow/dags/model_deployment_dag.py
[2026-09-03T08:06:21.351+0000] {processor.py:830} INFO - Processing file /opt/airflow/dags/model_deployment_dag.py for tasks to queue
[2026-09-03T08:06:21.352+0000] {logging_mixin.py:188} INFO - [2026-09-03T08:06:21.352+0000] {dagbag.py:545} INFO - Filling up the DagBag from /opt/airflow/dags/model_deployment_dag.py
[2026-09-03T08:06:21.449+0000] {processor.py:840} INFO - DAG(s) 'recommendation_model_deployment' retrieved from /opt/airflow/dags/model_deployment_dag.py
[2026-09-03T08:06:21.540+0000] {logging_mixin.py:188} INFO - [2026-09-03T08:06:21.540+0000] {dag.py:3096} INFO - Sync 1 DAGs
[2026-09-03T08:06:21.561+0000] {logging_mixin.py:188} INFO - [2026-09-03T08:06:21.560+0000] {dag.py:3954} INFO - Setting next_dagrun for recommendation_model_deployment to None, run_after=None
[2026-09-03T08:06:21.643+0000] {processor.py:183} INFO - Processing /opt/airflow/dags/model_deployment_dag.py took 0.310 seconds
[2026-09-03T08:06:52.652+0000] {processor.py:161} INFO - Started process (PID=1144) to work on /opt/airflow/dags/model_deployment_dag.py
[2026-09-03T08:06:52.655+0000] {processor.py:830} INFO - Processing file /opt/airflow/dags/model_deployment_dag.py for tasks to queue
[2026-09-03T08:06:52.660+0000] {logging_mixin.py:188} INFO - [2026-09-03T08:06:52.659+0000] {dagbag.py:545} INFO - Filling up the DagBag from /opt/airflow/dags/model_deployment_dag.py
[2026-09-03T08:06:52.788+0000] {processor.py:840} INFO - DAG(s) 'recommendation_model_deployment' retrieved from /opt/airflow/dags/model_deployment_dag.py
[2026-09-03T08:06:52.864+0000] {logging_mixin.py:188} INFO - [2026-09-03T08:06:52.863+0000] {dag.py:3096} INFO - Sync 1 DAGs
[2026-09-03T08:06:52.885+0000] {logging_mixin.py:188} INFO - [2026-09-03T08:06:52.885+0000] {dag.py:3954} INFO - Setting next_dagrun for recommendation_model_deployment to None, run_after=None
[2026-09-03T08:06:52.969+0000] {processor.py:183} INFO - Processing /opt/airflow/dags/model_deployment_dag.py took 0.334 seconds
[2026-09-03T08:07:23.336+0000] {processor.py:161} INFO - Started process (PID=1156) to work on /opt/airflow/dags/model_deployment_dag.py
[2026-09-03T08:07:23.338+0000] {processor.py:830} INFO - Processing file /opt/airflow/dags/model_deployment_dag.py for tasks to queue
[2026-09-03T08:07:23.344+0000] {logging_mixin.py:188} INFO - [2026-09-03T08:07:23.343+0000] {dagbag.py:545} INFO - Filling up the DagBag from /opt/airflow/dags/model_deployment_dag.py
[2026-09-03T08:07:23.464+0000] {processor.py:840} INFO - DAG(s) 'recommendation_model_deployment' retrieved from /opt/airflow/dags/model_deployment_dag.py
[2026-09-03T08:07:23.564+0000] {logging_mixin.py:188} INFO - [2026-09-03T08:07:23.564+0000] {dag.py:3096} INFO - Sync 1 DAGs
[2026-09-03T08:07:23.591+0000] {logging_mixin.py:188} INFO - [2026-09-03T08:07:23.591+0000] {dag.py:3954} INFO - Setting next_dagrun for recommendation_model_deployment to None, run_after=None
[2026-09-03T08:07:23.729+0000] {processor.py:183} INFO - Processing /opt/airflow/dags/model_deployment_dag.py took 0.406 seconds
[2026-09-03T08:07:54.103+0000] {processor.py:161} INFO - Started process (PID=1168) to work on /opt/airflow/dags/model_deployment_dag.py
[2026-09-03T08:07:54.104+0000] {processor.py:830} INFO - Processing file /opt/airflow/dags/model_deployment_dag.py for tasks to queue
[2026-09-03T08:07:54.105+0000] {logging_mixin.py:188} INFO - [2026-09-03T08:07:54.105+0000] {dagbag.py:545} INFO - Filling up the DagBag from /opt/airflow/dags/model_deployment_dag.py
[2026-09-03T08:07:54.177+0000] {processor.py:840} INFO - DAG(s) 'recommendation_model_deployment' retrieved from /opt/airflow/dags/model_deployment_dag.py
[2026-09-03T08:07:54.246+0000] {logging_mixin.py:188} INFO - [2026-09-03T08:07:54.246+0000] {dag.py:3096} INFO - Sync 1 DAGs
[2026-09-03T08:07:54.265+0000] {logging_mixin.py:188} INFO - [2026-09-03T08:07:54.265+0000] {dag.py:3954} INFO - Setting next_dagrun for recommendation_model_deployment to None, run_after=None
[2026-09-03T08:07:54.322+0000] {processor.py:183} INFO - Processing /opt/airflow/dags/model_deployment_dag.py took 0.230 seconds
[2026-09-03T08:08:25.433+0000] {processor.py:161} INFO - Started process (PID=1180) to work on /opt/airflow/dags/model_deployment_dag.py
[2026-09-03T08:08:25.434+0000] {processor.py:830} INFO - Processing file /opt/airflow/dags/model_deployment_dag.py for tasks to queue
[2026-09-03T08:08:25.437+0000] {logging_mixin.py:188} INFO - [2026-09-03T08:08:25.436+0000] {dagbag.py:545} INFO - Filling up the DagBag from /opt/airflow/dags/model_deployment_dag.py
[2026-09-03T08:08:25.519+0000] {processor.py:840} INFO - DAG(s) 'recommendation_model_deployment' retrieved from /opt/airflow/dags/model_deployment_dag.py
[2026-09-03T08:08:25.606+0000] {logging_mixin.py:188} INFO - [2026-09-03T08:08:25.605+0000] {dag.py:3096} INFO - Sync 1 DAGs
[2026-09-03T08:08:25.627+0000] {logging_mixin.py:188} INFO - [2026-09-03T08:08:25.627+0000] {dag.py:3954} INFO - Setting next_dagrun for recommendation_model_deployment to None, run_after=None
[2026-09-03T08:08:25.766+0000] {processor.py:183} INFO - Processing /opt/airflow/dags/model_deployment_dag.py took 0.340 seconds
[2026-09-03T08:08:56.345+0000] {processor.py:161} INFO - Started process (PID=1192) to work on /opt/airflow/dags/model_deployment_dag.py
[2026-09-03T08:08:56.347+0000] {processor.py:830} INFO - Processing file /opt/airflow/dags/model_deployment_dag.py for tasks to queue
[2026-09-03T08:08:56.354+0000] {logging_mixin.py:188} INFO - [2026-09-03T08:08:56.353+0000] {dagbag.py:545} INFO - Filling up the DagBag from /opt/airflow/dags/model_deployment_dag.py
[2026-09-03T08:08:56.419+0000] {processor.py:840} INFO - DAG(s) 'recommendation_model_deployment' retrieved from /opt/airflow/dags/model_deployment_dag.py
[2026-09-03T08:08:56.468+0000] {logging_mixin.py:188} INFO - [2026-09-03T08:08:56.468+0000] {dag.py:3096} INFO - Sync 1 DAGs
[2026-09-03T08:08:56.488+0000] {logging_mixin.py:188} INFO - [2026-09-03T08:08:56.488+0000] {dag.py:3954} INFO - Setting next_dagrun for recommendation_model_deployment to None, run_after=None
[2026-09-03T08:08:56.622+0000] {processor.py:183} INFO - Processing /opt/airflow/dags/model_deployment_dag.py took 0.292 seconds
[2026-09-03T08:09:27.568+0000] {processor.py:161} INFO - Started process (PID=1204) to work on /opt/airflow/dags/model_deployment_dag.py
[2026-09-03T08:09:27.570+0000] {processor.py:830} INFO - Processing file /opt/airflow/dags/model_deployment_dag.py for tasks to queue
[2026-09-03T08:09:27.575+0000] {logging_mixin.py:188} INFO - [2026-09-03T08:09:27.574+0000] {dagbag.py:545} INFO - Filling up the DagBag from /opt/airflow/dags/model_deployment_dag.py
[2026-09-03T08:09:27.683+0000] {processor.py:840} INFO - DAG(s) 'recommendation_model_deployment' retrieved from /opt/airflow/dags/model_deployment_dag.py
[2026-09-03T08:09:27.768+0000] {logging_mixin.py:188} INFO - [2026-09-03T08:09:27.768+0000] {dag.py:3096} INFO - Sync 1 DAGs
[2026-09-03T08:09:27.790+0000] {logging_mixin.py:188} INFO - [2026-09-03T08:09:27.790+0000] {dag.py:3954} INFO - Setting next_dagrun for recommendation_model_deployment to None, run_after=None
[2026-09-03T08:09:27.905+0000] {processor.py:183} INFO - Processing /opt/airflow/dags/model_deployment_dag.py took 0.356 seconds
[2026-09-03T08:09:58.040+0000] {processor.py:161} INFO - Started process (PID=1216) to work on /opt/airflow/dags/model_deployment_dag.py
[2026-09-03T08:09:58.044+0000] {processor.py:830} INFO - Processing file /opt/airflow/dags/model_deployment_dag.py for tasks to queue
[2026-09-03T08:09:58.049+0000] {logging_mixin.py:188} INFO - [2026-09-03T08:09:58.048+0000] {dagbag.py:545} INFO - Filling up the DagBag from /opt/airflow/dags/model_deployment_dag.py
[2026-09-03T08:09:58.158+0000] {processor.py:840} INFO - DAG(s) 'recommendation_model_deployment' retrieved from /opt/airflow/dags/model_deployment_dag.py
[2026-09-03T08:09:58.218+0000] {logging_mixin.py:188} INFO - [2026-09-03T08:09:58.217+0000] {dag.py:3096} INFO - Sync 1 DAGs
[2026-09-03T08:09:58.239+0000] {logging_mixin.py:188} INFO - [2026-09-03T08:09:58.239+0000] {dag.py:3954} INFO - Setting next_dagrun for recommendation_model_deployment to None, run_after=None
[2026-09-03T08:09:58.347+0000] {processor.py:183} INFO - Processing /opt/airflow/dags/model_deployment_dag.py took 0.331 seconds
[2026-09-03T08:10:29.204+0000] {processor.py:161} INFO - Started process (PID=1228) to work on /opt/airflow/dags/model_deployment_dag.py
[2026-09-03T08:10:29.205+0000] {processor.py:830} INFO - Processing file /opt/airflow/dags/model_deployment_dag.py for tasks to queue
[2026-09-03T08:10:29.207+0000] {logging_mixin.py:188} INFO - [2026-09-03T08:10:29.206+0000] {dagbag.py:545} INFO - Filling up the DagBag from /opt/airflow/dags/model_deployment_dag.py
[2026-09-03T08:10:29.288+0000] {processor.py:840} INFO - DAG(s) 'recommendation_model_deployment' retrieved from /opt/airflow/dags/model_deployment_dag.py
[2026-09-03T08:10:29.409+0000] {logging_mixin.py:188} INFO - [2026-09-03T08:10:29.409+0000] {dag.py:3096} INFO - Sync 1 DAGs
[2026-09-03T08:10:29.458+0000] {logging_mixin.py:188} INFO - [2026-09-03T08:10:29.458+0000] {dag.py:3954} INFO - Setting next_dagrun for recommendation_model_deployment to None, run_after=None
[2026-09-03T08:10:29.548+0000] {processor.py:183} INFO - Processing /opt/airflow/dags/model_deployment_dag.py took 0.353 seconds
[2026-09-03T08:11:01.391+0000] {processor.py:161} INFO - Started process (PID=1239) to work on /opt/airflow/dags/model_deployment_dag.py
[2026-09-03T08:11:01.392+0000] {processor.py:830} INFO - Processing file /opt/airflow/dags/model_deployment_dag.py for tasks to queue
[2026-09-03T08:11:01.394+0000] {logging_mixin.py:188} INFO - [2026-09-03T08:11:01.394+0000] {dagbag.py:545} INFO - Filling up the DagBag from /opt/airflow/dags/model_deployment_dag.py
[2026-09-03T08:11:01.498+0000] {processor.py:840} INFO - DAG(s) 'recommendation_model_deployment' retrieved from /opt/airflow/dags/model_deployment_dag.py
[2026-09-03T08:11:01.552+0000] {logging_mixin.py:188} INFO - [2026-09-03T08:11:01.551+0000] {dag.py:3096} INFO - Sync 1 DAGs
[2026-09-03T08:11:01.568+0000] {logging_mixin.py:188} INFO - [2026-09-03T08:11:01.568+0000] {dag.py:3954} INFO - Setting next_dagrun for recommendation_model_deployment to None, run_after=None
[2026-09-03T08:11:01.668+0000] {processor.py:183} INFO - Processing /opt/airflow/dags/model_deployment_dag.py took 0.289 seconds
[2026-09-03T08:11:35.070+0000] {processor.py:161} INFO - Started process (PID=1251) to work on /opt/airflow/dags/model_deployment_dag.py
[2026-09-03T08:11:35.072+0000] {processor.py:830} INFO - Processing file /opt/airflow/dags/model_deployment_dag.py for tasks to queue
[2026-09-03T08:11:35.076+0000] {logging_mixin.py:188} INFO - [2026-09-03T08:11:35.075+0000] {dagbag.py:545} INFO - Filling up the DagBag from /opt/airflow/dags/model_deployment_dag.py
[2026-09-03T08:11:35.193+0000] {processor.py:840} INFO - DAG(s) 'recommendation_model_deployment' retrieved from /opt/airflow/dags/model_deployment_dag.py
[2026-09-03T08:11:35.272+0000] {logging_mixin.py:188} INFO - [2026-09-03T08:11:35.272+0000] {dag.py:3096} INFO - Sync 1 DAGs
[2026-09-03T08:11:35.291+0000] {logging_mixin.py:188} INFO - [2026-09-03T08:11:35.291+0000] {dag.py:3954} INFO - Setting next_dagrun for recommendation_model_deployment to None, run_after=None
[2026-09-03T08:11:35.394+0000] {processor.py:183} INFO - Processing /opt/airflow/dags/model_deployment_dag.py took 0.342 seconds
[2026-09-03T08:12:08.238+0000] {processor.py:161} INFO - Started process (PID=1263) to work on /opt/airflow/dags/model_deployment_dag.py
[2026-09-03T08:12:08.240+0000] {processor.py:830} INFO - Processing file /opt/airflow/dags/model_deployment_dag.py for tasks to queue
[2026-09-03T08:12:08.243+0000] {logging_mixin.py:188} INFO - [2026-09-03T08:12:08.243+0000] {dagbag.py:545} INFO - Filling up the DagBag from /opt/airflow/dags/model_deployment_dag.py
[2026-09-03T08:12:08.342+0000] {processor.py:840} INFO - DAG(s) 'recommendation_model_deployment' retrieved from /opt/airflow/dags/model_deployment_dag.py
[2026-09-03T08:12:08.401+0000] {logging_mixin.py:188} INFO - [2026-09-03T08:12:08.401+0000] {dag.py:3096} INFO - Sync 1 DAGs
[2026-09-03T08:12:08.420+0000] {logging_mixin.py:188} INFO - [2026-09-03T08:12:08.420+0000] {dag.py:3954} INFO - Setting next_dagrun for recommendation_model_deployment to None, run_after=None
[2026-09-03T08:12:08.507+0000] {processor.py:183} INFO - Processing /opt/airflow/dags/model_deployment_dag.py took 0.285 seconds
[2026-09-03T08:12:41.480+0000] {processor.py:161} INFO - Started process (PID=1275) to work on /opt/airflow/dags/model_deployment_dag.py
[2026-09-03T08:12:41.484+0000] {processor.py:830} INFO - Processing file /opt/airflow/dags/model_deployment_dag.py for tasks to queue
[2026-09-03T08:12:41.489+0000] {logging_mixin.py:188} INFO - [2026-09-03T08:12:41.488+0000] {dagbag.py:545} INFO - Filling up the DagBag from /opt/airflow/dags/model_deployment_dag.py
[2026-09-03T08:12:41.593+0000] {processor.py:840} INFO - DAG(s) 'recommendation_model_deployment' retrieved from /opt/airflow/dags/model_deployment_dag.py
[2026-09-03T08:12:41.661+0000] {logging_mixin.py:188} INFO - [2026-09-03T08:12:41.660+0000] {dag.py:3096} INFO - Sync 1 DAGs
[2026-09-03T08:12:41.687+0000] {logging_mixin.py:188} INFO - [2026-09-03T08:12:41.686+0000] {dag.py:3954} INFO - Setting next_dagrun for recommendation_model_deployment to None, run_after=None
[2026-09-03T08:12:41.804+0000] {processor.py:183} INFO - Processing /opt/airflow/dags/model_deployment_dag.py took 0.340 seconds
[2026-09-03T08:13:16.378+0000] {processor.py:161} INFO - Started process (PID=1287) to work on /opt/airflow/dags/model_deployment_dag.py
[2026-09-03T08:13:16.380+0000] {processor.py:830} INFO - Processing file /opt/airflow/dags/model_deployment_dag.py for tasks to queue
[2026-09-03T08:13:16.395+0000] {logging_mixin.py:188} INFO - [2026-09-03T08:13:16.393+0000] {dagbag.py:545} INFO - Filling up the DagBag from /opt/airflow/dags/model_deployment_dag.py
[2026-09-03T08:13:16.528+0000] {processor.py:840} INFO - DAG(s) 'recommendation_model_deployment' retrieved from /opt/airflow/dags/model_deployment_dag.py
[2026-09-03T08:13:16.603+0000] {logging_mixin.py:188} INFO - [2026-09-03T08:13:16.603+0000] {dag.py:3096} INFO - Sync 1 DAGs
[2026-09-03T08:13:16.637+0000] {logging_mixin.py:188} INFO - [2026-09-03T08:13:16.637+0000] {dag.py:3954} INFO - Setting next_dagrun for recommendation_model_deployment to None, run_after=None
[2026-09-03T08:13:16.793+0000] {processor.py:183} INFO - Processing /opt/airflow/dags/model_deployment_dag.py took 0.439 seconds
[2026-09-03T08:13:51.337+0000] {processor.py:161} INFO - Started process (PID=1299) to work on /opt/airflow/dags/model_deployment_dag.py
[2026-09-03T08:13:51.338+0000] {processor.py:830} INFO - Processing file /opt/airflow/dags/model_deployment_dag.py for tasks to queue
[2026-09-03T08:13:51.341+0000] {logging_mixin.py:188} INFO - [2026-09-03T08:13:51.341+0000] {dagbag.py:545} INFO - Filling up the DagBag from /opt/airflow/dags/model_deployment_dag.py
[2026-09-03T08:13:51.450+0000] {processor.py:840} INFO - DAG(s) 'recommendation_model_deployment' retrieved from /opt/airflow/dags/model_deployment_dag.py
[2026-09-03T08:13:51.497+0000] {logging_mixin.py:188} INFO - [2026-09-03T08:13:51.496+0000] {dag.py:3096} INFO - Sync 1 DAGs
[2026-09-03T08:13:51.511+0000] {logging_mixin.py:188} INFO - [2026-09-03T08:13:51.511+0000] {dag.py:3954} INFO - Setting next_dagrun for recommendation_model_deployment to None, run_after=None
[2026-09-03T08:13:51.582+0000] {processor.py:183} INFO - Processing /opt/airflow/dags/model_deployment_dag.py took 0.341 seconds
[2026-09-03T08:14:24.838+0000] {processor.py:161} INFO - Started process (PID=1311) to work on /opt/airflow/dags/model_deployment_dag.py
[2026-09-03T08:14:24.840+0000] {processor.py:830} INFO - Processing file /opt/airflow/dags/model_deployment_dag.py for tasks to queue
[2026-09-03T08:14:24.843+0000] {logging_mixin.py:188} INFO - [2026-09-03T08:14:24.843+0000] {dagbag.py:545} INFO - Filling up the DagBag from /opt/airflow/dags/model_deployment_dag.py
[2026-09-03T08:14:25.015+0000] {processor.py:840} INFO - DAG(s) 'recommendation_model_deployment' retrieved from /opt/airflow/dags/model_deployment_dag.py
[2026-09-03T08:14:25.079+0000] {logging_mixin.py:188} INFO - [2026-09-03T08:14:25.078+0000] {dag.py:3096} INFO - Sync 1 DAGs
[2026-09-03T08:14:25.104+0000] {logging_mixin.py:188} INFO - [2026-09-03T08:14:25.104+0000] {dag.py:3954} INFO - Setting next_dagrun for recommendation_model_deployment to None, run_after=None
[2026-09-03T08:14:25.237+0000] {processor.py:183} INFO - Processing /opt/airflow/dags/model_deployment_dag.py took 0.413 seconds
[2026-09-03T08:14:58.475+0000] {processor.py:161} INFO - Started process (PID=1323) to work on /opt/airflow/dags/model_deployment_dag.py
[2026-09-03T08:14:58.477+0000] {processor.py:830} INFO - Processing file /opt/airflow/dags/model_deployment_dag.py for tasks to queue
[2026-09-03T08:14:58.481+0000] {logging_mixin.py:188} INFO - [2026-09-03T08:14:58.480+0000] {dagbag.py:545} INFO - Filling up the DagBag from /opt/airflow/dags/model_deployment_dag.py
[2026-09-03T08:14:58.558+0000] {processor.py:840} INFO - DAG(s) 'recommendation_model_deployment' retrieved from /opt/airflow/dags/model_deployment_dag.py
[2026-09-03T08:14:58.592+0000] {logging_mixin.py:188} INFO - [2026-09-03T08:14:58.592+0000] {dag.py:3096} INFO - Sync 1 DAGs
[2026-09-03T08:14:58.607+0000] {logging_mixin.py:188} INFO - [2026-09-03T08:14:58.607+0000] {dag.py:3954} INFO - Setting next_dagrun for recommendation_model_deployment to None, run_after=None
[2026-09-03T08:14:58.706+0000] {processor.py:183} INFO - Processing /opt/airflow/dags/model_deployment_dag.py took 0.245 seconds
[2026-09-03T08:15:32.153+0000] {processor.py:161} INFO - Started process (PID=1335) to work on /opt/airflow/dags/model_deployment_dag.py
[2026-09-03T08:15:32.155+0000] {processor.py:830} INFO - Processing file /opt/airflow/dags/model_deployment_dag.py for tasks to queue
[2026-09-03T08:15:32.158+0000] {logging_mixin.py:188} INFO - [2026-09-03T08:15:32.157+0000] {dagbag.py:545} INFO - Filling up the DagBag from /opt/airflow/dags/model_deployment_dag.py
[2026-09-03T08:15:32.245+0000] {processor.py:840} INFO - DAG(s) 'recommendation_model_deployment' retrieved from /opt/airflow/dags/model_deployment_dag.py
[2026-09-03T08:15:32.339+0000] {logging_mixin.py:188} INFO - [2026-09-03T08:15:32.338+0000] {dag.py:3096} INFO - Sync 1 DAGs
[2026-09-03T08:15:32.356+0000] {logging_mixin.py:188} INFO - [2026-09-03T08:15:32.356+0000] {dag.py:3954} INFO - Setting next_dagrun for recommendation_model_deployment to None, run_after=None
[2026-09-03T08:15:32.422+0000] {processor.py:183} INFO - Processing /opt/airflow/dags/model_deployment_dag.py took 0.279 seconds
[2026-09-03T08:16:05.474+0000] {processor.py:161} INFO - Started process (PID=1347) to work on /opt/airflow/dags/model_deployment_dag.py
[2026-09-03T08:16:05.477+0000] {processor.py:830} INFO - Processing file /opt/airflow/dags/model_deployment_dag.py for tasks to queue
[2026-09-03T08:16:05.480+0000] {logging_mixin.py:188} INFO - [2026-09-03T08:16:05.479+0000] {dagbag.py:545} INFO - Filling up the DagBag from /opt/airflow/dags/model_deployment_dag.py
[2026-09-03T08:16:05.541+0000] {processor.py:840} INFO - DAG(s) 'recommendation_model_deployment' retrieved from /opt/airflow/dags/model_deployment_dag.py
[2026-09-03T08:16:05.585+0000] {logging_mixin.py:188} INFO - [2026-09-03T08:16:05.584+0000] {dag.py:3096} INFO - Sync 1 DAGs
[2026-09-03T08:16:05.596+0000] {logging_mixin.py:188} INFO - [2026-09-03T08:16:05.596+0000] {dag.py:3954} INFO - Setting next_dagrun for recommendation_model_deployment to None, run_after=None
[2026-09-03T08:16:05.659+0000] {processor.py:183} INFO - Processing /opt/airflow/dags/model_deployment_dag.py took 0.197 seconds
[2026-09-03T08:16:41.447+0000] {processor.py:161} INFO - Started process (PID=1359) to work on /opt/airflow/dags/model_deployment_dag.py
[2026-09-03T08:16:41.449+0000] {processor.py:830} INFO - Processing file /opt/airflow/dags/model_deployment_dag.py for tasks to queue
[2026-09-03T08:16:41.453+0000] {logging_mixin.py:188} INFO - [2026-09-03T08:16:41.452+0000] {dagbag.py:545} INFO - Filling up the DagBag from /opt/airflow/dags/model_deployment_dag.py
[2026-09-03T08:16:41.621+0000] {processor.py:840} INFO - DAG(s) 'recommendation_model_deployment' retrieved from /opt/airflow/dags/model_deployment_dag.py
[2026-09-03T08:16:41.702+0000] {logging_mixin.py:188} INFO - [2026-09-03T08:16:41.701+0000] {dag.py:3096} INFO - Sync 1 DAGs
[2026-09-03T08:16:41.729+0000] {logging_mixin.py:188} INFO - [2026-09-03T08:16:41.728+0000] {dag.py:3954} INFO - Setting next_dagrun for recommendation_model_deployment to None, run_after=None
[2026-09-03T08:16:41.820+0000] {processor.py:183} INFO - Processing /opt/airflow/dags/model_deployment_dag.py took 0.394 seconds
[2026-09-03T08:17:15.061+0000] {processor.py:161} INFO - Started process (PID=1371) to work on /opt/airflow/dags/model_deployment_dag.py
[2026-09-03T08:17:15.063+0000] {processor.py:830} INFO - Processing file /opt/airflow/dags/model_deployment_dag.py for tasks to queue
[2026-09-03T08:17:15.066+0000] {logging_mixin.py:188} INFO - [2026-09-03T08:17:15.066+0000] {dagbag.py:545} INFO - Filling up the DagBag from /opt/airflow/dags/model_deployment_dag.py
[2026-09-03T08:17:15.165+0000] {processor.py:840} INFO - DAG(s) 'recommendation_model_deployment' retrieved from /opt/airflow/dags/model_deployment_dag.py
[2026-09-03T08:17:15.213+0000] {logging_mixin.py:188} INFO - [2026-09-03T08:17:15.213+0000] {dag.py:3096} INFO - Sync 1 DAGs
[2026-09-03T08:17:15.227+0000] {logging_mixin.py:188} INFO - [2026-09-03T08:17:15.227+0000] {dag.py:3954} INFO - Setting next_dagrun for recommendation_model_deployment to None, run_after=None
[2026-09-03T08:17:15.332+0000] {processor.py:183} INFO - Processing /opt/airflow/dags/model_deployment_dag.py took 0.284 seconds
[2026-09-03T08:17:49.208+0000] {processor.py:161} INFO - Started process (PID=1383) to work on /opt/airflow/dags/model_deployment_dag.py
[2026-09-03T08:17:49.210+0000] {processor.py:830} INFO - Processing file /opt/airflow/dags/model_deployment_dag.py for tasks to queue
[2026-09-03T08:17:49.214+0000] {logging_mixin.py:188} INFO - [2026-09-03T08:17:49.214+0000] {dagbag.py:545} INFO - Filling up the DagBag from /opt/airflow/dags/model_deployment_dag.py
[2026-09-03T08:17:49.308+0000] {processor.py:840} INFO - DAG(s) 'recommendation_model_deployment' retrieved from /opt/airflow/dags/model_deployment_dag.py
[2026-09-03T08:17:49.354+0000] {logging_mixin.py:188} INFO - [2026-09-03T08:17:49.354+0000] {dag.py:3096} INFO - Sync 1 DAGs
[2026-09-03T08:17:49.370+0000] {logging_mixin.py:188} INFO - [2026-09-03T08:17:49.369+0000] {dag.py:3954} INFO - Setting next_dagrun for recommendation_model_deployment to None, run_after=None
[2026-09-03T08:17:49.438+0000] {processor.py:183} INFO - Processing /opt/airflow/dags/model_deployment_dag.py took 0.246 seconds
[2026-09-03T08:18:22.259+0000] {processor.py:161} INFO - Started process (PID=1395) to work on /opt/airflow/dags/model_deployment_dag.py
[2026-09-03T08:18:22.261+0000] {processor.py:830} INFO - Processing file /opt/airflow/dags/model_deployment_dag.py for tasks to queue
[2026-09-03T08:18:22.263+0000] {logging_mixin.py:188} INFO - [2026-09-03T08:18:22.263+0000] {dagbag.py:545} INFO - Filling up the DagBag from /opt/airflow/dags/model_deployment_dag.py
[2026-09-03T08:18:22.410+0000] {processor.py:840} INFO - DAG(s) 'recommendation_model_deployment' retrieved from /opt/airflow/dags/model_deployment_dag.py
[2026-09-03T08:18:22.478+0000] {logging_mixin.py:188} INFO - [2026-09-03T08:18:22.477+0000] {dag.py:3096} INFO - Sync 1 DAGs
[2026-09-03T08:18:22.492+0000] {logging_mixin.py:188} INFO - [2026-09-03T08:18:22.492+0000] {dag.py:3954} INFO - Setting next_dagrun for recommendation_model_deployment to None, run_after=None
[2026-09-03T08:18:22.562+0000] {processor.py:183} INFO - Processing /opt/airflow/dags/model_deployment_dag.py took 0.364 seconds
[2026-09-03T08:18:52.989+0000] {processor.py:161} INFO - Started process (PID=1397) to work on /opt/airflow/dags/model_deployment_dag.py
[2026-09-03T08:18:52.990+0000] {processor.py:830} INFO - Processing file /opt/airflow/dags/model_deployment_dag.py for tasks to queue
[2026-09-03T08:18:52.992+0000] {logging_mixin.py:188} INFO - [2026-09-03T08:18:52.992+0000] {dagbag.py:545} INFO - Filling up the DagBag from /opt/airflow/dags/model_deployment_dag.py
[2026-09-03T08:18:53.069+0000] {processor.py:840} INFO - DAG(s) 'recommendation_model_deployment' retrieved from /opt/airflow/dags/model_deployment_dag.py
[2026-09-03T08:18:53.115+0000] {logging_mixin.py:188} INFO - [2026-09-03T08:18:53.115+0000] {dag.py:3096} INFO - Sync 1 DAGs
[2026-09-03T08:18:53.132+0000] {logging_mixin.py:188} INFO - [2026-09-03T08:18:53.132+0000] {dag.py:3954} INFO - Setting next_dagrun for recommendation_model_deployment to None, run_after=None
[2026-09-03T08:18:53.214+0000] {processor.py:183} INFO - Processing /opt/airflow/dags/model_deployment_dag.py took 0.237 seconds
[2026-09-03T08:19:24.039+0000] {processor.py:161} INFO - Started process (PID=1409) to work on /opt/airflow/dags/model_deployment_dag.py
[2026-09-03T08:19:24.040+0000] {processor.py:830} INFO - Processing file /opt/airflow/dags/model_deployment_dag.py for tasks to queue
[2026-09-03T08:19:24.043+0000] {logging_mixin.py:188} INFO - [2026-09-03T08:19:24.042+0000] {dagbag.py:545} INFO - Filling up the DagBag from /opt/airflow/dags/model_deployment_dag.py
[2026-09-03T08:19:24.117+0000] {processor.py:840} INFO - DAG(s) 'recommendation_model_deployment' retrieved from /opt/airflow/dags/model_deployment_dag.py
[2026-09-03T08:19:24.164+0000] {logging_mixin.py:188} INFO - [2026-09-03T08:19:24.164+0000] {dag.py:3096} INFO - Sync 1 DAGs
[2026-09-03T08:19:24.181+0000] {logging_mixin.py:188} INFO - [2026-09-03T08:19:24.181+0000] {dag.py:3954} INFO - Setting next_dagrun for recommendation_model_deployment to None, run_after=None
[2026-09-03T08:19:24.267+0000] {processor.py:183} INFO - Processing /opt/airflow/dags/model_deployment_dag.py took 0.239 seconds
[2026-09-03T08:19:55.603+0000] {processor.py:161} INFO - Started process (PID=1421) to work on /opt/airflow/dags/model_deployment_dag.py
[2026-09-03T08:19:55.605+0000] {processor.py:830} INFO - Processing file /opt/airflow/dags/model_deployment_dag.py for tasks to queue
[2026-09-03T08:19:55.608+0000] {logging_mixin.py:188} INFO - [2026-09-03T08:19:55.607+0000] {dagbag.py:545} INFO - Filling up the DagBag from /opt/airflow/dags/model_deployment_dag.py
[2026-09-03T08:19:55.694+0000] {processor.py:840} INFO - DAG(s) 'recommendation_model_deployment' retrieved from /opt/airflow/dags/model_deployment_dag.py
[2026-09-03T08:19:55.767+0000] {logging_mixin.py:188} INFO - [2026-09-03T08:19:55.767+0000] {dag.py:3096} INFO - Sync 1 DAGs
[2026-09-03T08:19:55.789+0000] {logging_mixin.py:188} INFO - [2026-09-03T08:19:55.788+0000] {dag.py:3954} INFO - Setting next_dagrun for recommendation_model_deployment to None, run_after=None
[2026-09-03T08:19:55.883+0000] {processor.py:183} INFO - Processing /opt/airflow/dags/model_deployment_dag.py took 0.296 seconds
[2026-09-03T08:20:26.245+0000] {processor.py:161} INFO - Started process (PID=1433) to work on /opt/airflow/dags/model_deployment_dag.py
[2026-09-03T08:20:26.247+0000] {processor.py:830} INFO - Processing file /opt/airflow/dags/model_deployment_dag.py for tasks to queue
[2026-09-03T08:20:26.251+0000] {logging_mixin.py:188} INFO - [2026-09-03T08:20:26.250+0000] {dagbag.py:545} INFO - Filling up the DagBag from /opt/airflow/dags/model_deployment_dag.py
[2026-09-03T08:20:26.354+0000] {processor.py:840} INFO - DAG(s) 'recommendation_model_deployment' retrieved from /opt/airflow/dags/model_deployment_dag.py
[2026-09-03T08:20:26.416+0000] {logging_mixin.py:188} INFO - [2026-09-03T08:20:26.416+0000] {dag.py:3096} INFO - Sync 1 DAGs
[2026-09-03T08:20:26.438+0000] {logging_mixin.py:188} INFO - [2026-09-03T08:20:26.438+0000] {dag.py:3954} INFO - Setting next_dagrun for recommendation_model_deployment to None, run_after=None
[2026-09-03T08:20:26.502+0000] {processor.py:183} INFO - Processing /opt/airflow/dags/model_deployment_dag.py took 0.276 seconds
[2026-09-03T08:20:57.028+0000] {processor.py:161} INFO - Started process (PID=1445) to work on /opt/airflow/dags/model_deployment_dag.py
[2026-09-03T08:20:57.031+0000] {processor.py:830} INFO - Processing file /opt/airflow/dags/model_deployment_dag.py for tasks to queue
[2026-09-03T08:20:57.036+0000] {logging_mixin.py:188} INFO - [2026-09-03T08:20:57.035+0000] {dagbag.py:545} INFO - Filling up the DagBag from /opt/airflow/dags/model_deployment_dag.py
[2026-09-03T08:20:57.149+0000] {processor.py:840} INFO - DAG(s) 'recommendation_model_deployment' retrieved from /opt/airflow/dags/model_deployment_dag.py
[2026-09-03T08:20:57.206+0000] {logging_mixin.py:188} INFO - [2026-09-03T08:20:57.206+0000] {dag.py:3096} INFO - Sync 1 DAGs
[2026-09-03T08:20:57.224+0000] {logging_mixin.py:188} INFO - [2026-09-03T08:20:57.224+0000] {dag.py:3954} INFO - Setting next_dagrun for recommendation_model_deployment to None, run_after=None
[2026-09-03T08:20:57.334+0000] {processor.py:183} INFO - Processing /opt/airflow/dags/model_deployment_dag.py took 0.325 seconds
[2026-09-03T08:21:27.841+0000] {processor.py:161} INFO - Started process (PID=1457) to work on /opt/airflow/dags/model_deployment_dag.py
[2026-09-03T08:21:27.842+0000] {processor.py:830} INFO - Processing file /opt/airflow/dags/model_deployment_dag.py for tasks to queue
[2026-09-03T08:21:27.844+0000] {logging_mixin.py:188} INFO - [2026-09-03T08:21:27.843+0000] {dagbag.py:545} INFO - Filling up the DagBag from /opt/airflow/dags/model_deployment_dag.py
[2026-09-03T08:21:27.954+0000] {processor.py:840} INFO - DAG(s) 'recommendation_model_deployment' retrieved from /opt/airflow/dags/model_deployment_dag.py
[2026-09-03T08:21:28.015+0000] {logging_mixin.py:188} INFO - [2026-09-03T08:21:28.014+0000] {dag.py:3096} INFO - Sync 1 DAGs
[2026-09-03T08:21:28.039+0000] {logging_mixin.py:188} INFO - [2026-09-03T08:21:28.038+0000] {dag.py:3954} INFO - Setting next_dagrun for recommendation_model_deployment to None, run_after=None
[2026-09-03T08:21:28.116+0000] {processor.py:183} INFO - Processing /opt/airflow/dags/model_deployment_dag.py took 0.297 seconds
[2026-09-03T08:21:59.415+0000] {processor.py:161} INFO - Started process (PID=1469) to work on /opt/airflow/dags/model_deployment_dag.py
[2026-09-03T08:21:59.417+0000] {processor.py:830} INFO - Processing file /opt/airflow/dags/model_deployment_dag.py for tasks to queue
[2026-09-03T08:21:59.420+0000] {logging_mixin.py:188} INFO - [2026-09-03T08:21:59.419+0000] {dagbag.py:545} INFO - Filling up the DagBag from /opt/airflow/dags/model_deployment_dag.py
[2026-09-03T08:21:59.526+0000] {processor.py:840} INFO - DAG(s) 'recommendation_model_deployment' retrieved from /opt/airflow/dags/model_deployment_dag.py
[2026-09-03T08:21:59.588+0000] {logging_mixin.py:188} INFO - [2026-09-03T08:21:59.587+0000] {dag.py:3096} INFO - Sync 1 DAGs
[2026-09-03T08:21:59.612+0000] {logging_mixin.py:188} INFO - [2026-09-03T08:21:59.611+0000] {dag.py:3954} INFO - Setting next_dagrun for recommendation_model_deployment to None, run_after=None
[2026-09-03T08:21:59.715+0000] {processor.py:183} INFO - Processing /opt/airflow/dags/model_deployment_dag.py took 0.316 seconds
[2026-09-03T08:22:30.476+0000] {processor.py:161} INFO - Started process (PID=1481) to work on /opt/airflow/dags/model_deployment_dag.py
[2026-09-03T08:22:30.478+0000] {processor.py:830} INFO - Processing file /opt/airflow/dags/model_deployment_dag.py for tasks to queue
[2026-09-03T08:22:30.482+0000] {logging_mixin.py:188} INFO - [2026-09-03T08:22:30.481+0000] {dagbag.py:545} INFO - Filling up the DagBag from /opt/airflow/dags/model_deployment_dag.py
[2026-09-03T08:22:30.558+0000] {processor.py:840} INFO - DAG(s) 'recommendation_model_deployment' retrieved from /opt/airflow/dags/model_deployment_dag.py
[2026-09-03T08:22:30.605+0000] {logging_mixin.py:188} INFO - [2026-09-03T08:22:30.605+0000] {dag.py:3096} INFO - Sync 1 DAGs
[2026-09-03T08:22:30.625+0000] {logging_mixin.py:188} INFO - [2026-09-03T08:22:30.624+0000] {dag.py:3954} INFO - Setting next_dagrun for recommendation_model_deployment to None, run_after=None
[2026-09-03T08:22:30.685+0000] {processor.py:183} INFO - Processing /opt/airflow/dags/model_deployment_dag.py took 0.226 seconds
[2026-09-03T08:23:01.902+0000] {processor.py:161} INFO - Started process (PID=1493) to work on /opt/airflow/dags/model_deployment_dag.py
[2026-09-03T08:23:01.909+0000] {processor.py:830} INFO - Processing file /opt/airflow/dags/model_deployment_dag.py for tasks to queue
[2026-09-03T08:23:01.913+0000] {logging_mixin.py:188} INFO - [2026-09-03T08:23:01.912+0000] {dagbag.py:545} INFO - Filling up the DagBag from /opt/airflow/dags/model_deployment_dag.py
[2026-09-03T08:23:02.064+0000] {processor.py:840} INFO - DAG(s) 'recommendation_model_deployment' retrieved from /opt/airflow/dags/model_deployment_dag.py
[2026-09-03T08:23:02.172+0000] {logging_mixin.py:188} INFO - [2026-09-03T08:23:02.171+0000] {dag.py:3096} INFO - Sync 1 DAGs
[2026-09-03T08:23:02.218+0000] {logging_mixin.py:188} INFO - [2026-09-03T08:23:02.216+0000] {dag.py:3954} INFO - Setting next_dagrun for recommendation_model_deployment to None, run_after=None
[2026-09-03T08:23:02.350+0000] {processor.py:183} INFO - Processing /opt/airflow/dags/model_deployment_dag.py took 0.471 seconds
[2026-09-03T08:23:33.557+0000] {processor.py:161} INFO - Started process (PID=1505) to work on /opt/airflow/dags/model_deployment_dag.py
[2026-09-03T08:23:33.559+0000] {processor.py:830} INFO - Processing file /opt/airflow/dags/model_deployment_dag.py for tasks to queue
[2026-09-03T08:23:33.562+0000] {logging_mixin.py:188} INFO - [2026-09-03T08:23:33.561+0000] {dagbag.py:545} INFO - Filling up the DagBag from /opt/airflow/dags/model_deployment_dag.py
[2026-09-03T08:23:33.708+0000] {processor.py:840} INFO - DAG(s) 'recommendation_model_deployment' retrieved from /opt/airflow/dags/model_deployment_dag.py
[2026-09-03T08:23:33.784+0000] {logging_mixin.py:188} INFO - [2026-09-03T08:23:33.783+0000] {dag.py:3096} INFO - Sync 1 DAGs
[2026-09-03T08:23:33.812+0000] {logging_mixin.py:188} INFO - [2026-09-03T08:23:33.811+0000] {dag.py:3954} INFO - Setting next_dagrun for recommendation_model_deployment to None, run_after=None
[2026-09-03T08:23:33.906+0000] {processor.py:183} INFO - Processing /opt/airflow/dags/model_deployment_dag.py took 0.364 seconds
[2026-09-03T08:24:04.719+0000] {processor.py:161} INFO - Started process (PID=1517) to work on /opt/airflow/dags/model_deployment_dag.py
[2026-09-03T08:24:04.721+0000] {processor.py:830} INFO - Processing file /opt/airflow/dags/model_deployment_dag.py for tasks to queue
[2026-09-03T08:24:04.727+0000] {logging_mixin.py:188} INFO - [2026-09-03T08:24:04.726+0000] {dagbag.py:545} INFO - Filling up the DagBag from /opt/airflow/dags/model_deployment_dag.py
[2026-09-03T08:24:04.831+0000] {processor.py:840} INFO - DAG(s) 'recommendation_model_deployment' retrieved from /opt/airflow/dags/model_deployment_dag.py
[2026-09-03T08:24:04.903+0000] {logging_mixin.py:188} INFO - [2026-09-03T08:24:04.903+0000] {dag.py:3096} INFO - Sync 1 DAGs
[2026-09-03T08:24:04.923+0000] {logging_mixin.py:188} INFO - [2026-09-03T08:24:04.922+0000] {dag.py:3954} INFO - Setting next_dagrun for recommendation_model_deployment to None, run_after=None
[2026-09-03T08:24:05.010+0000] {processor.py:183} INFO - Processing /opt/airflow/dags/model_deployment_dag.py took 0.314 seconds
[2026-09-03T08:24:37.567+0000] {processor.py:161} INFO - Started process (PID=1528) to work on /opt/airflow/dags/model_deployment_dag.py
[2026-09-03T08:24:37.571+0000] {processor.py:830} INFO - Processing file /opt/airflow/dags/model_deployment_dag.py for tasks to queue
[2026-09-03T08:24:37.575+0000] {logging_mixin.py:188} INFO - [2026-09-03T08:24:37.574+0000] {dagbag.py:545} INFO - Filling up the DagBag from /opt/airflow/dags/model_deployment_dag.py
[2026-09-03T08:24:37.643+0000] {processor.py:840} INFO - DAG(s) 'recommendation_model_deployment' retrieved from /opt/airflow/dags/model_deployment_dag.py
[2026-09-03T08:24:37.684+0000] {logging_mixin.py:188} INFO - [2026-09-03T08:24:37.683+0000] {dag.py:3096} INFO - Sync 1 DAGs
[2026-09-03T08:24:37.700+0000] {logging_mixin.py:188} INFO - [2026-09-03T08:24:37.700+0000] {dag.py:3954} INFO - Setting next_dagrun for recommendation_model_deployment to None, run_after=None
[2026-09-03T08:24:37.794+0000] {processor.py:183} INFO - Processing /opt/airflow/dags/model_deployment_dag.py took 0.246 seconds
[2026-09-03T08:25:08.740+0000] {processor.py:161} INFO - Started process (PID=1540) to work on /opt/airflow/dags/model_deployment_dag.py
[2026-09-03T08:25:08.741+0000] {processor.py:830} INFO - Processing file /opt/airflow/dags/model_deployment_dag.py for tasks to queue
[2026-09-03T08:25:08.743+0000] {logging_mixin.py:188} INFO - [2026-09-03T08:25:08.743+0000] {dagbag.py:545} INFO - Filling up the DagBag from /opt/airflow/dags/model_deployment_dag.py
[2026-09-03T08:25:08.794+0000] {processor.py:840} INFO - DAG(s) 'recommendation_model_deployment' retrieved from /opt/airflow/dags/model_deployment_dag.py
[2026-09-03T08:25:08.837+0000] {logging_mixin.py:188} INFO - [2026-09-03T08:25:08.837+0000] {dag.py:3096} INFO - Sync 1 DAGs
[2026-09-03T08:25:08.856+0000] {logging_mixin.py:188} INFO - [2026-09-03T08:25:08.855+0000] {dag.py:3954} INFO - Setting next_dagrun for recommendation_model_deployment to None, run_after=None
[2026-09-03T08:25:08.926+0000] {processor.py:183} INFO - Processing /opt/airflow/dags/model_deployment_dag.py took 0.196 seconds
[2026-09-03T08:25:43.471+0000] {processor.py:161} INFO - Started process (PID=1552) to work on /opt/airflow/dags/model_deployment_dag.py
[2026-09-03T08:25:43.475+0000] {processor.py:830} INFO - Processing file /opt/airflow/dags/model_deployment_dag.py for tasks to queue
[2026-09-03T08:25:43.479+0000] {logging_mixin.py:188} INFO - [2026-09-03T08:25:43.478+0000] {dagbag.py:545} INFO - Filling up the DagBag from /opt/airflow/dags/model_deployment_dag.py
[2026-09-03T08:25:43.547+0000] {processor.py:840} INFO - DAG(s) 'recommendation_model_deployment' retrieved from /opt/airflow/dags/model_deployment_dag.py
[2026-09-03T08:25:43.589+0000] {logging_mixin.py:188} INFO - [2026-09-03T08:25:43.588+0000] {dag.py:3096} INFO - Sync 1 DAGs
[2026-09-03T08:25:43.604+0000] {logging_mixin.py:188} INFO - [2026-09-03T08:25:43.603+0000] {dag.py:3954} INFO - Setting next_dagrun for recommendation_model_deployment to None, run_after=None
[2026-09-03T08:25:43.695+0000] {processor.py:183} INFO - Processing /opt/airflow/dags/model_deployment_dag.py took 0.239 seconds
[2026-09-03T08:26:17.080+0000] {processor.py:161} INFO - Started process (PID=1564) to work on /opt/airflow/dags/model_deployment_dag.py
[2026-09-03T08:26:17.082+0000] {processor.py:830} INFO - Processing file /opt/airflow/dags/model_deployment_dag.py for tasks to queue
[2026-09-03T08:26:17.084+0000] {logging_mixin.py:188} INFO - [2026-09-03T08:26:17.084+0000] {dagbag.py:545} INFO - Filling up the DagBag from /opt/airflow/dags/model_deployment_dag.py
[2026-09-03T08:26:17.158+0000] {processor.py:840} INFO - DAG(s) 'recommendation_model_deployment' retrieved from /opt/airflow/dags/model_deployment_dag.py
[2026-09-03T08:26:17.201+0000] {logging_mixin.py:188} INFO - [2026-09-03T08:26:17.200+0000] {dag.py:3096} INFO - Sync 1 DAGs
[2026-09-03T08:26:17.215+0000] {logging_mixin.py:188} INFO - [2026-09-03T08:26:17.214+0000] {dag.py:3954} INFO - Setting next_dagrun for recommendation_model_deployment to None, run_after=None
[2026-09-03T08:26:17.297+0000] {processor.py:183} INFO - Processing /opt/airflow/dags/model_deployment_dag.py took 0.228 seconds
[2026-09-03T08:26:50.831+0000] {processor.py:161} INFO - Started process (PID=1576) to work on /opt/airflow/dags/model_deployment_dag.py
[2026-09-03T08:26:50.834+0000] {processor.py:830} INFO - Processing file /opt/airflow/dags/model_deployment_dag.py for tasks to queue
[2026-09-03T08:26:50.841+0000] {logging_mixin.py:188} INFO - [2026-09-03T08:26:50.840+0000] {dagbag.py:545} INFO - Filling up the DagBag from /opt/airflow/dags/model_deployment_dag.py
[2026-09-03T08:26:50.936+0000] {processor.py:840} INFO - DAG(s) 'recommendation_model_deployment' retrieved from /opt/airflow/dags/model_deployment_dag.py
[2026-09-03T08:26:50.983+0000] {logging_mixin.py:188} INFO - [2026-09-03T08:26:50.983+0000] {dag.py:3096} INFO - Sync 1 DAGs
[2026-09-03T08:26:50.998+0000] {logging_mixin.py:188} INFO - [2026-09-03T08:26:50.998+0000] {dag.py:3954} INFO - Setting next_dagrun for recommendation_model_deployment to None, run_after=None
[2026-09-03T08:26:51.112+0000] {processor.py:183} INFO - Processing /opt/airflow/dags/model_deployment_dag.py took 0.295 seconds
[2026-09-03T08:27:27.259+0000] {processor.py:161} INFO - Started process (PID=1588) to work on /opt/airflow/dags/model_deployment_dag.py
[2026-09-03T08:27:27.261+0000] {processor.py:830} INFO - Processing file /opt/airflow/dags/model_deployment_dag.py for tasks to queue
[2026-09-03T08:27:27.264+0000] {logging_mixin.py:188} INFO - [2026-09-03T08:27:27.263+0000] {dagbag.py:545} INFO - Filling up the DagBag from /opt/airflow/dags/model_deployment_dag.py
[2026-09-03T08:27:27.336+0000] {processor.py:840} INFO - DAG(s) 'recommendation_model_deployment' retrieved from /opt/airflow/dags/model_deployment_dag.py
[2026-09-03T08:27:27.387+0000] {logging_mixin.py:188} INFO - [2026-09-03T08:27:27.387+0000] {dag.py:3096} INFO - Sync 1 DAGs
[2026-09-03T08:27:27.403+0000] {logging_mixin.py:188} INFO - [2026-09-03T08:27:27.403+0000] {dag.py:3954} INFO - Setting next_dagrun for recommendation_model_deployment to None, run_after=None
[2026-09-03T08:27:27.487+0000] {processor.py:183} INFO - Processing /opt/airflow/dags/model_deployment_dag.py took 0.237 seconds
[2026-09-03T08:27:59.097+0000] {processor.py:161} INFO - Started process (PID=1600) to work on /opt/airflow/dags/model_deployment_dag.py
[2026-09-03T08:27:59.099+0000] {processor.py:830} INFO - Processing file /opt/airflow/dags/model_deployment_dag.py for tasks to queue
[2026-09-03T08:27:59.103+0000] {logging_mixin.py:188} INFO - [2026-09-03T08:27:59.103+0000] {dagbag.py:545} INFO - Filling up the DagBag from /opt/airflow/dags/model_deployment_dag.py
[2026-09-03T08:27:59.212+0000] {processor.py:840} INFO - DAG(s) 'recommendation_model_deployment' retrieved from /opt/airflow/dags/model_deployment_dag.py
[2026-09-03T08:27:59.287+0000] {logging_mixin.py:188} INFO - [2026-09-03T08:27:59.287+0000] {dag.py:3096} INFO - Sync 1 DAGs
[2026-09-03T08:27:59.312+0000] {logging_mixin.py:188} INFO - [2026-09-03T08:27:59.312+0000] {dag.py:3954} INFO - Setting next_dagrun for recommendation_model_deployment to None, run_after=None
[2026-09-03T08:27:59.458+0000] {processor.py:183} INFO - Processing /opt/airflow/dags/model_deployment_dag.py took 0.379 seconds
[2026-09-03T08:28:33.551+0000] {processor.py:161} INFO - Started process (PID=1612) to work on /opt/airflow/dags/model_deployment_dag.py
[2026-09-03T08:28:33.552+0000] {processor.py:830} INFO - Processing file /opt/airflow/dags/model_deployment_dag.py for tasks to queue
[2026-09-03T08:28:33.555+0000] {logging_mixin.py:188} INFO - [2026-09-03T08:28:33.554+0000] {dagbag.py:545} INFO - Filling up the DagBag from /opt/airflow/dags/model_deployment_dag.py
[2026-09-03T08:28:33.616+0000] {processor.py:840} INFO - DAG(s) 'recommendation_model_deployment' retrieved from /opt/airflow/dags/model_deployment_dag.py
[2026-09-03T08:28:33.654+0000] {logging_mixin.py:188} INFO - [2026-09-03T08:28:33.654+0000] {dag.py:3096} INFO - Sync 1 DAGs
[2026-09-03T08:28:33.670+0000] {logging_mixin.py:188} INFO - [2026-09-03T08:28:33.670+0000] {dag.py:3954} INFO - Setting next_dagrun for recommendation_model_deployment to None, run_after=None
[2026-09-03T08:28:33.735+0000] {processor.py:183} INFO - Processing /opt/airflow/dags/model_deployment_dag.py took 0.194 seconds
[2026-09-03T08:29:08.284+0000] {processor.py:161} INFO - Started process (PID=1624) to work on /opt/airflow/dags/model_deployment_dag.py
[2026-09-03T08:29:08.286+0000] {processor.py:830} INFO - Processing file /opt/airflow/dags/model_deployment_dag.py for tasks to queue
[2026-09-03T08:29:08.290+0000] {logging_mixin.py:188} INFO - [2026-09-03T08:29:08.289+0000] {dagbag.py:545} INFO - Filling up the DagBag from /opt/airflow/dags/model_deployment_dag.py
[2026-09-03T08:29:08.360+0000] {processor.py:840} INFO - DAG(s) 'recommendation_model_deployment' retrieved from /opt/airflow/dags/model_deployment_dag.py
[2026-09-03T08:29:08.400+0000] {logging_mixin.py:188} INFO - [2026-09-03T08:29:08.400+0000] {dag.py:3096} INFO - Sync 1 DAGs
[2026-09-03T08:29:08.412+0000] {logging_mixin.py:188} INFO - [2026-09-03T08:29:08.412+0000] {dag.py:3954} INFO - Setting next_dagrun for recommendation_model_deployment to None, run_after=None
[2026-09-03T08:29:08.491+0000] {processor.py:183} INFO - Processing /opt/airflow/dags/model_deployment_dag.py took 0.222 seconds
[2026-09-03T08:29:41.901+0000] {processor.py:161} INFO - Started process (PID=1636) to work on /opt/airflow/dags/model_deployment_dag.py
[2026-09-03T08:29:41.906+0000] {processor.py:830} INFO - Processing file /opt/airflow/dags/model_deployment_dag.py for tasks to queue
[2026-09-03T08:29:41.912+0000] {logging_mixin.py:188} INFO - [2026-09-03T08:29:41.909+0000] {dagbag.py:545} INFO - Filling up the DagBag from /opt/airflow/dags/model_deployment_dag.py
[2026-09-03T08:29:42.045+0000] {processor.py:840} INFO - DAG(s) 'recommendation_model_deployment' retrieved from /opt/airflow/dags/model_deployment_dag.py
[2026-09-03T08:29:42.129+0000] {logging_mixin.py:188} INFO - [2026-09-03T08:29:42.128+0000] {dag.py:3096} INFO - Sync 1 DAGs
[2026-09-03T08:29:42.162+0000] {logging_mixin.py:188} INFO - [2026-09-03T08:29:42.162+0000] {dag.py:3954} INFO - Setting next_dagrun for recommendation_model_deployment to None, run_after=None
[2026-09-03T08:29:42.310+0000] {processor.py:183} INFO - Processing /opt/airflow/dags/model_deployment_dag.py took 0.428 seconds
[2026-09-03T08:30:15.436+0000] {processor.py:161} INFO - Started process (PID=1648) to work on /opt/airflow/dags/model_deployment_dag.py
[2026-09-03T08:30:15.438+0000] {processor.py:830} INFO - Processing file /opt/airflow/dags/model_deployment_dag.py for tasks to queue
[2026-09-03T08:30:15.441+0000] {logging_mixin.py:188} INFO - [2026-09-03T08:30:15.441+0000] {dagbag.py:545} INFO - Filling up the DagBag from /opt/airflow/dags/model_deployment_dag.py
[2026-09-03T08:30:15.514+0000] {processor.py:840} INFO - DAG(s) 'recommendation_model_deployment' retrieved from /opt/airflow/dags/model_deployment_dag.py
[2026-09-03T08:30:15.557+0000] {logging_mixin.py:188} INFO - [2026-09-03T08:30:15.557+0000] {dag.py:3096} INFO - Sync 1 DAGs
[2026-09-03T08:30:15.573+0000] {logging_mixin.py:188} INFO - [2026-09-03T08:30:15.573+0000] {dag.py:3954} INFO - Setting next_dagrun for recommendation_model_deployment to None, run_after=None
[2026-09-03T08:30:15.646+0000] {processor.py:183} INFO - Processing /opt/airflow/dags/model_deployment_dag.py took 0.223 seconds
[2026-09-03T08:30:48.049+0000] {processor.py:161} INFO - Started process (PID=1660) to work on /opt/airflow/dags/model_deployment_dag.py
[2026-09-03T08:30:48.055+0000] {processor.py:830} INFO - Processing file /opt/airflow/dags/model_deployment_dag.py for tasks to queue
[2026-09-03T08:30:48.062+0000] {logging_mixin.py:188} INFO - [2026-09-03T08:30:48.061+0000] {dagbag.py:545} INFO - Filling up the DagBag from /opt/airflow/dags/model_deployment_dag.py
[2026-09-03T08:30:48.205+0000] {processor.py:840} INFO - DAG(s) 'recommendation_model_deployment' retrieved from /opt/airflow/dags/model_deployment_dag.py
[2026-09-03T08:30:48.266+0000] {logging_mixin.py:188} INFO - [2026-09-03T08:30:48.265+0000] {dag.py:3096} INFO - Sync 1 DAGs
[2026-09-03T08:30:48.292+0000] {logging_mixin.py:188} INFO - [2026-09-03T08:30:48.291+0000] {dag.py:3954} INFO - Setting next_dagrun for recommendation_model_deployment to None, run_after=None
[2026-09-03T08:30:48.453+0000] {processor.py:183} INFO - Processing /opt/airflow/dags/model_deployment_dag.py took 0.417 seconds
[2026-09-03T08:31:19.310+0000] {processor.py:161} INFO - Started process (PID=1662) to work on /opt/airflow/dags/model_deployment_dag.py
[2026-09-03T08:31:19.313+0000] {processor.py:830} INFO - Processing file /opt/airflow/dags/model_deployment_dag.py for tasks to queue
[2026-09-03T08:31:19.320+0000] {logging_mixin.py:188} INFO - [2026-09-03T08:31:19.319+0000] {dagbag.py:545} INFO - Filling up the DagBag from /opt/airflow/dags/model_deployment_dag.py
[2026-09-03T08:31:19.432+0000] {processor.py:840} INFO - DAG(s) 'recommendation_model_deployment' retrieved from /opt/airflow/dags/model_deployment_dag.py
[2026-09-03T08:31:19.488+0000] {logging_mixin.py:188} INFO - [2026-09-03T08:31:19.487+0000] {dag.py:3096} INFO - Sync 1 DAGs
[2026-09-03T08:31:19.507+0000] {logging_mixin.py:188} INFO - [2026-09-03T08:31:19.507+0000] {dag.py:3954} INFO - Setting next_dagrun for recommendation_model_deployment to None, run_after=None
[2026-09-03T08:31:19.603+0000] {processor.py:183} INFO - Processing /opt/airflow/dags/model_deployment_dag.py took 0.325 seconds
[2026-09-03T08:31:50.145+0000] {processor.py:161} INFO - Started process (PID=1674) to work on /opt/airflow/dags/model_deployment_dag.py
[2026-09-03T08:31:50.148+0000] {processor.py:830} INFO - Processing file /opt/airflow/dags/model_deployment_dag.py for tasks to queue
[2026-09-03T08:31:50.151+0000] {logging_mixin.py:188} INFO - [2026-09-03T08:31:50.150+0000] {dagbag.py:545} INFO - Filling up the DagBag from /opt/airflow/dags/model_deployment_dag.py
[2026-09-03T08:31:50.234+0000] {processor.py:840} INFO - DAG(s) 'recommendation_model_deployment' retrieved from /opt/airflow/dags/model_deployment_dag.py
[2026-09-03T08:31:50.282+0000] {logging_mixin.py:188} INFO - [2026-09-03T08:31:50.282+0000] {dag.py:3096} INFO - Sync 1 DAGs
[2026-09-03T08:31:50.299+0000] {logging_mixin.py:188} INFO - [2026-09-03T08:31:50.298+0000] {dag.py:3954} INFO - Setting next_dagrun for recommendation_model_deployment to None, run_after=None
[2026-09-03T08:31:50.372+0000] {processor.py:183} INFO - Processing /opt/airflow/dags/model_deployment_dag.py took 0.242 seconds
[2026-09-03T08:32:21.023+0000] {processor.py:161} INFO - Started process (PID=1686) to work on /opt/airflow/dags/model_deployment_dag.py
[2026-09-03T08:32:21.026+0000] {processor.py:830} INFO - Processing file /opt/airflow/dags/model_deployment_dag.py for tasks to queue
[2026-09-03T08:32:21.030+0000] {logging_mixin.py:188} INFO - [2026-09-03T08:32:21.029+0000] {dagbag.py:545} INFO - Filling up the DagBag from /opt/airflow/dags/model_deployment_dag.py
[2026-09-03T08:32:21.154+0000] {processor.py:840} INFO - DAG(s) 'recommendation_model_deployment' retrieved from /opt/airflow/dags/model_deployment_dag.py
[2026-09-03T08:32:21.227+0000] {logging_mixin.py:188} INFO - [2026-09-03T08:32:21.227+0000] {dag.py:3096} INFO - Sync 1 DAGs
[2026-09-03T08:32:21.248+0000] {logging_mixin.py:188} INFO - [2026-09-03T08:32:21.248+0000] {dag.py:3954} INFO - Setting next_dagrun for recommendation_model_deployment to None, run_after=None
[2026-09-03T08:32:21.354+0000] {processor.py:183} INFO - Processing /opt/airflow/dags/model_deployment_dag.py took 0.347 seconds
[2026-09-03T08:32:51.600+0000] {processor.py:161} INFO - Started process (PID=1698) to work on /opt/airflow/dags/model_deployment_dag.py
[2026-09-03T08:32:51.601+0000] {processor.py:830} INFO - Processing file /opt/airflow/dags/model_deployment_dag.py for tasks to queue
[2026-09-03T08:32:51.604+0000] {logging_mixin.py:188} INFO - [2026-09-03T08:32:51.603+0000] {dagbag.py:545} INFO - Filling up the DagBag from /opt/airflow/dags/model_deployment_dag.py
[2026-09-03T08:32:51.755+0000] {processor.py:840} INFO - DAG(s) 'recommendation_model_deployment' retrieved from /opt/airflow/dags/model_deployment_dag.py
[2026-09-03T08:32:51.801+0000] {logging_mixin.py:188} INFO - [2026-09-03T08:32:51.801+0000] {dag.py:3096} INFO - Sync 1 DAGs
[2026-09-03T08:32:51.817+0000] {logging_mixin.py:188} INFO - [2026-09-03T08:32:51.817+0000] {dag.py:3954} INFO - Setting next_dagrun for recommendation_model_deployment to None, run_after=None
[2026-09-03T08:32:51.881+0000] {processor.py:183} INFO - Processing /opt/airflow/dags/model_deployment_dag.py took 0.294 seconds
[2026-09-03T08:33:22.762+0000] {processor.py:161} INFO - Started process (PID=1710) to work on /opt/airflow/dags/model_deployment_dag.py
[2026-09-03T08:33:22.763+0000] {processor.py:830} INFO - Processing file /opt/airflow/dags/model_deployment_dag.py for tasks to queue
[2026-09-03T08:33:22.766+0000] {logging_mixin.py:188} INFO - [2026-09-03T08:33:22.765+0000] {dagbag.py:545} INFO - Filling up the DagBag from /opt/airflow/dags/model_deployment_dag.py
[2026-09-03T08:33:22.864+0000] {processor.py:840} INFO - DAG(s) 'recommendation_model_deployment' retrieved from /opt/airflow/dags/model_deployment_dag.py
[2026-09-03T08:33:22.912+0000] {logging_mixin.py:188} INFO - [2026-09-03T08:33:22.912+0000] {dag.py:3096} INFO - Sync 1 DAGs
[2026-09-03T08:33:22.929+0000] {logging_mixin.py:188} INFO - [2026-09-03T08:33:22.929+0000] {dag.py:3954} INFO - Setting next_dagrun for recommendation_model_deployment to None, run_after=None
[2026-09-03T08:33:23.021+0000] {processor.py:183} INFO - Processing /opt/airflow/dags/model_deployment_dag.py took 0.280 seconds
[2026-09-03T08:33:53.419+0000] {processor.py:161} INFO - Started process (PID=1722) to work on /opt/airflow/dags/model_deployment_dag.py
[2026-09-03T08:33:53.420+0000] {processor.py:830} INFO - Processing file /opt/airflow/dags/model_deployment_dag.py for tasks to queue
[2026-09-03T08:33:53.424+0000] {logging_mixin.py:188} INFO - [2026-09-03T08:33:53.423+0000] {dagbag.py:545} INFO - Filling up the DagBag from /opt/airflow/dags/model_deployment_dag.py
[2026-09-03T08:33:53.560+0000] {processor.py:840} INFO - DAG(s) 'recommendation_model_deployment' retrieved from /opt/airflow/dags/model_deployment_dag.py
[2026-09-03T08:33:53.613+0000] {logging_mixin.py:188} INFO - [2026-09-03T08:33:53.612+0000] {dag.py:3096} INFO - Sync 1 DAGs
[2026-09-03T08:33:53.631+0000] {logging_mixin.py:188} INFO - [2026-09-03T08:33:53.631+0000] {dag.py:3954} INFO - Setting next_dagrun for recommendation_model_deployment to None, run_after=None
[2026-09-03T08:33:53.699+0000] {processor.py:183} INFO - Processing /opt/airflow/dags/model_deployment_dag.py took 0.296 seconds
[2026-09-03T08:34:24.816+0000] {processor.py:161} INFO - Started process (PID=1734) to work on /opt/airflow/dags/model_deployment_dag.py
[2026-09-03T08:34:24.818+0000] {processor.py:830} INFO - Processing file /opt/airflow/dags/model_deployment_dag.py for tasks to queue
[2026-09-03T08:34:24.821+0000] {logging_mixin.py:188} INFO - [2026-09-03T08:34:24.821+0000] {dagbag.py:545} INFO - Filling up the DagBag from /opt/airflow/dags/model_deployment_dag.py
[2026-09-03T08:34:24.919+0000] {processor.py:840} INFO - DAG(s) 'recommendation_model_deployment' retrieved from /opt/airflow/dags/model_deployment_dag.py
[2026-09-03T08:34:24.983+0000] {logging_mixin.py:188} INFO - [2026-09-03T08:34:24.983+0000] {dag.py:3096} INFO - Sync 1 DAGs
[2026-09-03T08:34:25.013+0000] {logging_mixin.py:188} INFO - [2026-09-03T08:34:25.013+0000] {dag.py:3954} INFO - Setting next_dagrun for recommendation_model_deployment to None, run_after=None
[2026-09-03T08:34:25.103+0000] {processor.py:183} INFO - Processing /opt/airflow/dags/model_deployment_dag.py took 0.298 seconds
[2026-09-03T08:34:55.877+0000] {processor.py:161} INFO - Started process (PID=1746) to work on /opt/airflow/dags/model_deployment_dag.py
[2026-09-03T08:34:55.878+0000] {processor.py:830} INFO - Processing file /opt/airflow/dags/model_deployment_dag.py for tasks to queue
[2026-09-03T08:34:55.884+0000] {logging_mixin.py:188} INFO - [2026-09-03T08:34:55.883+0000] {dagbag.py:545} INFO - Filling up the DagBag from /opt/airflow/dags/model_deployment_dag.py
[2026-09-03T08:34:55.987+0000] {processor.py:840} INFO - DAG(s) 'recommendation_model_deployment' retrieved from /opt/airflow/dags/model_deployment_dag.py
[2026-09-03T08:34:56.052+0000] {logging_mixin.py:188} INFO - [2026-09-03T08:34:56.052+0000] {dag.py:3096} INFO - Sync 1 DAGs
[2026-09-03T08:34:56.076+0000] {logging_mixin.py:188} INFO - [2026-09-03T08:34:56.076+0000] {dag.py:3954} INFO - Setting next_dagrun for recommendation_model_deployment to None, run_after=None
[2026-09-03T08:34:56.177+0000] {processor.py:183} INFO - Processing /opt/airflow/dags/model_deployment_dag.py took 0.315 seconds
[2026-09-03T08:35:26.514+0000] {processor.py:161} INFO - Started process (PID=1758) to work on /opt/airflow/dags/model_deployment_dag.py
[2026-09-03T08:35:26.516+0000] {processor.py:830} INFO - Processing file /opt/airflow/dags/model_deployment_dag.py for tasks to queue
[2026-09-03T08:35:26.519+0000] {logging_mixin.py:188} INFO - [2026-09-03T08:35:26.519+0000] {dagbag.py:545} INFO - Filling up the DagBag from /opt/airflow/dags/model_deployment_dag.py
[2026-09-03T08:35:26.620+0000] {processor.py:840} INFO - DAG(s) 'recommendation_model_deployment' retrieved from /opt/airflow/dags/model_deployment_dag.py
[2026-09-03T08:35:26.677+0000] {logging_mixin.py:188} INFO - [2026-09-03T08:35:26.677+0000] {dag.py:3096} INFO - Sync 1 DAGs
[2026-09-03T08:35:26.697+0000] {logging_mixin.py:188} INFO - [2026-09-03T08:35:26.697+0000] {dag.py:3954} INFO - Setting next_dagrun for recommendation_model_deployment to None, run_after=None
[2026-09-03T08:35:26.783+0000] {processor.py:183} INFO - Processing /opt/airflow/dags/model_deployment_dag.py took 0.281 seconds
[2026-09-03T08:35:57.811+0000] {processor.py:161} INFO - Started process (PID=1770) to work on /opt/airflow/dags/model_deployment_dag.py
[2026-09-03T08:35:57.812+0000] {processor.py:830} INFO - Processing file /opt/airflow/dags/model_deployment_dag.py for tasks to queue
[2026-09-03T08:35:57.816+0000] {logging_mixin.py:188} INFO - [2026-09-03T08:35:57.816+0000] {dagbag.py:545} INFO - Filling up the DagBag from /opt/airflow/dags/model_deployment_dag.py
[2026-09-03T08:35:57.918+0000] {processor.py:840} INFO - DAG(s) 'recommendation_model_deployment' retrieved from /opt/airflow/dags/model_deployment_dag.py
[2026-09-03T08:35:58.011+0000] {logging_mixin.py:188} INFO - [2026-09-03T08:35:58.011+0000] {dag.py:3096} INFO - Sync 1 DAGs
[2026-09-03T08:35:58.025+0000] {logging_mixin.py:188} INFO - [2026-09-03T08:35:58.025+0000] {dag.py:3954} INFO - Setting next_dagrun for recommendation_model_deployment to None, run_after=None
[2026-09-03T08:35:58.180+0000] {processor.py:183} INFO - Processing /opt/airflow/dags/model_deployment_dag.py took 0.383 seconds
[2026-09-03T08:36:31.435+0000] {processor.py:161} INFO - Started process (PID=1781) to work on /opt/airflow/dags/model_deployment_dag.py
[2026-09-03T08:36:31.437+0000] {processor.py:830} INFO - Processing file /opt/airflow/dags/model_deployment_dag.py for tasks to queue
[2026-09-03T08:36:31.440+0000] {logging_mixin.py:188} INFO - [2026-09-03T08:36:31.440+0000] {dagbag.py:545} INFO - Filling up the DagBag from /opt/airflow/dags/model_deployment_dag.py
[2026-09-03T08:36:31.560+0000] {processor.py:840} INFO - DAG(s) 'recommendation_model_deployment' retrieved from /opt/airflow/dags/model_deployment_dag.py
[2026-09-03T08:36:31.617+0000] {logging_mixin.py:188} INFO - [2026-09-03T08:36:31.616+0000] {dag.py:3096} INFO - Sync 1 DAGs
[2026-09-03T08:36:31.639+0000] {logging_mixin.py:188} INFO - [2026-09-03T08:36:31.639+0000] {dag.py:3954} INFO - Setting next_dagrun for recommendation_model_deployment to None, run_after=None
[2026-09-03T08:36:31.191+0000] {processor.py:183} INFO - Processing /opt/airflow/dags/model_deployment_dag.py took 0.299 seconds
[2026-09-03T08:37:05.021+0000] {processor.py:161} INFO - Started process (PID=1793) to work on /opt/airflow/dags/model_deployment_dag.py
[2026-09-03T08:37:05.022+0000] {processor.py:830} INFO - Processing file /opt/airflow/dags/model_deployment_dag.py for tasks to queue
[2026-09-03T08:37:05.025+0000] {logging_mixin.py:188} INFO - [2026-09-03T08:37:05.025+0000] {dagbag.py:545} INFO - Filling up the DagBag from /opt/airflow/dags/model_deployment_dag.py
[2026-09-03T08:37:05.128+0000] {processor.py:840} INFO - DAG(s) 'recommendation_model_deployment' retrieved from /opt/airflow/dags/model_deployment_dag.py
[2026-09-03T08:37:05.184+0000] {logging_mixin.py:188} INFO - [2026-09-03T08:37:05.184+0000] {dag.py:3096} INFO - Sync 1 DAGs
[2026-09-03T08:37:05.204+0000] {logging_mixin.py:188} INFO - [2026-09-03T08:37:05.204+0000] {dag.py:3954} INFO - Setting next_dagrun for recommendation_model_deployment to None, run_after=None
[2026-09-03T08:37:05.326+0000] {processor.py:183} INFO - Processing /opt/airflow/dags/model_deployment_dag.py took 0.315 seconds
[2026-09-03T08:37:38.679+0000] {processor.py:161} INFO - Started process (PID=1805) to work on /opt/airflow/dags/model_deployment_dag.py
[2026-09-03T08:37:38.680+0000] {processor.py:830} INFO - Processing file /opt/airflow/dags/model_deployment_dag.py for tasks to queue
[2026-09-03T08:37:38.684+0000] {logging_mixin.py:188} INFO - [2026-09-03T08:37:38.683+0000] {dagbag.py:545} INFO - Filling up the DagBag from /opt/airflow/dags/model_deployment_dag.py
[2026-09-03T08:37:38.759+0000] {processor.py:840} INFO - DAG(s) 'recommendation_model_deployment' retrieved from /opt/airflow/dags/model_deployment_dag.py
[2026-09-03T08:37:38.797+0000] {logging_mixin.py:188} INFO - [2026-09-03T08:37:38.797+0000] {dag.py:3096} INFO - Sync 1 DAGs
[2026-09-03T08:37:38.814+0000] {logging_mixin.py:188} INFO - [2026-09-03T08:37:38.814+0000] {dag.py:3954} INFO - Setting next_dagrun for recommendation_model_deployment to None, run_after=None
[2026-09-03T08:37:38.946+0000] {processor.py:183} INFO - Processing /opt/airflow/dags/model_deployment_dag.py took 0.278 seconds
[2026-09-03T08:38:09.590+0000] {processor.py:161} INFO - Started process (PID=1807) to work on /opt/airflow/dags/model_deployment_dag.py
[2026-09-03T08:38:09.592+0000] {processor.py:830} INFO - Processing file /opt/airflow/dags/model_deployment_dag.py for tasks to queue
[2026-09-03T08:38:09.595+0000] {logging_mixin.py:188} INFO - [2026-09-03T08:38:09.594+0000] {dagbag.py:545} INFO - Filling up the DagBag from /opt/airflow/dags/model_deployment_dag.py
[2026-09-03T08:38:09.739+0000] {processor.py:840} INFO - DAG(s) 'recommendation_model_deployment' retrieved from /opt/airflow/dags/model_deployment_dag.py
[2026-09-03T08:38:09.792+0000] {logging_mixin.py:188} INFO - [2026-09-03T08:38:09.792+0000] {dag.py:3096} INFO - Sync 1 DAGs
[2026-09-03T08:38:09.811+0000] {logging_mixin.py:188} INFO - [2026-09-03T08:38:09.811+0000] {dag.py:3954} INFO - Setting next_dagrun for recommendation_model_deployment to None, run_after=None
[2026-09-03T08:38:09.902+0000] {processor.py:183} INFO - Processing /opt/airflow/dags/model_deployment_dag.py took 0.325 seconds
[2026-09-03T08:38:41.289+0000] {processor.py:161} INFO - Started process (PID=1819) to work on /opt/airflow/dags/model_deployment_dag.py
[2026-09-03T08:38:41.291+0000] {processor.py:830} INFO - Processing file /opt/airflow/dags/model_deployment_dag.py for tasks to queue
[2026-09-03T08:38:41.294+0000] {logging_mixin.py:188} INFO - [2026-09-03T08:38:41.293+0000] {dagbag.py:545} INFO - Filling up the DagBag from /opt/airflow/dags/model_deployment_dag.py
[2026-09-03T08:38:41.355+0000] {processor.py:840} INFO - DAG(s) 'recommendation_model_deployment' retrieved from /opt/airflow/dags/model_deployment_dag.py
[2026-09-03T08:38:41.397+0000] {logging_mixin.py:188} INFO - [2026-09-03T08:38:41.396+0000] {dag.py:3096} INFO - Sync 1 DAGs
[2026-09-03T08:38:41.411+0000] {logging_mixin.py:188} INFO - [2026-09-03T08:38:41.411+0000] {dag.py:3954} INFO - Setting next_dagrun for recommendation_model_deployment to None, run_after=None
[2026-09-03T08:38:41.476+0000] {processor.py:183} INFO - Processing /opt/airflow/dags/model_deployment_dag.py took 0.206 seconds
[2026-09-03T08:39:12.142+0000] {processor.py:161} INFO - Started process (PID=1831) to work on /opt/airflow/dags/model_deployment_dag.py
[2026-09-03T08:39:12.145+0000] {processor.py:830} INFO - Processing file /opt/airflow/dags/model_deployment_dag.py for tasks to queue
[2026-09-03T08:39:12.150+0000] {logging_mixin.py:188} INFO - [2026-09-03T08:39:12.150+0000] {dagbag.py:545} INFO - Filling up the DagBag from /opt/airflow/dags/model_deployment_dag.py
[2026-09-03T08:39:12.233+0000] {processor.py:840} INFO - DAG(s) 'recommendation_model_deployment' retrieved from /opt/airflow/dags/model_deployment_dag.py
[2026-09-03T08:39:12.278+0000] {logging_mixin.py:188} INFO - [2026-09-03T08:39:12.277+0000] {dag.py:3096} INFO - Sync 1 DAGs
[2026-09-03T08:39:12.295+0000] {logging_mixin.py:188} INFO - [2026-09-03T08:39:12.295+0000] {dag.py:3954} INFO - Setting next_dagrun for recommendation_model_deployment to None, run_after=None
[2026-09-03T08:39:12.407+0000] {processor.py:183} INFO - Processing /opt/airflow/dags/model_deployment_dag.py took 0.281 seconds
[2026-09-03T08:39:43.682+0000] {processor.py:161} INFO - Started process (PID=1843) to work on /opt/airflow/dags/model_deployment_dag.py
[2026-09-03T08:39:43.684+0000] {processor.py:830} INFO - Processing file /opt/airflow/dags/model_deployment_dag.py for tasks to queue
[2026-09-03T08:39:43.690+0000] {logging_mixin.py:188} INFO - [2026-09-03T08:39:43.689+0000] {dagbag.py:545} INFO - Filling up the DagBag from /opt/airflow/dags/model_deployment_dag.py
[2026-09-03T08:39:43.780+0000] {processor.py:840} INFO - DAG(s) 'recommendation_model_deployment' retrieved from /opt/airflow/dags/model_deployment_dag.py
[2026-09-03T08:39:43.833+0000] {logging_mixin.py:188} INFO - [2026-09-03T08:39:43.833+0000] {dag.py:3096} INFO - Sync 1 DAGs
[2026-09-03T08:39:43.849+0000] {logging_mixin.py:188} INFO - [2026-09-03T08:39:43.849+0000] {dag.py:3954} INFO - Setting next_dagrun for recommendation_model_deployment to None, run_after=None
[2026-09-03T08:39:43.951+0000] {processor.py:183} INFO - Processing /opt/airflow/dags/model_deployment_dag.py took 0.293 seconds
[2026-09-03T08:40:15.197+0000] {processor.py:161} INFO - Started process (PID=1855) to work on /opt/airflow/dags/model_deployment_dag.py
[2026-09-03T08:40:15.199+0000] {processor.py:830} INFO - Processing file /opt/airflow/dags/model_deployment_dag.py for tasks to queue
[2026-09-03T08:40:15.202+0000] {logging_mixin.py:188} INFO - [2026-09-03T08:40:15.202+0000] {dagbag.py:545} INFO - Filling up the DagBag from /opt/airflow/dags/model_deployment_dag.py
[2026-09-03T08:40:15.299+0000] {processor.py:840} INFO - DAG(s) 'recommendation_model_deployment' retrieved from /opt/airflow/dags/model_deployment_dag.py
[2026-09-03T08:40:15.374+0000] {logging_mixin.py:188} INFO - [2026-09-03T08:40:15.374+0000] {dag.py:3096} INFO - Sync 1 DAGs
[2026-09-03T08:40:15.391+0000] {logging_mixin.py:188} INFO - [2026-09-03T08:40:15.391+0000] {dag.py:3954} INFO - Setting next_dagrun for recommendation_model_deployment to None, run_after=None
[2026-09-03T08:40:15.508+0000] {processor.py:183} INFO - Processing /opt/airflow/dags/model_deployment_dag.py took 0.323 seconds
[2026-09-03T08:40:46.188+0000] {processor.py:161} INFO - Started process (PID=1867) to work on /opt/airflow/dags/model_deployment_dag.py
[2026-09-03T08:40:46.191+0000] {processor.py:830} INFO - Processing file /opt/airflow/dags/model_deployment_dag.py for tasks to queue
[2026-09-03T08:40:46.195+0000] {logging_mixin.py:188} INFO - [2026-09-03T08:40:46.194+0000] {dagbag.py:545} INFO - Filling up the DagBag from /opt/airflow/dags/model_deployment_dag.py
[2026-09-03T08:40:46.272+0000] {processor.py:840} INFO - DAG(s) 'recommendation_model_deployment' retrieved from /opt/airflow/dags/model_deployment_dag.py
[2026-09-03T08:40:46.316+0000] {logging_mixin.py:188} INFO - [2026-09-03T08:40:46.316+0000] {dag.py:3096} INFO - Sync 1 DAGs
[2026-09-03T08:40:46.334+0000] {logging_mixin.py:188} INFO - [2026-09-03T08:40:46.333+0000] {dag.py:3954} INFO - Setting next_dagrun for recommendation_model_deployment to None, run_after=None
[2026-09-03T08:40:46.627+0000] {processor.py:183} INFO - Processing /opt/airflow/dags/model_deployment_dag.py took 0.452 seconds
[2026-09-03T08:41:17.365+0000] {processor.py:161} INFO - Started process (PID=1879) to work on /opt/airflow/dags/model_deployment_dag.py
[2026-09-03T08:41:17.367+0000] {processor.py:830} INFO - Processing file /opt/airflow/dags/model_deployment_dag.py for tasks to queue
[2026-09-03T08:41:17.369+0000] {logging_mixin.py:188} INFO - [2026-09-03T08:41:17.368+0000] {dagbag.py:545} INFO - Filling up the DagBag from /opt/airflow/dags/model_deployment_dag.py
[2026-09-03T08:41:17.448+0000] {processor.py:840} INFO - DAG(s) 'recommendation_model_deployment' retrieved from /opt/airflow/dags/model_deployment_dag.py
[2026-09-03T08:41:17.497+0000] {logging_mixin.py:188} INFO - [2026-09-03T08:41:17.497+0000] {dag.py:3096} INFO - Sync 1 DAGs
[2026-09-03T08:41:17.515+0000] {logging_mixin.py:188} INFO - [2026-09-03T08:41:17.514+0000] {dag.py:3954} INFO - Setting next_dagrun for recommendation_model_deployment to None, run_after=None
[2026-09-03T08:41:17.597+0000] {processor.py:183} INFO - Processing /opt/airflow/dags/model_deployment_dag.py took 0.246 seconds
[2026-09-03T08:41:48.676+0000] {processor.py:161} INFO - Started process (PID=1891) to work on /opt/airflow/dags/model_deployment_dag.py
[2026-09-03T08:41:48.678+0000] {processor.py:830} INFO - Processing file /opt/airflow/dags/model_deployment_dag.py for tasks to queue
[2026-09-03T08:41:48.681+0000] {logging_mixin.py:188} INFO - [2026-09-03T08:41:48.680+0000] {dagbag.py:545} INFO - Filling up the DagBag from /opt/airflow/dags/model_deployment_dag.py
[2026-09-03T08:41:48.776+0000] {processor.py:840} INFO - DAG(s) 'recommendation_model_deployment' retrieved from /opt/airflow/dags/model_deployment_dag.py
[2026-09-03T08:41:48.851+0000] {logging_mixin.py:188} INFO - [2026-09-03T08:41:48.850+0000] {dag.py:3096} INFO - Sync 1 DAGs
[2026-09-03T08:41:48.880+0000] {logging_mixin.py:188} INFO - [2026-09-03T08:41:48.879+0000] {dag.py:3954} INFO - Setting next_dagrun for recommendation_model_deployment to None, run_after=None
[2026-09-03T08:41:48.973+0000] {processor.py:183} INFO - Processing /opt/airflow/dags/model_deployment_dag.py took 0.316 seconds
[2026-09-03T08:42:20.235+0000] {processor.py:161} INFO - Started process (PID=1903) to work on /opt/airflow/dags/model_deployment_dag.py
[2026-09-03T08:42:20.238+0000] {processor.py:830} INFO - Processing file /opt/airflow/dags/model_deployment_dag.py for tasks to queue
[2026-09-03T08:42:20.244+0000] {logging_mixin.py:188} INFO - [2026-09-03T08:42:20.244+0000] {dagbag.py:545} INFO - Filling up the DagBag from /opt/airflow/dags/model_deployment_dag.py
[2026-09-03T08:42:20.356+0000] {processor.py:840} INFO - DAG(s) 'recommendation_model_deployment' retrieved from /opt/airflow/dags/model_deployment_dag.py
[2026-09-03T08:42:20.444+0000] {logging_mixin.py:188} INFO - [2026-09-03T08:42:20.443+0000] {dag.py:3096} INFO - Sync 1 DAGs
[2026-09-03T08:42:20.489+0000] {logging_mixin.py:188} INFO - [2026-09-03T08:42:20.489+0000] {dag.py:3954} INFO - Setting next_dagrun for recommendation_model_deployment to None, run_after=None
[2026-09-03T08:42:20.766+0000] {processor.py:183} INFO - Processing /opt/airflow/dags/model_deployment_dag.py took 0.550 seconds
[2026-09-03T08:42:50.963+0000] {processor.py:161} INFO - Started process (PID=1915) to work on /opt/airflow/dags/model_deployment_dag.py
[2026-09-03T08:42:50.965+0000] {processor.py:830} INFO - Processing file /opt/airflow/dags/model_deployment_dag.py for tasks to queue
[2026-09-03T08:42:50.967+0000] {logging_mixin.py:188} INFO - [2026-09-03T08:42:50.967+0000] {dagbag.py:545} INFO - Filling up the DagBag from /opt/airflow/dags/model_deployment_dag.py
[2026-09-03T08:42:51.032+0000] {processor.py:840} INFO - DAG(s) 'recommendation_model_deployment' retrieved from /opt/airflow/dags/model_deployment_dag.py
[2026-09-03T08:42:51.084+0000] {logging_mixin.py:188} INFO - [2026-09-03T08:42:51.084+0000] {dag.py:3096} INFO - Sync 1 DAGs
[2026-09-03T08:42:51.103+0000] {logging_mixin.py:188} INFO - [2026-09-03T08:42:51.103+0000] {dag.py:3954} INFO - Setting next_dagrun for recommendation_model_deployment to None, run_after=None
[2026-09-03T08:42:51.173+0000] {processor.py:183} INFO - Processing /opt/airflow/dags/model_deployment_dag.py took 0.219 seconds
[2026-09-03T08:43:22.364+0000] {processor.py:161} INFO - Started process (PID=1927) to work on /opt/airflow/dags/model_deployment_dag.py
[2026-09-03T08:43:22.368+0000] {processor.py:830} INFO - Processing file /opt/airflow/dags/model_deployment_dag.py for tasks to queue
[2026-09-03T08:43:22.373+0000] {logging_mixin.py:188} INFO - [2026-09-03T08:43:22.372+0000] {dagbag.py:545} INFO - Filling up the DagBag from /opt/airflow/dags/model_deployment_dag.py
[2026-09-03T08:43:22.477+0000] {processor.py:840} INFO - DAG(s) 'recommendation_model_deployment' retrieved from /opt/airflow/dags/model_deployment_dag.py
[2026-09-03T08:43:22.555+0000] {logging_mixin.py:188} INFO - [2026-09-03T08:43:22.555+0000] {dag.py:3096} INFO - Sync 1 DAGs
[2026-09-03T08:43:22.586+0000] {logging_mixin.py:188} INFO - [2026-09-03T08:43:22.586+0000] {dag.py:3954} INFO - Setting next_dagrun for recommendation_model_deployment to None, run_after=None
[2026-09-03T08:43:22.755+0000] {processor.py:183} INFO - Processing /opt/airflow/dags/model_deployment_dag.py took 0.409 seconds
[2026-09-03T08:43:54.243+0000] {processor.py:161} INFO - Started process (PID=1939) to work on /opt/airflow/dags/model_deployment_dag.py
[2026-09-03T08:43:54.245+0000] {processor.py:830} INFO - Processing file /opt/airflow/dags/model_deployment_dag.py for tasks to queue
[2026-09-03T08:43:54.248+0000] {logging_mixin.py:188} INFO - [2026-09-03T08:43:54.248+0000] {dagbag.py:545} INFO - Filling up the DagBag from /opt/airflow/dags/model_deployment_dag.py
[2026-09-03T08:43:54.326+0000] {processor.py:840} INFO - DAG(s) 'recommendation_model_deployment' retrieved from /opt/airflow/dags/model_deployment_dag.py
[2026-09-03T08:43:54.377+0000] {logging_mixin.py:188} INFO - [2026-09-03T08:43:54.376+0000] {dag.py:3096} INFO - Sync 1 DAGs
[2026-09-03T08:43:54.397+0000] {logging_mixin.py:188} INFO - [2026-09-03T08:43:54.397+0000] {dag.py:3954} INFO - Setting next_dagrun for recommendation_model_deployment to None, run_after=None
[2026-09-03T08:43:54.712+0000] {processor.py:183} INFO - Processing /opt/airflow/dags/model_deployment_dag.py took 0.487 seconds
[2026-09-03T08:44:25.424+0000] {processor.py:161} INFO - Started process (PID=1950) to work on /opt/airflow/dags/model_deployment_dag.py
[2026-09-03T08:44:25.427+0000] {processor.py:830} INFO - Processing file /opt/airflow/dags/model_deployment_dag.py for tasks to queue
[2026-09-03T08:44:25.430+0000] {logging_mixin.py:188} INFO - [2026-09-03T08:44:25.429+0000] {dagbag.py:545} INFO - Filling up the DagBag from /opt/airflow/dags/model_deployment_dag.py
[2026-09-03T08:44:25.491+0000] {processor.py:840} INFO - DAG(s) 'recommendation_model_deployment' retrieved from /opt/airflow/dags/model_deployment_dag.py
[2026-09-03T08:44:25.530+0000] {logging_mixin.py:188} INFO - [2026-09-03T08:44:25.530+0000] {dag.py:3096} INFO - Sync 1 DAGs
[2026-09-03T08:44:25.544+0000] {logging_mixin.py:188} INFO - [2026-09-03T08:44:25.544+0000] {dag.py:3954} INFO - Setting next_dagrun for recommendation_model_deployment to None, run_after=None
[2026-09-03T08:44:25.618+0000] {processor.py:183} INFO - Processing /opt/airflow/dags/model_deployment_dag.py took 0.209 seconds
[2026-09-03T08:44:58.769+0000] {processor.py:161} INFO - Started process (PID=1962) to work on /opt/airflow/dags/model_deployment_dag.py
[2026-09-03T08:44:58.771+0000] {processor.py:830} INFO - Processing file /opt/airflow/dags/model_deployment_dag.py for tasks to queue
[2026-09-03T08:44:58.773+0000] {logging_mixin.py:188} INFO - [2026-09-03T08:44:58.773+0000] {dagbag.py:545} INFO - Filling up the DagBag from /opt/airflow/dags/model_deployment_dag.py
[2026-09-03T08:44:58.842+0000] {processor.py:840} INFO - DAG(s) 'recommendation_model_deployment' retrieved from /opt/airflow/dags/model_deployment_dag.py
[2026-09-03T08:44:58.909+0000] {logging_mixin.py:188} INFO - [2026-09-03T08:44:58.909+0000] {dag.py:3096} INFO - Sync 1 DAGs
[2026-09-03T08:44:58.931+0000] {logging_mixin.py:188} INFO - [2026-09-03T08:44:58.930+0000] {dag.py:3954} INFO - Setting next_dagrun for recommendation_model_deployment to None, run_after=None
[2026-09-03T08:44:59.017+0000] {processor.py:183} INFO - Processing /opt/airflow/dags/model_deployment_dag.py took 0.260 seconds
[2026-09-03T08:45:29.266+0000] {processor.py:161} INFO - Started process (PID=1964) to work on /opt/airflow/dags/model_deployment_dag.py
[2026-09-03T08:45:29.267+0000] {processor.py:830} INFO - Processing file /opt/airflow/dags/model_deployment_dag.py for tasks to queue
[2026-09-03T08:45:29.271+0000] {logging_mixin.py:188} INFO - [2026-09-03T08:45:29.270+0000] {dagbag.py:545} INFO - Filling up the DagBag from /opt/airflow/dags/model_deployment_dag.py
[2026-09-03T08:45:29.344+0000] {processor.py:840} INFO - DAG(s) 'recommendation_model_deployment' retrieved from /opt/airflow/dags/model_deployment_dag.py
[2026-09-03T08:45:29.409+0000] {logging_mixin.py:188} INFO - [2026-09-03T08:45:29.408+0000] {dag.py:3096} INFO - Sync 1 DAGs
[2026-09-03T08:45:29.612+0000] {logging_mixin.py:188} INFO - [2026-09-03T08:45:29.612+0000] {dag.py:3954} INFO - Setting next_dagrun for recommendation_model_deployment to None, run_after=None
[2026-09-03T08:45:29.697+0000] {processor.py:183} INFO - Processing /opt/airflow/dags/model_deployment_dag.py took 0.445 seconds
[2026-09-03T08:46:00.661+0000] {processor.py:161} INFO - Started process (PID=1976) to work on /opt/airflow/dags/model_deployment_dag.py
[2026-09-03T08:46:00.662+0000] {processor.py:830} INFO - Processing file /opt/airflow/dags/model_deployment_dag.py for tasks to queue
[2026-09-03T08:46:00.664+0000] {logging_mixin.py:188} INFO - [2026-09-03T08:46:00.664+0000] {dagbag.py:545} INFO - Filling up the DagBag from /opt/airflow/dags/model_deployment_dag.py
[2026-09-03T08:46:00.747+0000] {processor.py:840} INFO - DAG(s) 'recommendation_model_deployment' retrieved from /opt/airflow/dags/model_deployment_dag.py
[2026-09-03T08:46:00.926+0000] {logging_mixin.py:188} INFO - [2026-09-03T08:46:00.925+0000] {dag.py:3096} INFO - Sync 1 DAGs
[2026-09-03T08:46:00.938+0000] {logging_mixin.py:188} INFO - [2026-09-03T08:46:00.938+0000] {dag.py:3954} INFO - Setting next_dagrun for recommendation_model_deployment to None, run_after=None
[2026-09-03T08:46:01.055+0000] {processor.py:183} INFO - Processing /opt/airflow/dags/model_deployment_dag.py took 0.403 seconds
[2026-09-03T08:46:31.471+0000] {processor.py:161} INFO - Started process (PID=1988) to work on /opt/airflow/dags/model_deployment_dag.py
[2026-09-03T08:46:31.475+0000] {processor.py:830} INFO - Processing file /opt/airflow/dags/model_deployment_dag.py for tasks to queue
[2026-09-03T08:46:31.478+0000] {logging_mixin.py:188} INFO - [2026-09-03T08:46:31.478+0000] {dagbag.py:545} INFO - Filling up the DagBag from /opt/airflow/dags/model_deployment_dag.py
[2026-09-03T08:46:31.545+0000] {processor.py:840} INFO - DAG(s) 'recommendation_model_deployment' retrieved from /opt/airflow/dags/model_deployment_dag.py
[2026-09-03T08:46:31.597+0000] {logging_mixin.py:188} INFO - [2026-09-03T08:46:31.597+0000] {dag.py:3096} INFO - Sync 1 DAGs
[2026-09-03T08:46:31.620+0000] {logging_mixin.py:188} INFO - [2026-09-03T08:46:31.620+0000] {dag.py:3954} INFO - Setting next_dagrun for recommendation_model_deployment to None, run_after=None
[2026-09-03T08:46:31.719+0000] {processor.py:183} INFO - Processing /opt/airflow/dags/model_deployment_dag.py took 0.262 seconds
[2026-09-03T08:47:02.101+0000] {processor.py:161} INFO - Started process (PID=2000) to work on /opt/airflow/dags/model_deployment_dag.py
[2026-09-03T08:47:02.103+0000] {processor.py:830} INFO - Processing file /opt/airflow/dags/model_deployment_dag.py for tasks to queue
[2026-09-03T08:47:02.106+0000] {logging_mixin.py:188} INFO - [2026-09-03T08:47:02.106+0000] {dagbag.py:545} INFO - Filling up the DagBag from /opt/airflow/dags/model_deployment_dag.py
[2026-09-03T08:47:02.167+0000] {processor.py:840} INFO - DAG(s) 'recommendation_model_deployment' retrieved from /opt/airflow/dags/model_deployment_dag.py
[2026-09-03T08:47:02.213+0000] {logging_mixin.py:188} INFO - [2026-09-03T08:47:02.213+0000] {dag.py:3096} INFO - Sync 1 DAGs
[2026-09-03T08:47:02.232+0000] {logging_mixin.py:188} INFO - [2026-09-03T08:47:02.232+0000] {dag.py:3954} INFO - Setting next_dagrun for recommendation_model_deployment to None, run_after=None
[2026-09-03T08:47:02.300+0000] {processor.py:183} INFO - Processing /opt/airflow/dags/model_deployment_dag.py took 0.212 seconds
[2026-09-03T08:47:32.898+0000] {processor.py:161} INFO - Started process (PID=2012) to work on /opt/airflow/dags/model_deployment_dag.py
[2026-09-03T08:47:32.900+0000] {processor.py:830} INFO - Processing file /opt/airflow/dags/model_deployment_dag.py for tasks to queue
[2026-09-03T08:47:32.903+0000] {logging_mixin.py:188} INFO - [2026-09-03T08:47:32.903+0000] {dagbag.py:545} INFO - Filling up the DagBag from /opt/airflow/dags/model_deployment_dag.py
[2026-09-03T08:47:33.033+0000] {processor.py:840} INFO - DAG(s) 'recommendation_model_deployment' retrieved from /opt/airflow/dags/model_deployment_dag.py
[2026-09-03T08:47:33.104+0000] {logging_mixin.py:188} INFO - [2026-09-03T08:47:33.104+0000] {dag.py:3096} INFO - Sync 1 DAGs
[2026-09-03T08:47:33.128+0000] {logging_mixin.py:188} INFO - [2026-09-03T08:47:33.128+0000] {dag.py:3954} INFO - Setting next_dagrun for recommendation_model_deployment to None, run_after=None
[2026-09-03T08:47:33.204+0000] {processor.py:183} INFO - Processing /opt/airflow/dags/model_deployment_dag.py took 0.322 seconds
[2026-09-03T08:48:03.753+0000] {processor.py:161} INFO - Started process (PID=2024) to work on /opt/airflow/dags/model_deployment_dag.py
[2026-09-03T08:48:03.755+0000] {processor.py:830} INFO - Processing file /opt/airflow/dags/model_deployment_dag.py for tasks to queue
[2026-09-03T08:48:03.758+0000] {logging_mixin.py:188} INFO - [2026-09-03T08:48:03.757+0000] {dagbag.py:545} INFO - Filling up the DagBag from /opt/airflow/dags/model_deployment_dag.py
[2026-09-03T08:48:03.824+0000] {processor.py:840} INFO - DAG(s) 'recommendation_model_deployment' retrieved from /opt/airflow/dags/model_deployment_dag.py
[2026-09-03T08:48:03.867+0000] {logging_mixin.py:188} INFO - [2026-09-03T08:48:03.866+0000] {dag.py:3096} INFO - Sync 1 DAGs
[2026-09-03T08:48:03.885+0000] {logging_mixin.py:188} INFO - [2026-09-03T08:48:03.885+0000] {dag.py:3954} INFO - Setting next_dagrun for recommendation_model_deployment to None, run_after=None
[2026-09-03T08:48:03.964+0000] {processor.py:183} INFO - Processing /opt/airflow/dags/model_deployment_dag.py took 0.222 seconds
[2026-09-03T08:48:34.265+0000] {processor.py:161} INFO - Started process (PID=2036) to work on /opt/airflow/dags/model_deployment_dag.py
[2026-09-03T08:48:34.271+0000] {processor.py:830} INFO - Processing file /opt/airflow/dags/model_deployment_dag.py for tasks to queue
[2026-09-03T08:48:34.274+0000] {logging_mixin.py:188} INFO - [2026-09-03T08:48:34.274+0000] {dagbag.py:545} INFO - Filling up the DagBag from /opt/airflow/dags/model_deployment_dag.py
[2026-09-03T08:48:34.347+0000] {processor.py:840} INFO - DAG(s) 'recommendation_model_deployment' retrieved from /opt/airflow/dags/model_deployment_dag.py
[2026-09-03T08:48:34.414+0000] {logging_mixin.py:188} INFO - [2026-09-03T08:48:34.413+0000] {dag.py:3096} INFO - Sync 1 DAGs
[2026-09-03T08:48:34.435+0000] {logging_mixin.py:188} INFO - [2026-09-03T08:48:34.435+0000] {dag.py:3954} INFO - Setting next_dagrun for recommendation_model_deployment to None, run_after=None
[2026-09-03T08:48:34.531+0000] {processor.py:183} INFO - Processing /opt/airflow/dags/model_deployment_dag.py took 0.285 seconds
[2026-09-03T08:49:05.677+0000] {processor.py:161} INFO - Started process (PID=2048) to work on /opt/airflow/dags/model_deployment_dag.py
[2026-09-03T08:49:05.679+0000] {processor.py:830} INFO - Processing file /opt/airflow/dags/model_deployment_dag.py for tasks to queue
[2026-09-03T08:49:05.682+0000] {logging_mixin.py:188} INFO - [2026-09-03T08:49:05.681+0000] {dagbag.py:545} INFO - Filling up the DagBag from /opt/airflow/dags/model_deployment_dag.py
[2026-09-03T08:49:05.751+0000] {processor.py:840} INFO - DAG(s) 'recommendation_model_deployment' retrieved from /opt/airflow/dags/model_deployment_dag.py
[2026-09-03T08:49:05.852+0000] {logging_mixin.py:188} INFO - [2026-09-03T08:49:05.851+0000] {dag.py:3096} INFO - Sync 1 DAGs
[2026-09-03T08:49:05.901+0000] {logging_mixin.py:188} INFO - [2026-09-03T08:49:05.901+0000] {dag.py:3954} INFO - Setting next_dagrun for recommendation_model_deployment to None, run_after=None
[2026-09-03T08:49:05.991+0000] {processor.py:183} INFO - Processing /opt/airflow/dags/model_deployment_dag.py took 0.328 seconds
[2026-09-03T08:49:36.896+0000] {processor.py:161} INFO - Started process (PID=2060) to work on /opt/airflow/dags/model_deployment_dag.py
[2026-09-03T08:49:36.898+0000] {processor.py:830} INFO - Processing file /opt/airflow/dags/model_deployment_dag.py for tasks to queue
[2026-09-03T08:49:36.900+0000] {logging_mixin.py:188} INFO - [2026-09-03T08:49:36.900+0000] {dagbag.py:545} INFO - Filling up the DagBag from /opt/airflow/dags/model_deployment_dag.py
[2026-09-03T08:49:36.959+0000] {processor.py:840} INFO - DAG(s) 'recommendation_model_deployment' retrieved from /opt/airflow/dags/model_deployment_dag.py
[2026-09-03T08:49:37.015+0000] {logging_mixin.py:188} INFO - [2026-09-03T08:49:37.015+0000] {dag.py:3096} INFO - Sync 1 DAGs
[2026-09-03T08:49:37.035+0000] {logging_mixin.py:188} INFO - [2026-09-03T08:49:37.035+0000] {dag.py:3954} INFO - Setting next_dagrun for recommendation_model_deployment to None, run_after=None
[2026-09-03T08:49:37.124+0000] {processor.py:183} INFO - Processing /opt/airflow/dags/model_deployment_dag.py took 0.239 seconds
[2026-09-03T08:50:07.789+0000] {processor.py:161} INFO - Started process (PID=2071) to work on /opt/airflow/dags/model_deployment_dag.py
[2026-09-03T08:50:07.794+0000] {processor.py:830} INFO - Processing file /opt/airflow/dags/model_deployment_dag.py for tasks to queue
[2026-09-03T08:50:07.804+0000] {logging_mixin.py:188} INFO - [2026-09-03T08:50:07.803+0000] {dagbag.py:545} INFO - Filling up the DagBag from /opt/airflow/dags/model_deployment_dag.py
[2026-09-03T08:50:07.977+0000] {processor.py:840} INFO - DAG(s) 'recommendation_model_deployment' retrieved from /opt/airflow/dags/model_deployment_dag.py
[2026-09-03T08:50:08.216+0000] {logging_mixin.py:188} INFO - [2026-09-03T08:50:08.215+0000] {dag.py:3096} INFO - Sync 1 DAGs
[2026-09-03T08:50:08.325+0000] {logging_mixin.py:188} INFO - [2026-09-03T08:50:08.324+0000] {dag.py:3954} INFO - Setting next_dagrun for recommendation_model_deployment to None, run_after=None
[2026-09-03T08:50:08.529+0000] {processor.py:183} INFO - Processing /opt/airflow/dags/model_deployment_dag.py took 0.907 seconds
[2026-09-03T08:50:42.555+0000] {processor.py:161} INFO - Started process (PID=2083) to work on /opt/airflow/dags/model_deployment_dag.py
[2026-09-03T08:50:42.557+0000] {processor.py:830} INFO - Processing file /opt/airflow/dags/model_deployment_dag.py for tasks to queue
[2026-09-03T08:50:42.560+0000] {logging_mixin.py:188} INFO - [2026-09-03T08:50:42.560+0000] {dagbag.py:545} INFO - Filling up the DagBag from /opt/airflow/dags/model_deployment_dag.py
[2026-09-03T08:50:42.636+0000] {processor.py:840} INFO - DAG(s) 'recommendation_model_deployment' retrieved from /opt/airflow/dags/model_deployment_dag.py
[2026-09-03T08:50:42.685+0000] {logging_mixin.py:188} INFO - [2026-09-03T08:50:42.685+0000] {dag.py:3096} INFO - Sync 1 DAGs
[2026-09-03T08:50:42.703+0000] {logging_mixin.py:188} INFO - [2026-09-03T08:50:42.703+0000] {dag.py:3954} INFO - Setting next_dagrun for recommendation_model_deployment to None, run_after=None
[2026-09-03T08:50:42.796+0000] {processor.py:183} INFO - Processing /opt/airflow/dags/model_deployment_dag.py took 0.252 seconds
[2026-09-03T08:51:14.689+0000] {processor.py:161} INFO - Started process (PID=2095) to work on /opt/airflow/dags/model_deployment_dag.py
[2026-09-03T08:51:14.691+0000] {processor.py:830} INFO - Processing file /opt/airflow/dags/model_deployment_dag.py for tasks to queue
[2026-09-03T08:51:14.694+0000] {logging_mixin.py:188} INFO - [2026-09-03T08:51:14.693+0000] {dagbag.py:545} INFO - Filling up the DagBag from /opt/airflow/dags/model_deployment_dag.py
[2026-09-03T08:51:14.783+0000] {processor.py:840} INFO - DAG(s) 'recommendation_model_deployment' retrieved from /opt/airflow/dags/model_deployment_dag.py
[2026-09-03T08:51:14.848+0000] {logging_mixin.py:188} INFO - [2026-09-03T08:51:14.848+0000] {dag.py:3096} INFO - Sync 1 DAGs
[2026-09-03T08:51:14.885+0000] {logging_mixin.py:188} INFO - [2026-09-03T08:51:14.884+0000] {dag.py:3954} INFO - Setting next_dagrun for recommendation_model_deployment to None, run_after=None
[2026-09-03T08:51:14.947+0000] {processor.py:183} INFO - Processing /opt/airflow/dags/model_deployment_dag.py took 0.324 seconds
[2026-09-03T08:51:46.113+0000] {processor.py:161} INFO - Started process (PID=2097) to work on /opt/airflow/dags/model_deployment_dag.py
[2026-09-03T08:51:46.115+0000] {processor.py:830} INFO - Processing file /opt/airflow/dags/model_deployment_dag.py for tasks to queue
[2026-09-03T08:51:46.117+0000] {logging_mixin.py:188} INFO - [2026-09-03T08:51:46.117+0000] {dagbag.py:545} INFO - Filling up the DagBag from /opt/airflow/dags/model_deployment_dag.py
[2026-09-03T08:51:46.177+0000] {processor.py:840} INFO - DAG(s) 'recommendation_model_deployment' retrieved from /opt/airflow/dags/model_deployment_dag.py
[2026-09-03T08:51:46.232+0000] {logging_mixin.py:188} INFO - [2026-09-03T08:51:46.232+0000] {dag.py:3096} INFO - Sync 1 DAGs
[2026-09-03T08:51:46.256+0000] {logging_mixin.py:188} INFO - [2026-09-03T08:51:46.256+0000] {dag.py:3954} INFO - Setting next_dagrun for recommendation_model_deployment to None, run_after=None
[2026-09-03T08:51:46.354+0000] {processor.py:183} INFO - Processing /opt/airflow/dags/model_deployment_dag.py took 0.257 seconds
[2026-09-03T08:52:17.621+0000] {processor.py:161} INFO - Started process (PID=2109) to work on /opt/airflow/dags/model_deployment_dag.py
[2026-09-03T08:52:17.624+0000] {processor.py:830} INFO - Processing file /opt/airflow/dags/model_deployment_dag.py for tasks to queue
[2026-09-03T08:52:17.627+0000] {logging_mixin.py:188} INFO - [2026-09-03T08:52:17.627+0000] {dagbag.py:545} INFO - Filling up the DagBag from /opt/airflow/dags/model_deployment_dag.py
[2026-09-03T08:52:17.731+0000] {processor.py:840} INFO - DAG(s) 'recommendation_model_deployment' retrieved from /opt/airflow/dags/model_deployment_dag.py
[2026-09-03T08:52:17.807+0000] {logging_mixin.py:188} INFO - [2026-09-03T08:52:17.807+0000] {dag.py:3096} INFO - Sync 1 DAGs
[2026-09-03T08:52:17.838+0000] {logging_mixin.py:188} INFO - [2026-09-03T08:52:17.838+0000] {dag.py:3954} INFO - Setting next_dagrun for recommendation_model_deployment to None, run_after=None
[2026-09-03T08:52:17.933+0000] {processor.py:183} INFO - Processing /opt/airflow/dags/model_deployment_dag.py took 0.334 seconds
[2026-09-03T08:52:48.067+0000] {processor.py:161} INFO - Started process (PID=2121) to work on /opt/airflow/dags/model_deployment_dag.py
[2026-09-03T08:52:48.069+0000] {processor.py:830} INFO - Processing file /opt/airflow/dags/model_deployment_dag.py for tasks to queue
[2026-09-03T08:52:48.073+0000] {logging_mixin.py:188} INFO - [2026-09-03T08:52:48.072+0000] {dagbag.py:545} INFO - Filling up the DagBag from /opt/airflow/dags/model_deployment_dag.py
[2026-09-03T08:52:48.140+0000] {processor.py:840} INFO - DAG(s) 'recommendation_model_deployment' retrieved from /opt/airflow/dags/model_deployment_dag.py
[2026-09-03T08:52:48.183+0000] {logging_mixin.py:188} INFO - [2026-09-03T08:52:48.183+0000] {dag.py:3096} INFO - Sync 1 DAGs
[2026-09-03T08:52:48.201+0000] {logging_mixin.py:188} INFO - [2026-09-03T08:52:48.201+0000] {dag.py:3954} INFO - Setting next_dagrun for recommendation_model_deployment to None, run_after=None
[2026-09-03T08:52:48.292+0000] {processor.py:183} INFO - Processing /opt/airflow/dags/model_deployment_dag.py took 0.238 seconds
[2026-09-03T08:53:18.660+0000] {processor.py:161} INFO - Started process (PID=2133) to work on /opt/airflow/dags/model_deployment_dag.py
[2026-09-03T08:53:18.663+0000] {processor.py:830} INFO - Processing file /opt/airflow/dags/model_deployment_dag.py for tasks to queue
[2026-09-03T08:53:18.665+0000] {logging_mixin.py:188} INFO - [2026-09-03T08:53:18.665+0000] {dagbag.py:545} INFO - Filling up the DagBag from /opt/airflow/dags/model_deployment_dag.py
[2026-09-03T08:53:18.765+0000] {processor.py:840} INFO - DAG(s) 'recommendation_model_deployment' retrieved from /opt/airflow/dags/model_deployment_dag.py
[2026-09-03T08:53:18.812+0000] {logging_mixin.py:188} INFO - [2026-09-03T08:53:18.812+0000] {dag.py:3096} INFO - Sync 1 DAGs
[2026-09-03T08:53:18.830+0000] {logging_mixin.py:188} INFO - [2026-09-03T08:53:18.829+0000] {dag.py:3954} INFO - Setting next_dagrun for recommendation_model_deployment to None, run_after=None
[2026-09-03T08:53:18.919+0000] {processor.py:183} INFO - Processing /opt/airflow/dags/model_deployment_dag.py took 0.276 seconds
[2026-09-03T08:53:49.172+0000] {processor.py:161} INFO - Started process (PID=2145) to work on /opt/airflow/dags/model_deployment_dag.py
[2026-09-03T08:53:49.173+0000] {processor.py:830} INFO - Processing file /opt/airflow/dags/model_deployment_dag.py for tasks to queue
[2026-09-03T08:53:49.176+0000] {logging_mixin.py:188} INFO - [2026-09-03T08:53:49.175+0000] {dagbag.py:545} INFO - Filling up the DagBag from /opt/airflow/dags/model_deployment_dag.py
[2026-09-03T08:53:49.266+0000] {processor.py:840} INFO - DAG(s) 'recommendation_model_deployment' retrieved from /opt/airflow/dags/model_deployment_dag.py
[2026-09-03T08:53:49.395+0000] {logging_mixin.py:188} INFO - [2026-09-03T08:53:49.395+0000] {dag.py:3096} INFO - Sync 1 DAGs
[2026-09-03T08:53:49.420+0000] {logging_mixin.py:188} INFO - [2026-09-03T08:53:49.420+0000] {dag.py:3954} INFO - Setting next_dagrun for recommendation_model_deployment to None, run_after=None
[2026-09-03T08:53:49.528+0000] {processor.py:183} INFO - Processing /opt/airflow/dags/model_deployment_dag.py took 0.370 seconds
[2026-09-03T08:54:19.822+0000] {processor.py:161} INFO - Started process (PID=2157) to work on /opt/airflow/dags/model_deployment_dag.py
[2026-09-03T08:54:19.823+0000] {processor.py:830} INFO - Processing file /opt/airflow/dags/model_deployment_dag.py for tasks to queue
[2026-09-03T08:54:19.825+0000] {logging_mixin.py:188} INFO - [2026-09-03T08:54:19.825+0000] {dagbag.py:545} INFO - Filling up the DagBag from /opt/airflow/dags/model_deployment_dag.py
[2026-09-03T08:54:19.887+0000] {processor.py:840} INFO - DAG(s) 'recommendation_model_deployment' retrieved from /opt/airflow/dags/model_deployment_dag.py
[2026-09-03T08:54:19.929+0000] {logging_mixin.py:188} INFO - [2026-09-03T08:54:19.929+0000] {dag.py:3096} INFO - Sync 1 DAGs
[2026-09-03T08:54:19.945+0000] {logging_mixin.py:188} INFO - [2026-09-03T08:54:19.945+0000] {dag.py:3954} INFO - Setting next_dagrun for recommendation_model_deployment to None, run_after=None
[2026-09-03T08:54:20.003+0000] {processor.py:183} INFO - Processing /opt/airflow/dags/model_deployment_dag.py took 0.191 seconds
[2026-09-03T08:54:50.847+0000] {processor.py:161} INFO - Started process (PID=2169) to work on /opt/airflow/dags/model_deployment_dag.py
[2026-09-03T08:54:50.848+0000] {processor.py:830} INFO - Processing file /opt/airflow/dags/model_deployment_dag.py for tasks to queue
[2026-09-03T08:54:50.853+0000] {logging_mixin.py:188} INFO - [2026-09-03T08:54:50.852+0000] {dagbag.py:545} INFO - Filling up the DagBag from /opt/airflow/dags/model_deployment_dag.py
[2026-09-03T08:54:50.944+0000] {processor.py:840} INFO - DAG(s) 'recommendation_model_deployment' retrieved from /opt/airflow/dags/model_deployment_dag.py
[2026-09-03T08:54:51.010+0000] {logging_mixin.py:188} INFO - [2026-09-03T08:54:51.010+0000] {dag.py:3096} INFO - Sync 1 DAGs
[2026-09-03T08:54:51.043+0000] {logging_mixin.py:188} INFO - [2026-09-03T08:54:51.042+0000] {dag.py:3954} INFO - Setting next_dagrun for recommendation_model_deployment to None, run_after=None
[2026-09-03T08:54:51.250+0000] {processor.py:183} INFO - Processing /opt/airflow/dags/model_deployment_dag.py took 0.413 seconds
[2026-09-03T08:55:21.765+0000] {processor.py:161} INFO - Started process (PID=2181) to work on /opt/airflow/dags/model_deployment_dag.py
[2026-09-03T08:55:21.767+0000] {processor.py:830} INFO - Processing file /opt/airflow/dags/model_deployment_dag.py for tasks to queue
[2026-09-03T08:55:21.770+0000] {logging_mixin.py:188} INFO - [2026-09-03T08:55:21.770+0000] {dagbag.py:545} INFO - Filling up the DagBag from /opt/airflow/dags/model_deployment_dag.py
[2026-09-03T08:55:21.863+0000] {processor.py:840} INFO - DAG(s) 'recommendation_model_deployment' retrieved from /opt/airflow/dags/model_deployment_dag.py
[2026-09-03T08:55:21.915+0000] {logging_mixin.py:188} INFO - [2026-09-03T08:55:21.915+0000] {dag.py:3096} INFO - Sync 1 DAGs
[2026-09-03T08:55:21.936+0000] {logging_mixin.py:188} INFO - [2026-09-03T08:55:21.936+0000] {dag.py:3954} INFO - Setting next_dagrun for recommendation_model_deployment to None, run_after=None
[2026-09-03T08:55:22.030+0000] {processor.py:183} INFO - Processing /opt/airflow/dags/model_deployment_dag.py took 0.279 seconds
[2026-09-03T08:55:54.270+0000] {processor.py:161} INFO - Started process (PID=2192) to work on /opt/airflow/dags/model_deployment_dag.py
[2026-09-03T08:55:54.275+0000] {processor.py:830} INFO - Processing file /opt/airflow/dags/model_deployment_dag.py for tasks to queue
[2026-09-03T08:55:54.278+0000] {logging_mixin.py:188} INFO - [2026-09-03T08:55:54.277+0000] {dagbag.py:545} INFO - Filling up the DagBag from /opt/airflow/dags/model_deployment_dag.py
[2026-09-03T08:55:54.399+0000] {processor.py:840} INFO - DAG(s) 'recommendation_model_deployment' retrieved from /opt/airflow/dags/model_deployment_dag.py
[2026-09-03T08:55:54.457+0000] {logging_mixin.py:188} INFO - [2026-09-03T08:55:54.457+0000] {dag.py:3096} INFO - Sync 1 DAGs
[2026-09-03T08:55:54.473+0000] {logging_mixin.py:188} INFO - [2026-09-03T08:55:54.473+0000] {dag.py:3954} INFO - Setting next_dagrun for recommendation_model_deployment to None, run_after=None
[2026-09-03T08:55:54.576+0000] {processor.py:183} INFO - Processing /opt/airflow/dags/model_deployment_dag.py took 0.328 seconds
[2026-09-03T08:57:44.402+0000] {processor.py:161} INFO - Started process (PID=24) to work on /opt/airflow/dags/model_deployment_dag.py
[2026-09-03T08:57:44.405+0000] {processor.py:830} INFO - Processing file /opt/airflow/dags/model_deployment_dag.py for tasks to queue
[2026-09-03T08:57:44.409+0000] {logging_mixin.py:188} INFO - [2026-09-03T08:57:44.408+0000] {dagbag.py:545} INFO - Filling up the DagBag from /opt/airflow/dags/model_deployment_dag.py
[2026-09-03T08:57:44.519+0000] {processor.py:840} INFO - DAG(s) 'recommendation_model_deployment' retrieved from /opt/airflow/dags/model_deployment_dag.py
[2026-09-03T08:57:44.575+0000] {logging_mixin.py:188} INFO - [2026-09-03T08:57:44.575+0000] {dag.py:3096} INFO - Sync 1 DAGs
[2026-09-03T08:57:44.612+0000] {logging_mixin.py:188} INFO - [2026-09-03T08:57:44.611+0000] {dag.py:3954} INFO - Setting next_dagrun for recommendation_model_deployment to None, run_after=None
[2026-09-03T08:57:44.769+0000] {processor.py:183} INFO - Processing /opt/airflow/dags/model_deployment_dag.py took 0.379 seconds
[2026-09-03T08:58:16.034+0000] {processor.py:161} INFO - Started process (PID=36) to work on /opt/airflow/dags/model_deployment_dag.py
[2026-09-03T08:58:16.044+0000] {processor.py:830} INFO - Processing file /opt/airflow/dags/model_deployment_dag.py for tasks to queue
[2026-09-03T08:58:16.108+0000] {logging_mixin.py:188} INFO - [2026-09-03T08:58:16.106+0000] {dagbag.py:545} INFO - Filling up the DagBag from /opt/airflow/dags/model_deployment_dag.py
[2026-09-03T08:58:16.856+0000] {processor.py:840} INFO - DAG(s) 'recommendation_model_deployment' retrieved from /opt/airflow/dags/model_deployment_dag.py
[2026-09-03T08:58:20.332+0000] {logging_mixin.py:188} INFO - [2026-09-03T08:58:20.331+0000] {dag.py:3096} INFO - Sync 1 DAGs
[2026-09-03T08:58:20.380+0000] {logging_mixin.py:188} INFO - [2026-09-03T08:58:20.379+0000] {dag.py:3954} INFO - Setting next_dagrun for recommendation_model_deployment to None, run_after=None
[2026-09-03T08:58:20.526+0000] {processor.py:183} INFO - Processing /opt/airflow/dags/model_deployment_dag.py took 4.561 seconds
[2026-09-03T08:58:50.921+0000] {processor.py:161} INFO - Started process (PID=48) to work on /opt/airflow/dags/model_deployment_dag.py
[2026-09-03T08:58:50.925+0000] {processor.py:830} INFO - Processing file /opt/airflow/dags/model_deployment_dag.py for tasks to queue
[2026-09-03T08:58:50.930+0000] {logging_mixin.py:188} INFO - [2026-09-03T08:58:50.929+0000] {dagbag.py:545} INFO - Filling up the DagBag from /opt/airflow/dags/model_deployment_dag.py
[2026-09-03T08:58:51.000+0000] {processor.py:840} INFO - DAG(s) 'recommendation_model_deployment' retrieved from /opt/airflow/dags/model_deployment_dag.py
[2026-09-03T08:58:51.068+0000] {logging_mixin.py:188} INFO - [2026-09-03T08:58:51.068+0000] {dag.py:3096} INFO - Sync 1 DAGs
[2026-09-03T08:58:51.088+0000] {logging_mixin.py:188} INFO - [2026-09-03T08:58:51.088+0000] {dag.py:3954} INFO - Setting next_dagrun for recommendation_model_deployment to None, run_after=None
[2026-09-03T08:58:51.165+0000] {processor.py:183} INFO - Processing /opt/airflow/dags/model_deployment_dag.py took 0.260 seconds
[2026-09-03T08:59:21.395+0000] {processor.py:161} INFO - Started process (PID=60) to work on /opt/airflow/dags/model_deployment_dag.py
[2026-09-03T08:59:21.397+0000] {processor.py:830} INFO - Processing file /opt/airflow/dags/model_deployment_dag.py for tasks to queue
[2026-09-03T08:59:21.404+0000] {logging_mixin.py:188} INFO - [2026-09-03T08:59:21.403+0000] {dagbag.py:545} INFO - Filling up the DagBag from /opt/airflow/dags/model_deployment_dag.py
[2026-09-03T08:59:21.488+0000] {processor.py:840} INFO - DAG(s) 'recommendation_model_deployment' retrieved from /opt/airflow/dags/model_deployment_dag.py
[2026-09-03T08:59:21.608+0000] {logging_mixin.py:188} INFO - [2026-09-03T08:59:21.608+0000] {dag.py:3096} INFO - Sync 1 DAGs
[2026-09-03T08:59:21.634+0000] {logging_mixin.py:188} INFO - [2026-09-03T08:59:21.633+0000] {dag.py:3954} INFO - Setting next_dagrun for recommendation_model_deployment to None, run_after=None
[2026-09-03T08:59:21.696+0000] {processor.py:183} INFO - Processing /opt/airflow/dags/model_deployment_dag.py took 0.313 seconds
[2026-09-03T08:59:52.162+0000] {processor.py:161} INFO - Started process (PID=72) to work on /opt/airflow/dags/model_deployment_dag.py
[2026-09-03T08:59:52.165+0000] {processor.py:830} INFO - Processing file /opt/airflow/dags/model_deployment_dag.py for tasks to queue
[2026-09-03T08:59:52.169+0000] {logging_mixin.py:188} INFO - [2026-09-03T08:59:52.168+0000] {dagbag.py:545} INFO - Filling up the DagBag from /opt/airflow/dags/model_deployment_dag.py
[2026-09-03T08:59:52.398+0000] {processor.py:840} INFO - DAG(s) 'recommendation_model_deployment' retrieved from /opt/airflow/dags/model_deployment_dag.py
[2026-09-03T08:59:52.464+0000] {logging_mixin.py:188} INFO - [2026-09-03T08:59:52.463+0000] {dag.py:3096} INFO - Sync 1 DAGs
[2026-09-03T08:59:52.481+0000] {logging_mixin.py:188} INFO - [2026-09-03T08:59:52.480+0000] {dag.py:3954} INFO - Setting next_dagrun for recommendation_model_deployment to None, run_after=None
[2026-09-03T08:59:52.556+0000] {processor.py:183} INFO - Processing /opt/airflow/dags/model_deployment_dag.py took 0.410 seconds
