[2026-09-03T07:15:03.372+0000] {processor.py:161} INFO - Started process (PID=26) to work on /opt/airflow/dags/recommendation_training_dag.py
[2026-09-03T07:15:03.377+0000] {processor.py:830} INFO - Processing file /opt/airflow/dags/recommendation_training_dag.py for tasks to queue
[2026-09-03T07:15:03.390+0000] {logging_mixin.py:188} INFO - [2026-09-03T07:15:03.389+0000] {dagbag.py:545} INFO - Filling up the DagBag from /opt/airflow/dags/recommendation_training_dag.py
[2026-09-03T07:15:13.536+0000] {processor.py:840} INFO - DAG(s) 'recommendation_system_training' retrieved from /opt/airflow/dags/recommendation_training_dag.py
[2026-09-03T07:15:13.616+0000] {logging_mixin.py:188} INFO - [2026-09-03T07:15:13.610+0000] {dag.py:3096} INFO - Sync 1 DAGs
[2026-09-03T07:15:13.931+0000] {logging_mixin.py:188} INFO - [2026-09-03T07:15:13.931+0000] {dag.py:3954} INFO - Setting next_dagrun for recommendation_system_training to 2026-08-23 02:00:00+00:00, run_after=2026-08-30 02:00:00+00:00
[2026-09-03T07:15:14.035+0000] {processor.py:183} INFO - Processing /opt/airflow/dags/recommendation_training_dag.py took 10.710 seconds
[2026-09-03T07:15:45.061+0000] {processor.py:161} INFO - Started process (PID=38) to work on /opt/airflow/dags/recommendation_training_dag.py
[2026-09-03T07:15:45.063+0000] {processor.py:830} INFO - Processing file /opt/airflow/dags/recommendation_training_dag.py for tasks to queue
[2026-09-03T07:15:45.067+0000] {logging_mixin.py:188} INFO - [2026-09-03T07:15:45.066+0000] {dagbag.py:545} INFO - Filling up the DagBag from /opt/airflow/dags/recommendation_training_dag.py
[2026-09-03T07:15:51.031+0000] {processor.py:840} INFO - DAG(s) 'recommendation_system_training' retrieved from /opt/airflow/dags/recommendation_training_dag.py
[2026-09-03T07:15:51.209+0000] {logging_mixin.py:188} INFO - [2026-09-03T07:15:51.209+0000] {dag.py:3096} INFO - Sync 1 DAGs
[2026-09-03T07:15:51.247+0000] {logging_mixin.py:188} INFO - [2026-09-03T07:15:51.246+0000] {dag.py:3954} INFO - Setting next_dagrun for recommendation_system_training to 2026-08-23 02:00:00+00:00, run_after=2026-08-30 02:00:00+00:00
[2026-09-03T07:15:51.364+0000] {processor.py:183} INFO - Processing /opt/airflow/dags/recommendation_training_dag.py took 6.319 seconds
[2026-09-03T07:16:22.548+0000] {processor.py:161} INFO - Started process (PID=50) to work on /opt/airflow/dags/recommendation_training_dag.py
[2026-09-03T07:16:22.551+0000] {processor.py:830} INFO - Processing file /opt/airflow/dags/recommendation_training_dag.py for tasks to queue
[2026-09-03T07:16:22.556+0000] {logging_mixin.py:188} INFO - [2026-09-03T07:16:22.555+0000] {dagbag.py:545} INFO - Filling up the DagBag from /opt/airflow/dags/recommendation_training_dag.py
[2026-09-03T07:16:26.383+0000] {processor.py:840} INFO - DAG(s) 'recommendation_system_training' retrieved from /opt/airflow/dags/recommendation_training_dag.py
[2026-09-03T07:16:26.441+0000] {logging_mixin.py:188} INFO - [2026-09-03T07:16:26.440+0000] {dag.py:3096} INFO - Sync 1 DAGs
[2026-09-03T07:16:26.474+0000] {logging_mixin.py:188} INFO - [2026-09-03T07:16:26.474+0000] {dag.py:3954} INFO - Setting next_dagrun for recommendation_system_training to 2026-08-23 02:00:00+00:00, run_after=2026-08-30 02:00:00+00:00
[2026-09-03T07:16:26.571+0000] {processor.py:183} INFO - Processing /opt/airflow/dags/recommendation_training_dag.py took 4.037 seconds
[2026-09-03T07:16:57.105+0000] {processor.py:161} INFO - Started process (PID=62) to work on /opt/airflow/dags/recommendation_training_dag.py
[2026-09-03T07:16:57.108+0000] {processor.py:830} INFO - Processing file /opt/airflow/dags/recommendation_training_dag.py for tasks to queue
[2026-09-03T07:16:57.111+0000] {logging_mixin.py:188} INFO - [2026-09-03T07:16:57.110+0000] {dagbag.py:545} INFO - Filling up the DagBag from /opt/airflow/dags/recommendation_training_dag.py
[2026-09-03T07:17:05.226+0000] {processor.py:840} INFO - DAG(s) 'recommendation_system_training' retrieved from /opt/airflow/dags/recommendation_training_dag.py
[2026-09-03T07:17:05.380+0000] {logging_mixin.py:188} INFO - [2026-09-03T07:17:05.379+0000] {dag.py:3096} INFO - Sync 1 DAGs
[2026-09-03T07:17:05.447+0000] {logging_mixin.py:188} INFO - [2026-09-03T07:17:05.446+0000] {dag.py:3954} INFO - Setting next_dagrun for recommendation_system_training to 2026-08-23 02:00:00+00:00, run_after=2026-08-30 02:00:00+00:00
[2026-09-03T07:17:05.743+0000] {processor.py:183} INFO - Processing /opt/airflow/dags/recommendation_training_dag.py took 9.749 seconds
[2026-09-03T07:17:36.769+0000] {processor.py:161} INFO - Started process (PID=74) to work on /opt/airflow/dags/recommendation_training_dag.py
[2026-09-03T07:17:36.781+0000] {processor.py:830} INFO - Processing file /opt/airflow/dags/recommendation_training_dag.py for tasks to queue
[2026-09-03T07:17:36.786+0000] {logging_mixin.py:188} INFO - [2026-09-03T07:17:36.785+0000] {dagbag.py:545} INFO - Filling up the DagBag from /opt/airflow/dags/recommendation_training_dag.py
[2026-09-03T07:17:42.975+0000] {processor.py:840} INFO - DAG(s) 'recommendation_system_training' retrieved from /opt/airflow/dags/recommendation_training_dag.py
[2026-09-03T07:17:43.053+0000] {logging_mixin.py:188} INFO - [2026-09-03T07:17:43.052+0000] {dag.py:3096} INFO - Sync 1 DAGs
[2026-09-03T07:17:43.098+0000] {logging_mixin.py:188} INFO - [2026-09-03T07:17:43.097+0000] {dag.py:3954} INFO - Setting next_dagrun for recommendation_system_training to 2026-08-23 02:00:00+00:00, run_after=2026-08-30 02:00:00+00:00
[2026-09-03T07:17:43.204+0000] {processor.py:183} INFO - Processing /opt/airflow/dags/recommendation_training_dag.py took 6.524 seconds
[2026-09-03T07:18:13.674+0000] {processor.py:161} INFO - Started process (PID=86) to work on /opt/airflow/dags/recommendation_training_dag.py
[2026-09-03T07:18:13.677+0000] {processor.py:830} INFO - Processing file /opt/airflow/dags/recommendation_training_dag.py for tasks to queue
[2026-09-03T07:18:13.683+0000] {logging_mixin.py:188} INFO - [2026-09-03T07:18:13.681+0000] {dagbag.py:545} INFO - Filling up the DagBag from /opt/airflow/dags/recommendation_training_dag.py
[2026-09-03T07:18:16.908+0000] {processor.py:840} INFO - DAG(s) 'recommendation_system_training' retrieved from /opt/airflow/dags/recommendation_training_dag.py
[2026-09-03T07:18:17.016+0000] {logging_mixin.py:188} INFO - [2026-09-03T07:18:17.015+0000] {dag.py:3096} INFO - Sync 1 DAGs
[2026-09-03T07:18:17.091+0000] {logging_mixin.py:188} INFO - [2026-09-03T07:18:17.090+0000] {dag.py:3954} INFO - Setting next_dagrun for recommendation_system_training to 2026-08-23 02:00:00+00:00, run_after=2026-08-30 02:00:00+00:00
[2026-09-03T07:18:17.242+0000] {processor.py:183} INFO - Processing /opt/airflow/dags/recommendation_training_dag.py took 3.593 seconds
[2026-09-03T07:18:48.424+0000] {processor.py:161} INFO - Started process (PID=98) to work on /opt/airflow/dags/recommendation_training_dag.py
[2026-09-03T07:18:48.432+0000] {processor.py:830} INFO - Processing file /opt/airflow/dags/recommendation_training_dag.py for tasks to queue
[2026-09-03T07:18:48.437+0000] {logging_mixin.py:188} INFO - [2026-09-03T07:18:48.437+0000] {dagbag.py:545} INFO - Filling up the DagBag from /opt/airflow/dags/recommendation_training_dag.py
[2026-09-03T07:18:50.961+0000] {processor.py:840} INFO - DAG(s) 'recommendation_system_training' retrieved from /opt/airflow/dags/recommendation_training_dag.py
[2026-09-03T07:18:51.021+0000] {logging_mixin.py:188} INFO - [2026-09-03T07:18:51.021+0000] {dag.py:3096} INFO - Sync 1 DAGs
[2026-09-03T07:18:51.057+0000] {logging_mixin.py:188} INFO - [2026-09-03T07:18:51.057+0000] {dag.py:3954} INFO - Setting next_dagrun for recommendation_system_training to 2026-08-23 02:00:00+00:00, run_after=2026-08-30 02:00:00+00:00
[2026-09-03T07:18:51.129+0000] {processor.py:183} INFO - Processing /opt/airflow/dags/recommendation_training_dag.py took 2.724 seconds
[2026-09-03T07:19:21.550+0000] {processor.py:161} INFO - Started process (PID=110) to work on /opt/airflow/dags/recommendation_training_dag.py
[2026-09-03T07:19:21.552+0000] {processor.py:830} INFO - Processing file /opt/airflow/dags/recommendation_training_dag.py for tasks to queue
[2026-09-03T07:19:21.555+0000] {logging_mixin.py:188} INFO - [2026-09-03T07:19:21.554+0000] {dagbag.py:545} INFO - Filling up the DagBag from /opt/airflow/dags/recommendation_training_dag.py
[2026-09-03T07:19:23.221+0000] {processor.py:840} INFO - DAG(s) 'recommendation_system_training' retrieved from /opt/airflow/dags/recommendation_training_dag.py
[2026-09-03T07:19:23.256+0000] {logging_mixin.py:188} INFO - [2026-09-03T07:19:23.256+0000] {dag.py:3096} INFO - Sync 1 DAGs
[2026-09-03T07:19:23.293+0000] {logging_mixin.py:188} INFO - [2026-09-03T07:19:23.293+0000] {dag.py:3954} INFO - Setting next_dagrun for recommendation_system_training to 2026-08-23 02:00:00+00:00, run_after=2026-08-30 02:00:00+00:00
[2026-09-03T07:19:23.378+0000] {processor.py:183} INFO - Processing /opt/airflow/dags/recommendation_training_dag.py took 2.839 seconds
[2026-09-03T07:19:53.773+0000] {processor.py:161} INFO - Started process (PID=122) to work on /opt/airflow/dags/recommendation_training_dag.py
[2026-09-03T07:19:53.775+0000] {processor.py:830} INFO - Processing file /opt/airflow/dags/recommendation_training_dag.py for tasks to queue
[2026-09-03T07:19:53.778+0000] {logging_mixin.py:188} INFO - [2026-09-03T07:19:53.777+0000] {dagbag.py:545} INFO - Filling up the DagBag from /opt/airflow/dags/recommendation_training_dag.py
[2026-09-03T07:19:56.574+0000] {processor.py:840} INFO - DAG(s) 'recommendation_system_training' retrieved from /opt/airflow/dags/recommendation_training_dag.py
[2026-09-03T07:19:56.627+0000] {logging_mixin.py:188} INFO - [2026-09-03T07:19:56.626+0000] {dag.py:3096} INFO - Sync 1 DAGs
[2026-09-03T07:19:56.653+0000] {logging_mixin.py:188} INFO - [2026-09-03T07:19:56.653+0000] {dag.py:3954} INFO - Setting next_dagrun for recommendation_system_training to 2026-08-23 02:00:00+00:00, run_after=2026-08-30 02:00:00+00:00
[2026-09-03T07:19:56.729+0000] {processor.py:183} INFO - Processing /opt/airflow/dags/recommendation_training_dag.py took 2.971 seconds
[2026-09-03T07:20:26.953+0000] {processor.py:161} INFO - Started process (PID=134) to work on /opt/airflow/dags/recommendation_training_dag.py
[2026-09-03T07:20:26.955+0000] {processor.py:830} INFO - Processing file /opt/airflow/dags/recommendation_training_dag.py for tasks to queue
[2026-09-03T07:20:26.958+0000] {logging_mixin.py:188} INFO - [2026-09-03T07:20:26.957+0000] {dagbag.py:545} INFO - Filling up the DagBag from /opt/airflow/dags/recommendation_training_dag.py
[2026-09-03T07:20:32.873+0000] {processor.py:840} INFO - DAG(s) 'recommendation_system_training' retrieved from /opt/airflow/dags/recommendation_training_dag.py
[2026-09-03T07:20:33.020+0000] {logging_mixin.py:188} INFO - [2026-09-03T07:20:33.019+0000] {dag.py:3096} INFO - Sync 1 DAGs
[2026-09-03T07:20:33.149+0000] {logging_mixin.py:188} INFO - [2026-09-03T07:20:33.149+0000] {dag.py:3954} INFO - Setting next_dagrun for recommendation_system_training to 2026-08-23 02:00:00+00:00, run_after=2026-08-30 02:00:00+00:00
[2026-09-03T07:20:33.339+0000] {processor.py:183} INFO - Processing /opt/airflow/dags/recommendation_training_dag.py took 6.401 seconds
[2026-09-03T07:21:04.217+0000] {processor.py:161} INFO - Started process (PID=146) to work on /opt/airflow/dags/recommendation_training_dag.py
[2026-09-03T07:21:04.221+0000] {processor.py:830} INFO - Processing file /opt/airflow/dags/recommendation_training_dag.py for tasks to queue
[2026-09-03T07:21:04.227+0000] {logging_mixin.py:188} INFO - [2026-09-03T07:21:04.226+0000] {dagbag.py:545} INFO - Filling up the DagBag from /opt/airflow/dags/recommendation_training_dag.py
[2026-09-03T07:21:06.873+0000] {processor.py:840} INFO - DAG(s) 'recommendation_system_training' retrieved from /opt/airflow/dags/recommendation_training_dag.py
[2026-09-03T07:21:06.903+0000] {logging_mixin.py:188} INFO - [2026-09-03T07:21:06.903+0000] {dag.py:3096} INFO - Sync 1 DAGs
[2026-09-03T07:21:06.924+0000] {logging_mixin.py:188} INFO - [2026-09-03T07:21:06.924+0000] {dag.py:3954} INFO - Setting next_dagrun for recommendation_system_training to 2026-08-23 02:00:00+00:00, run_after=2026-08-30 02:00:00+00:00
[2026-09-03T07:21:07.012+0000] {processor.py:183} INFO - Processing /opt/airflow/dags/recommendation_training_dag.py took 2.811 seconds
[2026-09-03T07:21:37.220+0000] {processor.py:161} INFO - Started process (PID=158) to work on /opt/airflow/dags/recommendation_training_dag.py
[2026-09-03T07:21:37.221+0000] {processor.py:830} INFO - Processing file /opt/airflow/dags/recommendation_training_dag.py for tasks to queue
[2026-09-03T07:21:37.225+0000] {logging_mixin.py:188} INFO - [2026-09-03T07:21:37.224+0000] {dagbag.py:545} INFO - Filling up the DagBag from /opt/airflow/dags/recommendation_training_dag.py
[2026-09-03T07:21:40.225+0000] {processor.py:840} INFO - DAG(s) 'recommendation_system_training' retrieved from /opt/airflow/dags/recommendation_training_dag.py
[2026-09-03T07:21:40.262+0000] {logging_mixin.py:188} INFO - [2026-09-03T07:21:40.262+0000] {dag.py:3096} INFO - Sync 1 DAGs
[2026-09-03T07:21:40.289+0000] {logging_mixin.py:188} INFO - [2026-09-03T07:21:40.289+0000] {dag.py:3954} INFO - Setting next_dagrun for recommendation_system_training to 2026-08-23 02:00:00+00:00, run_after=2026-08-30 02:00:00+00:00
[2026-09-03T07:21:40.384+0000] {processor.py:183} INFO - Processing /opt/airflow/dags/recommendation_training_dag.py took 3.173 seconds
[2026-09-03T07:22:10.729+0000] {processor.py:161} INFO - Started process (PID=170) to work on /opt/airflow/dags/recommendation_training_dag.py
[2026-09-03T07:22:10.732+0000] {processor.py:830} INFO - Processing file /opt/airflow/dags/recommendation_training_dag.py for tasks to queue
[2026-09-03T07:22:10.741+0000] {logging_mixin.py:188} INFO - [2026-09-03T07:22:10.739+0000] {dagbag.py:545} INFO - Filling up the DagBag from /opt/airflow/dags/recommendation_training_dag.py
[2026-09-03T07:22:13.912+0000] {processor.py:840} INFO - DAG(s) 'recommendation_system_training' retrieved from /opt/airflow/dags/recommendation_training_dag.py
[2026-09-03T07:22:14.025+0000] {logging_mixin.py:188} INFO - [2026-09-03T07:22:14.024+0000] {dag.py:3096} INFO - Sync 1 DAGs
[2026-09-03T07:22:14.093+0000] {logging_mixin.py:188} INFO - [2026-09-03T07:22:14.093+0000] {dag.py:3954} INFO - Setting next_dagrun for recommendation_system_training to 2026-08-23 02:00:00+00:00, run_after=2026-08-30 02:00:00+00:00
[2026-09-03T07:22:14.190+0000] {processor.py:183} INFO - Processing /opt/airflow/dags/recommendation_training_dag.py took 3.512 seconds
[2026-09-03T07:22:45.070+0000] {processor.py:161} INFO - Started process (PID=182) to work on /opt/airflow/dags/recommendation_training_dag.py
[2026-09-03T07:22:45.071+0000] {processor.py:830} INFO - Processing file /opt/airflow/dags/recommendation_training_dag.py for tasks to queue
[2026-09-03T07:22:45.075+0000] {logging_mixin.py:188} INFO - [2026-09-03T07:22:45.075+0000] {dagbag.py:545} INFO - Filling up the DagBag from /opt/airflow/dags/recommendation_training_dag.py
[2026-09-03T07:22:47.788+0000] {processor.py:840} INFO - DAG(s) 'recommendation_system_training' retrieved from /opt/airflow/dags/recommendation_training_dag.py
[2026-09-03T07:22:47.937+0000] {logging_mixin.py:188} INFO - [2026-09-03T07:22:47.936+0000] {dag.py:3096} INFO - Sync 1 DAGs
[2026-09-03T07:22:48.032+0000] {logging_mixin.py:188} INFO - [2026-09-03T07:22:48.031+0000] {dag.py:3954} INFO - Setting next_dagrun for recommendation_system_training to 2026-08-23 02:00:00+00:00, run_after=2026-08-30 02:00:00+00:00
[2026-09-03T07:22:48.157+0000] {processor.py:183} INFO - Processing /opt/airflow/dags/recommendation_training_dag.py took 4.143 seconds
[2026-09-03T07:23:21.121+0000] {processor.py:161} INFO - Started process (PID=195) to work on /opt/airflow/dags/recommendation_training_dag.py
[2026-09-03T07:23:21.124+0000] {processor.py:830} INFO - Processing file /opt/airflow/dags/recommendation_training_dag.py for tasks to queue
[2026-09-03T07:23:21.126+0000] {logging_mixin.py:188} INFO - [2026-09-03T07:23:21.125+0000] {dagbag.py:545} INFO - Filling up the DagBag from /opt/airflow/dags/recommendation_training_dag.py
[2026-09-03T07:23:23.456+0000] {processor.py:840} INFO - DAG(s) 'recommendation_system_training' retrieved from /opt/airflow/dags/recommendation_training_dag.py
[2026-09-03T07:23:23.492+0000] {logging_mixin.py:188} INFO - [2026-09-03T07:23:23.492+0000] {dag.py:3096} INFO - Sync 1 DAGs
[2026-09-03T07:23:23.540+0000] {logging_mixin.py:188} INFO - [2026-09-03T07:23:23.540+0000] {dag.py:3954} INFO - Setting next_dagrun for recommendation_system_training to 2026-08-23 02:00:00+00:00, run_after=2026-08-30 02:00:00+00:00
[2026-09-03T07:23:23.640+0000] {processor.py:183} INFO - Processing /opt/airflow/dags/recommendation_training_dag.py took 2.535 seconds
[2026-09-03T07:23:54.418+0000] {processor.py:161} INFO - Started process (PID=207) to work on /opt/airflow/dags/recommendation_training_dag.py
[2026-09-03T07:23:54.421+0000] {processor.py:830} INFO - Processing file /opt/airflow/dags/recommendation_training_dag.py for tasks to queue
[2026-09-03T07:23:54.425+0000] {logging_mixin.py:188} INFO - [2026-09-03T07:23:54.424+0000] {dagbag.py:545} INFO - Filling up the DagBag from /opt/airflow/dags/recommendation_training_dag.py
[2026-09-03T07:23:56.740+0000] {processor.py:840} INFO - DAG(s) 'recommendation_system_training' retrieved from /opt/airflow/dags/recommendation_training_dag.py
[2026-09-03T07:23:56.779+0000] {logging_mixin.py:188} INFO - [2026-09-03T07:23:56.779+0000] {dag.py:3096} INFO - Sync 1 DAGs
[2026-09-03T07:23:56.802+0000] {logging_mixin.py:188} INFO - [2026-09-03T07:23:56.802+0000] {dag.py:3954} INFO - Setting next_dagrun for recommendation_system_training to 2026-08-23 02:00:00+00:00, run_after=2026-08-30 02:00:00+00:00
[2026-09-03T07:23:56.906+0000] {processor.py:183} INFO - Processing /opt/airflow/dags/recommendation_training_dag.py took 2.501 seconds
[2026-09-03T07:24:27.906+0000] {processor.py:161} INFO - Started process (PID=219) to work on /opt/airflow/dags/recommendation_training_dag.py
[2026-09-03T07:24:27.909+0000] {processor.py:830} INFO - Processing file /opt/airflow/dags/recommendation_training_dag.py for tasks to queue
[2026-09-03T07:24:27.915+0000] {logging_mixin.py:188} INFO - [2026-09-03T07:24:27.914+0000] {dagbag.py:545} INFO - Filling up the DagBag from /opt/airflow/dags/recommendation_training_dag.py
[2026-09-03T07:24:30.414+0000] {processor.py:840} INFO - DAG(s) 'recommendation_system_training' retrieved from /opt/airflow/dags/recommendation_training_dag.py
[2026-09-03T07:24:30.442+0000] {logging_mixin.py:188} INFO - [2026-09-03T07:24:30.441+0000] {dag.py:3096} INFO - Sync 1 DAGs
[2026-09-03T07:24:30.460+0000] {logging_mixin.py:188} INFO - [2026-09-03T07:24:30.460+0000] {dag.py:3954} INFO - Setting next_dagrun for recommendation_system_training to 2026-08-23 02:00:00+00:00, run_after=2026-08-30 02:00:00+00:00
[2026-09-03T07:24:30.546+0000] {processor.py:183} INFO - Processing /opt/airflow/dags/recommendation_training_dag.py took 2.656 seconds
[2026-09-03T07:25:00.745+0000] {processor.py:161} INFO - Started process (PID=231) to work on /opt/airflow/dags/recommendation_training_dag.py
[2026-09-03T07:25:00.749+0000] {processor.py:830} INFO - Processing file /opt/airflow/dags/recommendation_training_dag.py for tasks to queue
[2026-09-03T07:25:00.762+0000] {logging_mixin.py:188} INFO - [2026-09-03T07:25:00.761+0000] {dagbag.py:545} INFO - Filling up the DagBag from /opt/airflow/dags/recommendation_training_dag.py
[2026-09-03T07:25:03.918+0000] {processor.py:840} INFO - DAG(s) 'recommendation_system_training' retrieved from /opt/airflow/dags/recommendation_training_dag.py
[2026-09-03T07:25:03.959+0000] {logging_mixin.py:188} INFO - [2026-09-03T07:25:03.959+0000] {dag.py:3096} INFO - Sync 1 DAGs
[2026-09-03T07:25:04.008+0000] {logging_mixin.py:188} INFO - [2026-09-03T07:25:04.008+0000] {dag.py:3954} INFO - Setting next_dagrun for recommendation_system_training to 2026-08-23 02:00:00+00:00, run_after=2026-08-30 02:00:00+00:00
[2026-09-03T07:25:04.104+0000] {processor.py:183} INFO - Processing /opt/airflow/dags/recommendation_training_dag.py took 3.389 seconds
[2026-09-03T07:25:35.168+0000] {processor.py:161} INFO - Started process (PID=243) to work on /opt/airflow/dags/recommendation_training_dag.py
[2026-09-03T07:25:35.171+0000] {processor.py:830} INFO - Processing file /opt/airflow/dags/recommendation_training_dag.py for tasks to queue
[2026-09-03T07:25:35.174+0000] {logging_mixin.py:188} INFO - [2026-09-03T07:25:35.173+0000] {dagbag.py:545} INFO - Filling up the DagBag from /opt/airflow/dags/recommendation_training_dag.py
[2026-09-03T07:25:37.706+0000] {processor.py:840} INFO - DAG(s) 'recommendation_system_training' retrieved from /opt/airflow/dags/recommendation_training_dag.py
[2026-09-03T07:25:37.737+0000] {logging_mixin.py:188} INFO - [2026-09-03T07:25:37.736+0000] {dag.py:3096} INFO - Sync 1 DAGs
[2026-09-03T07:25:37.763+0000] {logging_mixin.py:188} INFO - [2026-09-03T07:25:37.763+0000] {dag.py:3954} INFO - Setting next_dagrun for recommendation_system_training to 2026-08-23 02:00:00+00:00, run_after=2026-08-30 02:00:00+00:00
[2026-09-03T07:25:37.838+0000] {processor.py:183} INFO - Processing /opt/airflow/dags/recommendation_training_dag.py took 2.689 seconds
[2026-09-03T07:26:08.102+0000] {processor.py:161} INFO - Started process (PID=255) to work on /opt/airflow/dags/recommendation_training_dag.py
[2026-09-03T07:26:08.108+0000] {processor.py:830} INFO - Processing file /opt/airflow/dags/recommendation_training_dag.py for tasks to queue
[2026-09-03T07:26:08.114+0000] {logging_mixin.py:188} INFO - [2026-09-03T07:26:08.114+0000] {dagbag.py:545} INFO - Filling up the DagBag from /opt/airflow/dags/recommendation_training_dag.py
[2026-09-03T07:26:09.464+0000] {processor.py:840} INFO - DAG(s) 'recommendation_system_training' retrieved from /opt/airflow/dags/recommendation_training_dag.py
[2026-09-03T07:26:09.502+0000] {logging_mixin.py:188} INFO - [2026-09-03T07:26:09.502+0000] {dag.py:3096} INFO - Sync 1 DAGs
[2026-09-03T07:26:09.550+0000] {logging_mixin.py:188} INFO - [2026-09-03T07:26:09.549+0000] {dag.py:3954} INFO - Setting next_dagrun for recommendation_system_training to 2026-08-23 02:00:00+00:00, run_after=2026-08-30 02:00:00+00:00
[2026-09-03T07:26:09.663+0000] {processor.py:183} INFO - Processing /opt/airflow/dags/recommendation_training_dag.py took 2.851 seconds
[2026-09-03T07:26:39.805+0000] {processor.py:161} INFO - Started process (PID=267) to work on /opt/airflow/dags/recommendation_training_dag.py
[2026-09-03T07:26:39.806+0000] {processor.py:830} INFO - Processing file /opt/airflow/dags/recommendation_training_dag.py for tasks to queue
[2026-09-03T07:26:39.809+0000] {logging_mixin.py:188} INFO - [2026-09-03T07:26:39.808+0000] {dagbag.py:545} INFO - Filling up the DagBag from /opt/airflow/dags/recommendation_training_dag.py
[2026-09-03T07:26:42.587+0000] {processor.py:840} INFO - DAG(s) 'recommendation_system_training' retrieved from /opt/airflow/dags/recommendation_training_dag.py
[2026-09-03T07:26:42.630+0000] {logging_mixin.py:188} INFO - [2026-09-03T07:26:42.628+0000] {dag.py:3096} INFO - Sync 1 DAGs
[2026-09-03T07:26:42.652+0000] {logging_mixin.py:188} INFO - [2026-09-03T07:26:42.652+0000] {dag.py:3954} INFO - Setting next_dagrun for recommendation_system_training to 2026-08-23 02:00:00+00:00, run_after=2026-08-30 02:00:00+00:00
[2026-09-03T07:26:42.744+0000] {processor.py:183} INFO - Processing /opt/airflow/dags/recommendation_training_dag.py took 2.951 seconds
[2026-09-03T07:27:14.055+0000] {processor.py:161} INFO - Started process (PID=279) to work on /opt/airflow/dags/recommendation_training_dag.py
[2026-09-03T07:27:14.058+0000] {processor.py:830} INFO - Processing file /opt/airflow/dags/recommendation_training_dag.py for tasks to queue
[2026-09-03T07:27:14.062+0000] {logging_mixin.py:188} INFO - [2026-09-03T07:27:14.061+0000] {dagbag.py:545} INFO - Filling up the DagBag from /opt/airflow/dags/recommendation_training_dag.py
[2026-09-03T07:27:16.803+0000] {processor.py:840} INFO - DAG(s) 'recommendation_system_training' retrieved from /opt/airflow/dags/recommendation_training_dag.py
[2026-09-03T07:27:16.843+0000] {logging_mixin.py:188} INFO - [2026-09-03T07:27:16.843+0000] {dag.py:3096} INFO - Sync 1 DAGs
[2026-09-03T07:27:16.896+0000] {logging_mixin.py:188} INFO - [2026-09-03T07:27:16.896+0000] {dag.py:3954} INFO - Setting next_dagrun for recommendation_system_training to 2026-08-23 02:00:00+00:00, run_after=2026-08-30 02:00:00+00:00
[2026-09-03T07:27:16.997+0000] {processor.py:183} INFO - Processing /opt/airflow/dags/recommendation_training_dag.py took 2.960 seconds
[2026-09-03T07:27:47.681+0000] {processor.py:161} INFO - Started process (PID=291) to work on /opt/airflow/dags/recommendation_training_dag.py
[2026-09-03T07:27:47.682+0000] {processor.py:830} INFO - Processing file /opt/airflow/dags/recommendation_training_dag.py for tasks to queue
[2026-09-03T07:27:47.685+0000] {logging_mixin.py:188} INFO - [2026-09-03T07:27:47.685+0000] {dagbag.py:545} INFO - Filling up the DagBag from /opt/airflow/dags/recommendation_training_dag.py
[2026-09-03T07:27:50.705+0000] {processor.py:840} INFO - DAG(s) 'recommendation_system_training' retrieved from /opt/airflow/dags/recommendation_training_dag.py
[2026-09-03T07:27:50.743+0000] {logging_mixin.py:188} INFO - [2026-09-03T07:27:50.743+0000] {dag.py:3096} INFO - Sync 1 DAGs
[2026-09-03T07:27:50.767+0000] {logging_mixin.py:188} INFO - [2026-09-03T07:27:50.767+0000] {dag.py:3954} INFO - Setting next_dagrun for recommendation_system_training to 2026-08-23 02:00:00+00:00, run_after=2026-08-30 02:00:00+00:00
[2026-09-03T07:27:50.865+0000] {processor.py:183} INFO - Processing /opt/airflow/dags/recommendation_training_dag.py took 3.194 seconds
[2026-09-03T07:28:21.069+0000] {processor.py:161} INFO - Started process (PID=303) to work on /opt/airflow/dags/recommendation_training_dag.py
[2026-09-03T07:28:21.070+0000] {processor.py:830} INFO - Processing file /opt/airflow/dags/recommendation_training_dag.py for tasks to queue
[2026-09-03T07:28:21.072+0000] {logging_mixin.py:188} INFO - [2026-09-03T07:28:21.072+0000] {dagbag.py:545} INFO - Filling up the DagBag from /opt/airflow/dags/recommendation_training_dag.py
[2026-09-03T07:28:23.634+0000] {processor.py:840} INFO - DAG(s) 'recommendation_system_training' retrieved from /opt/airflow/dags/recommendation_training_dag.py
[2026-09-03T07:28:23.657+0000] {logging_mixin.py:188} INFO - [2026-09-03T07:28:23.656+0000] {dag.py:3096} INFO - Sync 1 DAGs
[2026-09-03T07:28:23.677+0000] {logging_mixin.py:188} INFO - [2026-09-03T07:28:23.676+0000] {dag.py:3954} INFO - Setting next_dagrun for recommendation_system_training to 2026-08-23 02:00:00+00:00, run_after=2026-08-30 02:00:00+00:00
[2026-09-03T07:28:23.742+0000] {processor.py:183} INFO - Processing /opt/airflow/dags/recommendation_training_dag.py took 2.687 seconds
[2026-09-03T07:28:54.822+0000] {processor.py:161} INFO - Started process (PID=315) to work on /opt/airflow/dags/recommendation_training_dag.py
[2026-09-03T07:28:54.824+0000] {processor.py:830} INFO - Processing file /opt/airflow/dags/recommendation_training_dag.py for tasks to queue
[2026-09-03T07:28:54.828+0000] {logging_mixin.py:188} INFO - [2026-09-03T07:28:54.827+0000] {dagbag.py:545} INFO - Filling up the DagBag from /opt/airflow/dags/recommendation_training_dag.py
[2026-09-03T07:28:57.373+0000] {processor.py:840} INFO - DAG(s) 'recommendation_system_training' retrieved from /opt/airflow/dags/recommendation_training_dag.py
[2026-09-03T07:28:57.406+0000] {logging_mixin.py:188} INFO - [2026-09-03T07:28:57.406+0000] {dag.py:3096} INFO - Sync 1 DAGs
[2026-09-03T07:28:57.447+0000] {logging_mixin.py:188} INFO - [2026-09-03T07:28:57.446+0000] {dag.py:3954} INFO - Setting next_dagrun for recommendation_system_training to 2026-08-23 02:00:00+00:00, run_after=2026-08-30 02:00:00+00:00
[2026-09-03T07:28:57.544+0000] {processor.py:183} INFO - Processing /opt/airflow/dags/recommendation_training_dag.py took 2.735 seconds
[2026-09-03T07:29:27.791+0000] {processor.py:161} INFO - Started process (PID=327) to work on /opt/airflow/dags/recommendation_training_dag.py
[2026-09-03T07:29:27.794+0000] {processor.py:830} INFO - Processing file /opt/airflow/dags/recommendation_training_dag.py for tasks to queue
[2026-09-03T07:29:27.799+0000] {logging_mixin.py:188} INFO - [2026-09-03T07:29:27.798+0000] {dagbag.py:545} INFO - Filling up the DagBag from /opt/airflow/dags/recommendation_training_dag.py
[2026-09-03T07:29:29.198+0000] {processor.py:840} INFO - DAG(s) 'recommendation_system_training' retrieved from /opt/airflow/dags/recommendation_training_dag.py
[2026-09-03T07:29:29.341+0000] {logging_mixin.py:188} INFO - [2026-09-03T07:29:29.341+0000] {dag.py:3096} INFO - Sync 1 DAGs
[2026-09-03T07:29:29.426+0000] {logging_mixin.py:188} INFO - [2026-09-03T07:29:29.425+0000] {dag.py:3954} INFO - Setting next_dagrun for recommendation_system_training to 2026-08-23 02:00:00+00:00, run_after=2026-08-30 02:00:00+00:00
[2026-09-03T07:29:29.545+0000] {processor.py:183} INFO - Processing /opt/airflow/dags/recommendation_training_dag.py took 3.105 seconds
[2026-09-03T07:30:00.796+0000] {processor.py:161} INFO - Started process (PID=339) to work on /opt/airflow/dags/recommendation_training_dag.py
[2026-09-03T07:30:00.798+0000] {processor.py:830} INFO - Processing file /opt/airflow/dags/recommendation_training_dag.py for tasks to queue
[2026-09-03T07:30:00.806+0000] {logging_mixin.py:188} INFO - [2026-09-03T07:30:00.805+0000] {dagbag.py:545} INFO - Filling up the DagBag from /opt/airflow/dags/recommendation_training_dag.py
[2026-09-03T07:30:03.629+0000] {processor.py:840} INFO - DAG(s) 'recommendation_system_training' retrieved from /opt/airflow/dags/recommendation_training_dag.py
[2026-09-03T07:30:03.659+0000] {logging_mixin.py:188} INFO - [2026-09-03T07:30:03.658+0000] {dag.py:3096} INFO - Sync 1 DAGs
[2026-09-03T07:30:03.724+0000] {logging_mixin.py:188} INFO - [2026-09-03T07:30:03.722+0000] {dag.py:3954} INFO - Setting next_dagrun for recommendation_system_training to 2026-08-23 02:00:00+00:00, run_after=2026-08-30 02:00:00+00:00
[2026-09-03T07:30:03.853+0000] {processor.py:183} INFO - Processing /opt/airflow/dags/recommendation_training_dag.py took 3.080 seconds
[2026-09-03T07:30:34.390+0000] {processor.py:161} INFO - Started process (PID=351) to work on /opt/airflow/dags/recommendation_training_dag.py
[2026-09-03T07:30:34.393+0000] {processor.py:830} INFO - Processing file /opt/airflow/dags/recommendation_training_dag.py for tasks to queue
[2026-09-03T07:30:34.397+0000] {logging_mixin.py:188} INFO - [2026-09-03T07:30:34.397+0000] {dagbag.py:545} INFO - Filling up the DagBag from /opt/airflow/dags/recommendation_training_dag.py
[2026-09-03T07:30:36.942+0000] {processor.py:840} INFO - DAG(s) 'recommendation_system_training' retrieved from /opt/airflow/dags/recommendation_training_dag.py
[2026-09-03T07:30:36.995+0000] {logging_mixin.py:188} INFO - [2026-09-03T07:30:36.994+0000] {dag.py:3096} INFO - Sync 1 DAGs
[2026-09-03T07:30:37.030+0000] {logging_mixin.py:188} INFO - [2026-09-03T07:30:37.030+0000] {dag.py:3954} INFO - Setting next_dagrun for recommendation_system_training to 2026-08-23 02:00:00+00:00, run_after=2026-08-30 02:00:00+00:00
[2026-09-03T07:30:37.127+0000] {processor.py:183} INFO - Processing /opt/airflow/dags/recommendation_training_dag.py took 2.755 seconds
[2026-09-03T07:31:07.488+0000] {processor.py:161} INFO - Started process (PID=363) to work on /opt/airflow/dags/recommendation_training_dag.py
[2026-09-03T07:31:07.490+0000] {processor.py:830} INFO - Processing file /opt/airflow/dags/recommendation_training_dag.py for tasks to queue
[2026-09-03T07:31:07.494+0000] {logging_mixin.py:188} INFO - [2026-09-03T07:31:07.493+0000] {dagbag.py:545} INFO - Filling up the DagBag from /opt/airflow/dags/recommendation_training_dag.py
[2026-09-03T07:31:10.146+0000] {processor.py:840} INFO - DAG(s) 'recommendation_system_training' retrieved from /opt/airflow/dags/recommendation_training_dag.py
[2026-09-03T07:31:10.178+0000] {logging_mixin.py:188} INFO - [2026-09-03T07:31:10.178+0000] {dag.py:3096} INFO - Sync 1 DAGs
[2026-09-03T07:31:10.197+0000] {logging_mixin.py:188} INFO - [2026-09-03T07:31:10.197+0000] {dag.py:3954} INFO - Setting next_dagrun for recommendation_system_training to 2026-08-23 02:00:00+00:00, run_after=2026-08-30 02:00:00+00:00
[2026-09-03T07:31:10.266+0000] {processor.py:183} INFO - Processing /opt/airflow/dags/recommendation_training_dag.py took 2.791 seconds
[2026-09-03T07:31:40.972+0000] {processor.py:161} INFO - Started process (PID=375) to work on /opt/airflow/dags/recommendation_training_dag.py
[2026-09-03T07:31:40.975+0000] {processor.py:830} INFO - Processing file /opt/airflow/dags/recommendation_training_dag.py for tasks to queue
[2026-09-03T07:31:40.979+0000] {logging_mixin.py:188} INFO - [2026-09-03T07:31:40.978+0000] {dagbag.py:545} INFO - Filling up the DagBag from /opt/airflow/dags/recommendation_training_dag.py
[2026-09-03T07:31:43.627+0000] {processor.py:840} INFO - DAG(s) 'recommendation_system_training' retrieved from /opt/airflow/dags/recommendation_training_dag.py
[2026-09-03T07:31:43.717+0000] {logging_mixin.py:188} INFO - [2026-09-03T07:31:43.717+0000] {dag.py:3096} INFO - Sync 1 DAGs
[2026-09-03T07:31:43.782+0000] {logging_mixin.py:188} INFO - [2026-09-03T07:31:43.782+0000] {dag.py:3954} INFO - Setting next_dagrun for recommendation_system_training to 2026-08-23 02:00:00+00:00, run_after=2026-08-30 02:00:00+00:00
[2026-09-03T07:31:43.884+0000] {processor.py:183} INFO - Processing /opt/airflow/dags/recommendation_training_dag.py took 2.932 seconds
[2026-09-03T07:32:14.213+0000] {processor.py:161} INFO - Started process (PID=387) to work on /opt/airflow/dags/recommendation_training_dag.py
[2026-09-03T07:32:14.216+0000] {processor.py:830} INFO - Processing file /opt/airflow/dags/recommendation_training_dag.py for tasks to queue
[2026-09-03T07:32:14.222+0000] {logging_mixin.py:188} INFO - [2026-09-03T07:32:14.221+0000] {dagbag.py:545} INFO - Filling up the DagBag from /opt/airflow/dags/recommendation_training_dag.py
[2026-09-03T07:32:16.803+0000] {processor.py:840} INFO - DAG(s) 'recommendation_system_training' retrieved from /opt/airflow/dags/recommendation_training_dag.py
[2026-09-03T07:32:16.893+0000] {logging_mixin.py:188} INFO - [2026-09-03T07:32:16.892+0000] {dag.py:3096} INFO - Sync 1 DAGs
[2026-09-03T07:32:16.992+0000] {logging_mixin.py:188} INFO - [2026-09-03T07:32:16.991+0000] {dag.py:3954} INFO - Setting next_dagrun for recommendation_system_training to 2026-08-23 02:00:00+00:00, run_after=2026-08-30 02:00:00+00:00
[2026-09-03T07:32:17.122+0000] {processor.py:183} INFO - Processing /opt/airflow/dags/recommendation_training_dag.py took 2.920 seconds
[2026-09-03T07:32:47.867+0000] {processor.py:161} INFO - Started process (PID=399) to work on /opt/airflow/dags/recommendation_training_dag.py
[2026-09-03T07:32:47.869+0000] {processor.py:830} INFO - Processing file /opt/airflow/dags/recommendation_training_dag.py for tasks to queue
[2026-09-03T07:32:47.873+0000] {logging_mixin.py:188} INFO - [2026-09-03T07:32:47.872+0000] {dagbag.py:545} INFO - Filling up the DagBag from /opt/airflow/dags/recommendation_training_dag.py
[2026-09-03T07:32:48.991+0000] {processor.py:840} INFO - DAG(s) 'recommendation_system_training' retrieved from /opt/airflow/dags/recommendation_training_dag.py
[2026-09-03T07:32:49.034+0000] {logging_mixin.py:188} INFO - [2026-09-03T07:32:49.033+0000] {dag.py:3096} INFO - Sync 1 DAGs
[2026-09-03T07:32:49.077+0000] {logging_mixin.py:188} INFO - [2026-09-03T07:32:49.077+0000] {dag.py:3954} INFO - Setting next_dagrun for recommendation_system_training to 2026-08-23 02:00:00+00:00, run_after=2026-08-30 02:00:00+00:00
[2026-09-03T07:32:49.207+0000] {processor.py:183} INFO - Processing /opt/airflow/dags/recommendation_training_dag.py took 2.656 seconds
[2026-09-03T07:33:19.850+0000] {processor.py:161} INFO - Started process (PID=411) to work on /opt/airflow/dags/recommendation_training_dag.py
[2026-09-03T07:33:19.852+0000] {processor.py:830} INFO - Processing file /opt/airflow/dags/recommendation_training_dag.py for tasks to queue
[2026-09-03T07:33:19.854+0000] {logging_mixin.py:188} INFO - [2026-09-03T07:33:19.854+0000] {dagbag.py:545} INFO - Filling up the DagBag from /opt/airflow/dags/recommendation_training_dag.py
[2026-09-03T07:33:22.047+0000] {processor.py:840} INFO - DAG(s) 'recommendation_system_training' retrieved from /opt/airflow/dags/recommendation_training_dag.py
[2026-09-03T07:33:22.104+0000] {logging_mixin.py:188} INFO - [2026-09-03T07:33:22.104+0000] {dag.py:3096} INFO - Sync 1 DAGs
[2026-09-03T07:33:22.158+0000] {logging_mixin.py:188} INFO - [2026-09-03T07:33:22.157+0000] {dag.py:3954} INFO - Setting next_dagrun for recommendation_system_training to 2026-08-23 02:00:00+00:00, run_after=2026-08-30 02:00:00+00:00
[2026-09-03T07:33:22.259+0000] {processor.py:183} INFO - Processing /opt/airflow/dags/recommendation_training_dag.py took 2.418 seconds
[2026-09-03T07:33:53.181+0000] {processor.py:161} INFO - Started process (PID=423) to work on /opt/airflow/dags/recommendation_training_dag.py
[2026-09-03T07:33:53.182+0000] {processor.py:830} INFO - Processing file /opt/airflow/dags/recommendation_training_dag.py for tasks to queue
[2026-09-03T07:33:53.185+0000] {logging_mixin.py:188} INFO - [2026-09-03T07:33:53.185+0000] {dagbag.py:545} INFO - Filling up the DagBag from /opt/airflow/dags/recommendation_training_dag.py
[2026-09-03T07:33:55.426+0000] {processor.py:840} INFO - DAG(s) 'recommendation_system_training' retrieved from /opt/airflow/dags/recommendation_training_dag.py
[2026-09-03T07:33:55.545+0000] {logging_mixin.py:188} INFO - [2026-09-03T07:33:55.544+0000] {dag.py:3096} INFO - Sync 1 DAGs
[2026-09-03T07:33:55.606+0000] {logging_mixin.py:188} INFO - [2026-09-03T07:33:55.605+0000] {dag.py:3954} INFO - Setting next_dagrun for recommendation_system_training to 2026-08-23 02:00:00+00:00, run_after=2026-08-30 02:00:00+00:00
[2026-09-03T07:33:55.694+0000] {processor.py:183} INFO - Processing /opt/airflow/dags/recommendation_training_dag.py took 2.524 seconds
[2026-09-03T07:34:25.920+0000] {processor.py:161} INFO - Started process (PID=435) to work on /opt/airflow/dags/recommendation_training_dag.py
[2026-09-03T07:34:25.922+0000] {processor.py:830} INFO - Processing file /opt/airflow/dags/recommendation_training_dag.py for tasks to queue
[2026-09-03T07:34:25.925+0000] {logging_mixin.py:188} INFO - [2026-09-03T07:34:25.924+0000] {dagbag.py:545} INFO - Filling up the DagBag from /opt/airflow/dags/recommendation_training_dag.py
[2026-09-03T07:34:28.102+0000] {processor.py:840} INFO - DAG(s) 'recommendation_system_training' retrieved from /opt/airflow/dags/recommendation_training_dag.py
[2026-09-03T07:34:28.124+0000] {logging_mixin.py:188} INFO - [2026-09-03T07:34:28.123+0000] {dag.py:3096} INFO - Sync 1 DAGs
[2026-09-03T07:34:28.139+0000] {logging_mixin.py:188} INFO - [2026-09-03T07:34:28.139+0000] {dag.py:3954} INFO - Setting next_dagrun for recommendation_system_training to 2026-08-23 02:00:00+00:00, run_after=2026-08-30 02:00:00+00:00
[2026-09-03T07:34:28.187+0000] {processor.py:183} INFO - Processing /opt/airflow/dags/recommendation_training_dag.py took 2.281 seconds
[2026-09-03T07:34:59.219+0000] {processor.py:161} INFO - Started process (PID=447) to work on /opt/airflow/dags/recommendation_training_dag.py
[2026-09-03T07:34:59.221+0000] {processor.py:830} INFO - Processing file /opt/airflow/dags/recommendation_training_dag.py for tasks to queue
[2026-09-03T07:34:59.223+0000] {logging_mixin.py:188} INFO - [2026-09-03T07:34:59.222+0000] {dagbag.py:545} INFO - Filling up the DagBag from /opt/airflow/dags/recommendation_training_dag.py
[2026-09-03T07:35:01.535+0000] {processor.py:840} INFO - DAG(s) 'recommendation_system_training' retrieved from /opt/airflow/dags/recommendation_training_dag.py
[2026-09-03T07:35:01.554+0000] {logging_mixin.py:188} INFO - [2026-09-03T07:35:01.554+0000] {dag.py:3096} INFO - Sync 1 DAGs
[2026-09-03T07:35:01.572+0000] {logging_mixin.py:188} INFO - [2026-09-03T07:35:01.571+0000] {dag.py:3954} INFO - Setting next_dagrun for recommendation_system_training to 2026-08-23 02:00:00+00:00, run_after=2026-08-30 02:00:00+00:00
[2026-09-03T07:35:01.618+0000] {processor.py:183} INFO - Processing /opt/airflow/dags/recommendation_training_dag.py took 2.407 seconds
[2026-09-03T07:35:32.119+0000] {processor.py:161} INFO - Started process (PID=459) to work on /opt/airflow/dags/recommendation_training_dag.py
[2026-09-03T07:35:32.121+0000] {processor.py:830} INFO - Processing file /opt/airflow/dags/recommendation_training_dag.py for tasks to queue
[2026-09-03T07:35:32.126+0000] {logging_mixin.py:188} INFO - [2026-09-03T07:35:32.125+0000] {dagbag.py:545} INFO - Filling up the DagBag from /opt/airflow/dags/recommendation_training_dag.py
[2026-09-03T07:35:34.376+0000] {processor.py:840} INFO - DAG(s) 'recommendation_system_training' retrieved from /opt/airflow/dags/recommendation_training_dag.py
[2026-09-03T07:35:34.461+0000] {logging_mixin.py:188} INFO - [2026-09-03T07:35:34.460+0000] {dag.py:3096} INFO - Sync 1 DAGs
[2026-09-03T07:35:34.518+0000] {logging_mixin.py:188} INFO - [2026-09-03T07:35:34.518+0000] {dag.py:3954} INFO - Setting next_dagrun for recommendation_system_training to 2026-08-23 02:00:00+00:00, run_after=2026-08-30 02:00:00+00:00
[2026-09-03T07:35:34.633+0000] {processor.py:183} INFO - Processing /opt/airflow/dags/recommendation_training_dag.py took 2.529 seconds
[2026-09-03T07:36:05.132+0000] {processor.py:161} INFO - Started process (PID=471) to work on /opt/airflow/dags/recommendation_training_dag.py
[2026-09-03T07:36:05.133+0000] {processor.py:830} INFO - Processing file /opt/airflow/dags/recommendation_training_dag.py for tasks to queue
[2026-09-03T07:36:05.136+0000] {logging_mixin.py:188} INFO - [2026-09-03T07:36:05.135+0000] {dagbag.py:545} INFO - Filling up the DagBag from /opt/airflow/dags/recommendation_training_dag.py
[2026-09-03T07:36:07.708+0000] {processor.py:840} INFO - DAG(s) 'recommendation_system_training' retrieved from /opt/airflow/dags/recommendation_training_dag.py
[2026-09-03T07:36:07.741+0000] {logging_mixin.py:188} INFO - [2026-09-03T07:36:07.741+0000] {dag.py:3096} INFO - Sync 1 DAGs
[2026-09-03T07:36:07.792+0000] {logging_mixin.py:188} INFO - [2026-09-03T07:36:07.792+0000] {dag.py:3954} INFO - Setting next_dagrun for recommendation_system_training to 2026-08-23 02:00:00+00:00, run_after=2026-08-30 02:00:00+00:00
[2026-09-03T07:36:07.882+0000] {processor.py:183} INFO - Processing /opt/airflow/dags/recommendation_training_dag.py took 2.759 seconds
[2026-09-03T07:36:38.118+0000] {processor.py:161} INFO - Started process (PID=483) to work on /opt/airflow/dags/recommendation_training_dag.py
[2026-09-03T07:36:38.120+0000] {processor.py:830} INFO - Processing file /opt/airflow/dags/recommendation_training_dag.py for tasks to queue
[2026-09-03T07:36:38.122+0000] {logging_mixin.py:188} INFO - [2026-09-03T07:36:38.122+0000] {dagbag.py:545} INFO - Filling up the DagBag from /opt/airflow/dags/recommendation_training_dag.py
[2026-09-03T07:36:39.099+0000] {processor.py:840} INFO - DAG(s) 'recommendation_system_training' retrieved from /opt/airflow/dags/recommendation_training_dag.py
[2026-09-03T07:36:39.125+0000] {logging_mixin.py:188} INFO - [2026-09-03T07:36:39.124+0000] {dag.py:3096} INFO - Sync 1 DAGs
[2026-09-03T07:36:39.148+0000] {logging_mixin.py:188} INFO - [2026-09-03T07:36:39.148+0000] {dag.py:3954} INFO - Setting next_dagrun for recommendation_system_training to 2026-08-23 02:00:00+00:00, run_after=2026-08-30 02:00:00+00:00
[2026-09-03T07:36:39.201+0000] {processor.py:183} INFO - Processing /opt/airflow/dags/recommendation_training_dag.py took 2.449 seconds
[2026-09-03T07:37:09.700+0000] {processor.py:161} INFO - Started process (PID=495) to work on /opt/airflow/dags/recommendation_training_dag.py
[2026-09-03T07:37:09.701+0000] {processor.py:830} INFO - Processing file /opt/airflow/dags/recommendation_training_dag.py for tasks to queue
[2026-09-03T07:37:09.703+0000] {logging_mixin.py:188} INFO - [2026-09-03T07:37:09.703+0000] {dagbag.py:545} INFO - Filling up the DagBag from /opt/airflow/dags/recommendation_training_dag.py
[2026-09-03T07:37:12.376+0000] {processor.py:840} INFO - DAG(s) 'recommendation_system_training' retrieved from /opt/airflow/dags/recommendation_training_dag.py
[2026-09-03T07:37:12.412+0000] {logging_mixin.py:188} INFO - [2026-09-03T07:37:12.412+0000] {dag.py:3096} INFO - Sync 1 DAGs
[2026-09-03T07:37:12.442+0000] {logging_mixin.py:188} INFO - [2026-09-03T07:37:12.442+0000] {dag.py:3954} INFO - Setting next_dagrun for recommendation_system_training to 2026-08-23 02:00:00+00:00, run_after=2026-08-30 02:00:00+00:00
[2026-09-03T07:37:12.520+0000] {processor.py:183} INFO - Processing /opt/airflow/dags/recommendation_training_dag.py took 2.830 seconds
[2026-09-03T07:37:43.115+0000] {processor.py:161} INFO - Started process (PID=507) to work on /opt/airflow/dags/recommendation_training_dag.py
[2026-09-03T07:37:43.119+0000] {processor.py:830} INFO - Processing file /opt/airflow/dags/recommendation_training_dag.py for tasks to queue
[2026-09-03T07:37:43.128+0000] {logging_mixin.py:188} INFO - [2026-09-03T07:37:43.126+0000] {dagbag.py:545} INFO - Filling up the DagBag from /opt/airflow/dags/recommendation_training_dag.py
[2026-09-03T07:37:48.975+0000] {processor.py:840} INFO - DAG(s) 'recommendation_system_training' retrieved from /opt/airflow/dags/recommendation_training_dag.py
[2026-09-03T07:37:49.162+0000] {logging_mixin.py:188} INFO - [2026-09-03T07:37:49.161+0000] {dag.py:3096} INFO - Sync 1 DAGs
[2026-09-03T07:37:49.244+0000] {logging_mixin.py:188} INFO - [2026-09-03T07:37:49.243+0000] {dag.py:3954} INFO - Setting next_dagrun for recommendation_system_training to 2026-08-23 02:00:00+00:00, run_after=2026-08-30 02:00:00+00:00
[2026-09-03T07:37:49.380+0000] {processor.py:183} INFO - Processing /opt/airflow/dags/recommendation_training_dag.py took 6.291 seconds
[2026-09-03T07:38:20.124+0000] {processor.py:161} INFO - Started process (PID=519) to work on /opt/airflow/dags/recommendation_training_dag.py
[2026-09-03T07:38:20.126+0000] {processor.py:830} INFO - Processing file /opt/airflow/dags/recommendation_training_dag.py for tasks to queue
[2026-09-03T07:38:20.131+0000] {logging_mixin.py:188} INFO - [2026-09-03T07:38:20.130+0000] {dagbag.py:545} INFO - Filling up the DagBag from /opt/airflow/dags/recommendation_training_dag.py
[2026-09-03T07:38:23.006+0000] {processor.py:840} INFO - DAG(s) 'recommendation_system_training' retrieved from /opt/airflow/dags/recommendation_training_dag.py
[2026-09-03T07:38:23.055+0000] {logging_mixin.py:188} INFO - [2026-09-03T07:38:23.054+0000] {dag.py:3096} INFO - Sync 1 DAGs
[2026-09-03T07:38:23.099+0000] {logging_mixin.py:188} INFO - [2026-09-03T07:38:23.098+0000] {dag.py:3954} INFO - Setting next_dagrun for recommendation_system_training to 2026-08-23 02:00:00+00:00, run_after=2026-08-30 02:00:00+00:00
[2026-09-03T07:38:23.215+0000] {processor.py:183} INFO - Processing /opt/airflow/dags/recommendation_training_dag.py took 3.109 seconds
[2026-09-03T07:38:53.607+0000] {processor.py:161} INFO - Started process (PID=531) to work on /opt/airflow/dags/recommendation_training_dag.py
[2026-09-03T07:38:53.609+0000] {processor.py:830} INFO - Processing file /opt/airflow/dags/recommendation_training_dag.py for tasks to queue
[2026-09-03T07:38:53.614+0000] {logging_mixin.py:188} INFO - [2026-09-03T07:38:53.613+0000] {dagbag.py:545} INFO - Filling up the DagBag from /opt/airflow/dags/recommendation_training_dag.py
[2026-09-03T07:38:56.013+0000] {processor.py:840} INFO - DAG(s) 'recommendation_system_training' retrieved from /opt/airflow/dags/recommendation_training_dag.py
[2026-09-03T07:38:56.042+0000] {logging_mixin.py:188} INFO - [2026-09-03T07:38:56.041+0000] {dag.py:3096} INFO - Sync 1 DAGs
[2026-09-03T07:38:56.063+0000] {logging_mixin.py:188} INFO - [2026-09-03T07:38:56.063+0000] {dag.py:3954} INFO - Setting next_dagrun for recommendation_system_training to 2026-08-23 02:00:00+00:00, run_after=2026-08-30 02:00:00+00:00
[2026-09-03T07:38:56.129+0000] {processor.py:183} INFO - Processing /opt/airflow/dags/recommendation_training_dag.py took 2.541 seconds
[2026-09-03T07:39:26.834+0000] {processor.py:161} INFO - Started process (PID=543) to work on /opt/airflow/dags/recommendation_training_dag.py
[2026-09-03T07:39:26.837+0000] {processor.py:830} INFO - Processing file /opt/airflow/dags/recommendation_training_dag.py for tasks to queue
[2026-09-03T07:39:26.841+0000] {logging_mixin.py:188} INFO - [2026-09-03T07:39:26.841+0000] {dagbag.py:545} INFO - Filling up the DagBag from /opt/airflow/dags/recommendation_training_dag.py
[2026-09-03T07:39:27.903+0000] {processor.py:840} INFO - DAG(s) 'recommendation_system_training' retrieved from /opt/airflow/dags/recommendation_training_dag.py
[2026-09-03T07:39:27.940+0000] {logging_mixin.py:188} INFO - [2026-09-03T07:39:27.939+0000] {dag.py:3096} INFO - Sync 1 DAGs
[2026-09-03T07:39:27.973+0000] {logging_mixin.py:188} INFO - [2026-09-03T07:39:27.973+0000] {dag.py:3954} INFO - Setting next_dagrun for recommendation_system_training to 2026-08-23 02:00:00+00:00, run_after=2026-08-30 02:00:00+00:00
[2026-09-03T07:39:28.076+0000] {processor.py:183} INFO - Processing /opt/airflow/dags/recommendation_training_dag.py took 2.688 seconds
[2026-09-03T07:39:58.421+0000] {processor.py:161} INFO - Started process (PID=555) to work on /opt/airflow/dags/recommendation_training_dag.py
[2026-09-03T07:39:58.423+0000] {processor.py:830} INFO - Processing file /opt/airflow/dags/recommendation_training_dag.py for tasks to queue
[2026-09-03T07:39:58.426+0000] {logging_mixin.py:188} INFO - [2026-09-03T07:39:58.425+0000] {dagbag.py:545} INFO - Filling up the DagBag from /opt/airflow/dags/recommendation_training_dag.py
[2026-09-03T07:40:00.931+0000] {processor.py:840} INFO - DAG(s) 'recommendation_system_training' retrieved from /opt/airflow/dags/recommendation_training_dag.py
[2026-09-03T07:40:00.988+0000] {logging_mixin.py:188} INFO - [2026-09-03T07:40:00.987+0000] {dag.py:3096} INFO - Sync 1 DAGs
[2026-09-03T07:40:01.027+0000] {logging_mixin.py:188} INFO - [2026-09-03T07:40:01.026+0000] {dag.py:3954} INFO - Setting next_dagrun for recommendation_system_training to 2026-08-23 02:00:00+00:00, run_after=2026-08-30 02:00:00+00:00
[2026-09-03T07:40:01.146+0000] {processor.py:183} INFO - Processing /opt/airflow/dags/recommendation_training_dag.py took 2.741 seconds
[2026-09-03T07:40:31.612+0000] {processor.py:161} INFO - Started process (PID=567) to work on /opt/airflow/dags/recommendation_training_dag.py
[2026-09-03T07:40:31.615+0000] {processor.py:830} INFO - Processing file /opt/airflow/dags/recommendation_training_dag.py for tasks to queue
[2026-09-03T07:40:31.620+0000] {logging_mixin.py:188} INFO - [2026-09-03T07:40:31.619+0000] {dagbag.py:545} INFO - Filling up the DagBag from /opt/airflow/dags/recommendation_training_dag.py
[2026-09-03T07:40:33.956+0000] {processor.py:840} INFO - DAG(s) 'recommendation_system_training' retrieved from /opt/airflow/dags/recommendation_training_dag.py
[2026-09-03T07:40:34.018+0000] {logging_mixin.py:188} INFO - [2026-09-03T07:40:34.016+0000] {dag.py:3096} INFO - Sync 1 DAGs
[2026-09-03T07:40:34.062+0000] {logging_mixin.py:188} INFO - [2026-09-03T07:40:34.061+0000] {dag.py:3954} INFO - Setting next_dagrun for recommendation_system_training to 2026-08-23 02:00:00+00:00, run_after=2026-08-30 02:00:00+00:00
[2026-09-03T07:40:34.177+0000] {processor.py:183} INFO - Processing /opt/airflow/dags/recommendation_training_dag.py took 2.584 seconds
[2026-09-03T07:41:05.395+0000] {processor.py:161} INFO - Started process (PID=579) to work on /opt/airflow/dags/recommendation_training_dag.py
[2026-09-03T07:41:05.398+0000] {processor.py:830} INFO - Processing file /opt/airflow/dags/recommendation_training_dag.py for tasks to queue
[2026-09-03T07:41:05.403+0000] {logging_mixin.py:188} INFO - [2026-09-03T07:41:05.402+0000] {dagbag.py:545} INFO - Filling up the DagBag from /opt/airflow/dags/recommendation_training_dag.py
[2026-09-03T07:41:07.804+0000] {processor.py:840} INFO - DAG(s) 'recommendation_system_training' retrieved from /opt/airflow/dags/recommendation_training_dag.py
[2026-09-03T07:41:07.828+0000] {logging_mixin.py:188} INFO - [2026-09-03T07:41:07.827+0000] {dag.py:3096} INFO - Sync 1 DAGs
[2026-09-03T07:41:07.847+0000] {logging_mixin.py:188} INFO - [2026-09-03T07:41:07.847+0000] {dag.py:3954} INFO - Setting next_dagrun for recommendation_system_training to 2026-08-23 02:00:00+00:00, run_after=2026-08-30 02:00:00+00:00
[2026-09-03T07:41:07.962+0000] {processor.py:183} INFO - Processing /opt/airflow/dags/recommendation_training_dag.py took 2.589 seconds
[2026-09-03T07:41:38.199+0000] {processor.py:161} INFO - Started process (PID=591) to work on /opt/airflow/dags/recommendation_training_dag.py
[2026-09-03T07:41:38.202+0000] {processor.py:830} INFO - Processing file /opt/airflow/dags/recommendation_training_dag.py for tasks to queue
[2026-09-03T07:41:38.207+0000] {logging_mixin.py:188} INFO - [2026-09-03T07:41:38.206+0000] {dagbag.py:545} INFO - Filling up the DagBag from /opt/airflow/dags/recommendation_training_dag.py
[2026-09-03T07:41:40.686+0000] {processor.py:840} INFO - DAG(s) 'recommendation_system_training' retrieved from /opt/airflow/dags/recommendation_training_dag.py
[2026-09-03T07:41:40.708+0000] {logging_mixin.py:188} INFO - [2026-09-03T07:41:40.708+0000] {dag.py:3096} INFO - Sync 1 DAGs
[2026-09-03T07:41:40.725+0000] {logging_mixin.py:188} INFO - [2026-09-03T07:41:40.725+0000] {dag.py:3954} INFO - Setting next_dagrun for recommendation_system_training to 2026-08-23 02:00:00+00:00, run_after=2026-08-30 02:00:00+00:00
[2026-09-03T07:41:40.824+0000] {processor.py:183} INFO - Processing /opt/airflow/dags/recommendation_training_dag.py took 2.645 seconds
[2026-09-03T07:42:11.222+0000] {processor.py:161} INFO - Started process (PID=603) to work on /opt/airflow/dags/recommendation_training_dag.py
[2026-09-03T07:42:11.225+0000] {processor.py:830} INFO - Processing file /opt/airflow/dags/recommendation_training_dag.py for tasks to queue
[2026-09-03T07:42:11.230+0000] {logging_mixin.py:188} INFO - [2026-09-03T07:42:11.229+0000] {dagbag.py:545} INFO - Filling up the DagBag from /opt/airflow/dags/recommendation_training_dag.py
[2026-09-03T07:42:13.541+0000] {processor.py:840} INFO - DAG(s) 'recommendation_system_training' retrieved from /opt/airflow/dags/recommendation_training_dag.py
[2026-09-03T07:42:13.576+0000] {logging_mixin.py:188} INFO - [2026-09-03T07:42:13.576+0000] {dag.py:3096} INFO - Sync 1 DAGs
[2026-09-03T07:42:13.609+0000] {logging_mixin.py:188} INFO - [2026-09-03T07:42:13.609+0000] {dag.py:3954} INFO - Setting next_dagrun for recommendation_system_training to 2026-08-23 02:00:00+00:00, run_after=2026-08-30 02:00:00+00:00
[2026-09-03T07:42:13.708+0000] {processor.py:183} INFO - Processing /opt/airflow/dags/recommendation_training_dag.py took 2.502 seconds
[2026-09-03T07:42:44.603+0000] {processor.py:161} INFO - Started process (PID=615) to work on /opt/airflow/dags/recommendation_training_dag.py
[2026-09-03T07:42:44.605+0000] {processor.py:830} INFO - Processing file /opt/airflow/dags/recommendation_training_dag.py for tasks to queue
[2026-09-03T07:42:44.608+0000] {logging_mixin.py:188} INFO - [2026-09-03T07:42:44.607+0000] {dagbag.py:545} INFO - Filling up the DagBag from /opt/airflow/dags/recommendation_training_dag.py
[2026-09-03T07:42:46.827+0000] {processor.py:840} INFO - DAG(s) 'recommendation_system_training' retrieved from /opt/airflow/dags/recommendation_training_dag.py
[2026-09-03T07:42:46.854+0000] {logging_mixin.py:188} INFO - [2026-09-03T07:42:46.854+0000] {dag.py:3096} INFO - Sync 1 DAGs
[2026-09-03T07:42:46.882+0000] {logging_mixin.py:188} INFO - [2026-09-03T07:42:46.882+0000] {dag.py:3954} INFO - Setting next_dagrun for recommendation_system_training to 2026-08-23 02:00:00+00:00, run_after=2026-08-30 02:00:00+00:00
[2026-09-03T07:42:46.957+0000] {processor.py:183} INFO - Processing /opt/airflow/dags/recommendation_training_dag.py took 2.369 seconds
[2026-09-03T07:43:17.962+0000] {processor.py:161} INFO - Started process (PID=627) to work on /opt/airflow/dags/recommendation_training_dag.py
[2026-09-03T07:43:17.963+0000] {processor.py:830} INFO - Processing file /opt/airflow/dags/recommendation_training_dag.py for tasks to queue
[2026-09-03T07:43:17.967+0000] {logging_mixin.py:188} INFO - [2026-09-03T07:43:17.967+0000] {dagbag.py:545} INFO - Filling up the DagBag from /opt/airflow/dags/recommendation_training_dag.py
[2026-09-03T07:43:20.507+0000] {processor.py:840} INFO - DAG(s) 'recommendation_system_training' retrieved from /opt/airflow/dags/recommendation_training_dag.py
[2026-09-03T07:43:20.686+0000] {logging_mixin.py:188} INFO - [2026-09-03T07:43:20.682+0000] {dag.py:3096} INFO - Sync 1 DAGs
[2026-09-03T07:43:20.782+0000] {logging_mixin.py:188} INFO - [2026-09-03T07:43:20.782+0000] {dag.py:3954} INFO - Setting next_dagrun for recommendation_system_training to 2026-08-23 02:00:00+00:00, run_after=2026-08-30 02:00:00+00:00
[2026-09-03T07:43:20.903+0000] {processor.py:183} INFO - Processing /opt/airflow/dags/recommendation_training_dag.py took 2.955 seconds
[2026-09-03T07:43:51.242+0000] {processor.py:161} INFO - Started process (PID=639) to work on /opt/airflow/dags/recommendation_training_dag.py
[2026-09-03T07:43:51.245+0000] {processor.py:830} INFO - Processing file /opt/airflow/dags/recommendation_training_dag.py for tasks to queue
[2026-09-03T07:43:51.249+0000] {logging_mixin.py:188} INFO - [2026-09-03T07:43:51.248+0000] {dagbag.py:545} INFO - Filling up the DagBag from /opt/airflow/dags/recommendation_training_dag.py
[2026-09-03T07:43:54.323+0000] {processor.py:840} INFO - DAG(s) 'recommendation_system_training' retrieved from /opt/airflow/dags/recommendation_training_dag.py
[2026-09-03T07:43:54.403+0000] {logging_mixin.py:188} INFO - [2026-09-03T07:43:54.402+0000] {dag.py:3096} INFO - Sync 1 DAGs
[2026-09-03T07:43:54.498+0000] {logging_mixin.py:188} INFO - [2026-09-03T07:43:54.497+0000] {dag.py:3954} INFO - Setting next_dagrun for recommendation_system_training to 2026-08-23 02:00:00+00:00, run_after=2026-08-30 02:00:00+00:00
[2026-09-03T07:43:54.673+0000] {processor.py:183} INFO - Processing /opt/airflow/dags/recommendation_training_dag.py took 3.447 seconds
[2026-09-03T07:44:25.176+0000] {processor.py:161} INFO - Started process (PID=651) to work on /opt/airflow/dags/recommendation_training_dag.py
[2026-09-03T07:44:25.178+0000] {processor.py:830} INFO - Processing file /opt/airflow/dags/recommendation_training_dag.py for tasks to queue
[2026-09-03T07:44:25.182+0000] {logging_mixin.py:188} INFO - [2026-09-03T07:44:25.181+0000] {dagbag.py:545} INFO - Filling up the DagBag from /opt/airflow/dags/recommendation_training_dag.py
[2026-09-03T07:44:27.667+0000] {processor.py:840} INFO - DAG(s) 'recommendation_system_training' retrieved from /opt/airflow/dags/recommendation_training_dag.py
[2026-09-03T07:44:27.689+0000] {logging_mixin.py:188} INFO - [2026-09-03T07:44:27.689+0000] {dag.py:3096} INFO - Sync 1 DAGs
[2026-09-03T07:44:27.707+0000] {logging_mixin.py:188} INFO - [2026-09-03T07:44:27.707+0000] {dag.py:3954} INFO - Setting next_dagrun for recommendation_system_training to 2026-08-23 02:00:00+00:00, run_after=2026-08-30 02:00:00+00:00
[2026-09-03T07:44:27.773+0000] {processor.py:183} INFO - Processing /opt/airflow/dags/recommendation_training_dag.py took 2.616 seconds
[2026-09-03T07:44:57.871+0000] {processor.py:161} INFO - Started process (PID=663) to work on /opt/airflow/dags/recommendation_training_dag.py
[2026-09-03T07:44:57.873+0000] {processor.py:830} INFO - Processing file /opt/airflow/dags/recommendation_training_dag.py for tasks to queue
[2026-09-03T07:44:57.876+0000] {logging_mixin.py:188} INFO - [2026-09-03T07:44:57.875+0000] {dagbag.py:545} INFO - Filling up the DagBag from /opt/airflow/dags/recommendation_training_dag.py
[2026-09-03T07:45:00.228+0000] {processor.py:840} INFO - DAG(s) 'recommendation_system_training' retrieved from /opt/airflow/dags/recommendation_training_dag.py
[2026-09-03T07:45:00.320+0000] {logging_mixin.py:188} INFO - [2026-09-03T07:45:00.319+0000] {dag.py:3096} INFO - Sync 1 DAGs
[2026-09-03T07:45:00.340+0000] {logging_mixin.py:188} INFO - [2026-09-03T07:45:00.339+0000] {dag.py:3954} INFO - Setting next_dagrun for recommendation_system_training to 2026-08-23 02:00:00+00:00, run_after=2026-08-30 02:00:00+00:00
[2026-09-03T07:45:00.409+0000] {processor.py:183} INFO - Processing /opt/airflow/dags/recommendation_training_dag.py took 2.556 seconds
[2026-09-03T07:45:31.209+0000] {processor.py:161} INFO - Started process (PID=675) to work on /opt/airflow/dags/recommendation_training_dag.py
[2026-09-03T07:45:31.211+0000] {processor.py:830} INFO - Processing file /opt/airflow/dags/recommendation_training_dag.py for tasks to queue
[2026-09-03T07:45:31.214+0000] {logging_mixin.py:188} INFO - [2026-09-03T07:45:31.213+0000] {dagbag.py:545} INFO - Filling up the DagBag from /opt/airflow/dags/recommendation_training_dag.py
[2026-09-03T07:45:33.536+0000] {processor.py:840} INFO - DAG(s) 'recommendation_system_training' retrieved from /opt/airflow/dags/recommendation_training_dag.py
[2026-09-03T07:45:33.563+0000] {logging_mixin.py:188} INFO - [2026-09-03T07:45:33.562+0000] {dag.py:3096} INFO - Sync 1 DAGs
[2026-09-03T07:45:33.581+0000] {logging_mixin.py:188} INFO - [2026-09-03T07:45:33.580+0000] {dag.py:3954} INFO - Setting next_dagrun for recommendation_system_training to 2026-08-23 02:00:00+00:00, run_after=2026-08-30 02:00:00+00:00
[2026-09-03T07:45:33.654+0000] {processor.py:183} INFO - Processing /opt/airflow/dags/recommendation_training_dag.py took 2.459 seconds
[2026-09-03T07:46:04.196+0000] {processor.py:161} INFO - Started process (PID=687) to work on /opt/airflow/dags/recommendation_training_dag.py
[2026-09-03T07:46:04.197+0000] {processor.py:830} INFO - Processing file /opt/airflow/dags/recommendation_training_dag.py for tasks to queue
[2026-09-03T07:46:04.198+0000] {logging_mixin.py:188} INFO - [2026-09-03T07:46:04.198+0000] {dagbag.py:545} INFO - Filling up the DagBag from /opt/airflow/dags/recommendation_training_dag.py
[2026-09-03T07:46:06.438+0000] {processor.py:840} INFO - DAG(s) 'recommendation_system_training' retrieved from /opt/airflow/dags/recommendation_training_dag.py
[2026-09-03T07:46:06.472+0000] {logging_mixin.py:188} INFO - [2026-09-03T07:46:06.470+0000] {dag.py:3096} INFO - Sync 1 DAGs
[2026-09-03T07:46:06.589+0000] {logging_mixin.py:188} INFO - [2026-09-03T07:46:06.588+0000] {dag.py:3954} INFO - Setting next_dagrun for recommendation_system_training to 2026-08-23 02:00:00+00:00, run_after=2026-08-30 02:00:00+00:00
[2026-09-03T07:46:06.700+0000] {processor.py:183} INFO - Processing /opt/airflow/dags/recommendation_training_dag.py took 2.513 seconds
[2026-09-03T07:46:36.100+0000] {processor.py:161} INFO - Started process (PID=699) to work on /opt/airflow/dags/recommendation_training_dag.py
[2026-09-03T07:46:36.102+0000] {processor.py:830} INFO - Processing file /opt/airflow/dags/recommendation_training_dag.py for tasks to queue
[2026-09-03T07:46:36.104+0000] {logging_mixin.py:188} INFO - [2026-09-03T07:46:36.104+0000] {dagbag.py:545} INFO - Filling up the DagBag from /opt/airflow/dags/recommendation_training_dag.py
[2026-09-03T07:46:38.388+0000] {processor.py:840} INFO - DAG(s) 'recommendation_system_training' retrieved from /opt/airflow/dags/recommendation_training_dag.py
[2026-09-03T07:46:38.445+0000] {logging_mixin.py:188} INFO - [2026-09-03T07:46:38.445+0000] {dag.py:3096} INFO - Sync 1 DAGs
[2026-09-03T07:46:38.467+0000] {logging_mixin.py:188} INFO - [2026-09-03T07:46:38.467+0000] {dag.py:3954} INFO - Setting next_dagrun for recommendation_system_training to 2026-08-23 02:00:00+00:00, run_after=2026-08-30 02:00:00+00:00
[2026-09-03T07:46:38.546+0000] {processor.py:183} INFO - Processing /opt/airflow/dags/recommendation_training_dag.py took 2.457 seconds
[2026-09-03T07:47:09.183+0000] {processor.py:161} INFO - Started process (PID=711) to work on /opt/airflow/dags/recommendation_training_dag.py
[2026-09-03T07:47:09.184+0000] {processor.py:830} INFO - Processing file /opt/airflow/dags/recommendation_training_dag.py for tasks to queue
[2026-09-03T07:47:09.188+0000] {logging_mixin.py:188} INFO - [2026-09-03T07:47:09.187+0000] {dagbag.py:545} INFO - Filling up the DagBag from /opt/airflow/dags/recommendation_training_dag.py
[2026-09-03T07:47:11.420+0000] {processor.py:840} INFO - DAG(s) 'recommendation_system_training' retrieved from /opt/airflow/dags/recommendation_training_dag.py
[2026-09-03T07:47:11.464+0000] {logging_mixin.py:188} INFO - [2026-09-03T07:47:11.463+0000] {dag.py:3096} INFO - Sync 1 DAGs
[2026-09-03T07:47:11.519+0000] {logging_mixin.py:188} INFO - [2026-09-03T07:47:11.518+0000] {dag.py:3954} INFO - Setting next_dagrun for recommendation_system_training to 2026-08-23 02:00:00+00:00, run_after=2026-08-30 02:00:00+00:00
[2026-09-03T07:47:11.612+0000] {processor.py:183} INFO - Processing /opt/airflow/dags/recommendation_training_dag.py took 2.442 seconds
[2026-09-03T07:47:42.234+0000] {processor.py:161} INFO - Started process (PID=723) to work on /opt/airflow/dags/recommendation_training_dag.py
[2026-09-03T07:47:42.236+0000] {processor.py:830} INFO - Processing file /opt/airflow/dags/recommendation_training_dag.py for tasks to queue
[2026-09-03T07:47:42.240+0000] {logging_mixin.py:188} INFO - [2026-09-03T07:47:42.239+0000] {dagbag.py:545} INFO - Filling up the DagBag from /opt/airflow/dags/recommendation_training_dag.py
[2026-09-03T07:47:44.623+0000] {processor.py:840} INFO - DAG(s) 'recommendation_system_training' retrieved from /opt/airflow/dags/recommendation_training_dag.py
[2026-09-03T07:47:44.715+0000] {logging_mixin.py:188} INFO - [2026-09-03T07:47:44.714+0000] {dag.py:3096} INFO - Sync 1 DAGs
[2026-09-03T07:47:44.809+0000] {logging_mixin.py:188} INFO - [2026-09-03T07:47:44.809+0000] {dag.py:3954} INFO - Setting next_dagrun for recommendation_system_training to 2026-08-23 02:00:00+00:00, run_after=2026-08-30 02:00:00+00:00
[2026-09-03T07:47:44.968+0000] {processor.py:183} INFO - Processing /opt/airflow/dags/recommendation_training_dag.py took 2.752 seconds
[2026-09-03T07:48:15.151+0000] {processor.py:161} INFO - Started process (PID=735) to work on /opt/airflow/dags/recommendation_training_dag.py
[2026-09-03T07:48:15.152+0000] {processor.py:830} INFO - Processing file /opt/airflow/dags/recommendation_training_dag.py for tasks to queue
[2026-09-03T07:48:15.155+0000] {logging_mixin.py:188} INFO - [2026-09-03T07:48:15.154+0000] {dagbag.py:545} INFO - Filling up the DagBag from /opt/airflow/dags/recommendation_training_dag.py
[2026-09-03T07:48:17.376+0000] {processor.py:840} INFO - DAG(s) 'recommendation_system_training' retrieved from /opt/airflow/dags/recommendation_training_dag.py
[2026-09-03T07:48:17.395+0000] {logging_mixin.py:188} INFO - [2026-09-03T07:48:17.395+0000] {dag.py:3096} INFO - Sync 1 DAGs
[2026-09-03T07:48:17.420+0000] {logging_mixin.py:188} INFO - [2026-09-03T07:48:17.419+0000] {dag.py:3954} INFO - Setting next_dagrun for recommendation_system_training to 2026-08-23 02:00:00+00:00, run_after=2026-08-30 02:00:00+00:00
[2026-09-03T07:48:17.522+0000] {processor.py:183} INFO - Processing /opt/airflow/dags/recommendation_training_dag.py took 2.379 seconds
[2026-09-03T07:48:48.317+0000] {processor.py:161} INFO - Started process (PID=747) to work on /opt/airflow/dags/recommendation_training_dag.py
[2026-09-03T07:48:48.319+0000] {processor.py:830} INFO - Processing file /opt/airflow/dags/recommendation_training_dag.py for tasks to queue
[2026-09-03T07:48:48.323+0000] {logging_mixin.py:188} INFO - [2026-09-03T07:48:48.322+0000] {dagbag.py:545} INFO - Filling up the DagBag from /opt/airflow/dags/recommendation_training_dag.py
[2026-09-03T07:48:50.707+0000] {processor.py:840} INFO - DAG(s) 'recommendation_system_training' retrieved from /opt/airflow/dags/recommendation_training_dag.py
[2026-09-03T07:48:50.771+0000] {logging_mixin.py:188} INFO - [2026-09-03T07:48:50.770+0000] {dag.py:3096} INFO - Sync 1 DAGs
[2026-09-03T07:48:50.910+0000] {logging_mixin.py:188} INFO - [2026-09-03T07:48:50.910+0000] {dag.py:3954} INFO - Setting next_dagrun for recommendation_system_training to 2026-08-23 02:00:00+00:00, run_after=2026-08-30 02:00:00+00:00
[2026-09-03T07:48:51.042+0000] {processor.py:183} INFO - Processing /opt/airflow/dags/recommendation_training_dag.py took 2.740 seconds
[2026-09-03T07:49:21.751+0000] {processor.py:161} INFO - Started process (PID=759) to work on /opt/airflow/dags/recommendation_training_dag.py
[2026-09-03T07:49:21.755+0000] {processor.py:830} INFO - Processing file /opt/airflow/dags/recommendation_training_dag.py for tasks to queue
[2026-09-03T07:49:21.761+0000] {logging_mixin.py:188} INFO - [2026-09-03T07:49:21.760+0000] {dagbag.py:545} INFO - Filling up the DagBag from /opt/airflow/dags/recommendation_training_dag.py
[2026-09-03T07:49:24.059+0000] {processor.py:840} INFO - DAG(s) 'recommendation_system_training' retrieved from /opt/airflow/dags/recommendation_training_dag.py
[2026-09-03T07:49:24.131+0000] {logging_mixin.py:188} INFO - [2026-09-03T07:49:24.131+0000] {dag.py:3096} INFO - Sync 1 DAGs
[2026-09-03T07:49:24.312+0000] {logging_mixin.py:188} INFO - [2026-09-03T07:49:24.311+0000] {dag.py:3954} INFO - Setting next_dagrun for recommendation_system_training to 2026-08-23 02:00:00+00:00, run_after=2026-08-30 02:00:00+00:00
[2026-09-03T07:49:24.475+0000] {processor.py:183} INFO - Processing /opt/airflow/dags/recommendation_training_dag.py took 2.740 seconds
[2026-09-03T07:49:54.867+0000] {processor.py:161} INFO - Started process (PID=771) to work on /opt/airflow/dags/recommendation_training_dag.py
[2026-09-03T07:49:54.868+0000] {processor.py:830} INFO - Processing file /opt/airflow/dags/recommendation_training_dag.py for tasks to queue
[2026-09-03T07:49:54.872+0000] {logging_mixin.py:188} INFO - [2026-09-03T07:49:54.871+0000] {dagbag.py:545} INFO - Filling up the DagBag from /opt/airflow/dags/recommendation_training_dag.py
[2026-09-03T07:49:56.970+0000] {processor.py:840} INFO - DAG(s) 'recommendation_system_training' retrieved from /opt/airflow/dags/recommendation_training_dag.py
[2026-09-03T07:49:57.007+0000] {logging_mixin.py:188} INFO - [2026-09-03T07:49:57.007+0000] {dag.py:3096} INFO - Sync 1 DAGs
[2026-09-03T07:49:57.064+0000] {logging_mixin.py:188} INFO - [2026-09-03T07:49:57.063+0000] {dag.py:3954} INFO - Setting next_dagrun for recommendation_system_training to 2026-08-23 02:00:00+00:00, run_after=2026-08-30 02:00:00+00:00
[2026-09-03T07:49:57.182+0000] {processor.py:183} INFO - Processing /opt/airflow/dags/recommendation_training_dag.py took 2.523 seconds
[2026-09-03T07:50:27.820+0000] {processor.py:161} INFO - Started process (PID=783) to work on /opt/airflow/dags/recommendation_training_dag.py
[2026-09-03T07:50:27.821+0000] {processor.py:830} INFO - Processing file /opt/airflow/dags/recommendation_training_dag.py for tasks to queue
[2026-09-03T07:50:27.824+0000] {logging_mixin.py:188} INFO - [2026-09-03T07:50:27.823+0000] {dagbag.py:545} INFO - Filling up the DagBag from /opt/airflow/dags/recommendation_training_dag.py
[2026-09-03T07:50:30.233+0000] {processor.py:840} INFO - DAG(s) 'recommendation_system_training' retrieved from /opt/airflow/dags/recommendation_training_dag.py
[2026-09-03T07:50:30.257+0000] {logging_mixin.py:188} INFO - [2026-09-03T07:50:30.257+0000] {dag.py:3096} INFO - Sync 1 DAGs
[2026-09-03T07:50:30.312+0000] {logging_mixin.py:188} INFO - [2026-09-03T07:50:30.311+0000] {dag.py:3954} INFO - Setting next_dagrun for recommendation_system_training to 2026-08-23 02:00:00+00:00, run_after=2026-08-30 02:00:00+00:00
[2026-09-03T07:50:30.441+0000] {processor.py:183} INFO - Processing /opt/airflow/dags/recommendation_training_dag.py took 2.633 seconds
[2026-09-03T07:51:00.983+0000] {processor.py:161} INFO - Started process (PID=795) to work on /opt/airflow/dags/recommendation_training_dag.py
[2026-09-03T07:51:00.985+0000] {processor.py:830} INFO - Processing file /opt/airflow/dags/recommendation_training_dag.py for tasks to queue
[2026-09-03T07:51:00.987+0000] {logging_mixin.py:188} INFO - [2026-09-03T07:51:00.987+0000] {dagbag.py:545} INFO - Filling up the DagBag from /opt/airflow/dags/recommendation_training_dag.py
[2026-09-03T07:51:03.258+0000] {processor.py:840} INFO - DAG(s) 'recommendation_system_training' retrieved from /opt/airflow/dags/recommendation_training_dag.py
[2026-09-03T07:51:03.297+0000] {logging_mixin.py:188} INFO - [2026-09-03T07:51:03.296+0000] {dag.py:3096} INFO - Sync 1 DAGs
[2026-09-03T07:51:03.333+0000] {logging_mixin.py:188} INFO - [2026-09-03T07:51:03.333+0000] {dag.py:3954} INFO - Setting next_dagrun for recommendation_system_training to 2026-08-23 02:00:00+00:00, run_after=2026-08-30 02:00:00+00:00
[2026-09-03T07:51:03.417+0000] {processor.py:183} INFO - Processing /opt/airflow/dags/recommendation_training_dag.py took 2.442 seconds
[2026-09-03T07:51:33.782+0000] {processor.py:161} INFO - Started process (PID=807) to work on /opt/airflow/dags/recommendation_training_dag.py
[2026-09-03T07:51:33.785+0000] {processor.py:830} INFO - Processing file /opt/airflow/dags/recommendation_training_dag.py for tasks to queue
[2026-09-03T07:51:33.788+0000] {logging_mixin.py:188} INFO - [2026-09-03T07:51:33.788+0000] {dagbag.py:545} INFO - Filling up the DagBag from /opt/airflow/dags/recommendation_training_dag.py
[2026-09-03T07:51:36.445+0000] {processor.py:840} INFO - DAG(s) 'recommendation_system_training' retrieved from /opt/airflow/dags/recommendation_training_dag.py
[2026-09-03T07:51:36.558+0000] {logging_mixin.py:188} INFO - [2026-09-03T07:51:36.557+0000] {dag.py:3096} INFO - Sync 1 DAGs
[2026-09-03T07:51:36.676+0000] {logging_mixin.py:188} INFO - [2026-09-03T07:51:36.676+0000] {dag.py:3954} INFO - Setting next_dagrun for recommendation_system_training to 2026-08-23 02:00:00+00:00, run_after=2026-08-30 02:00:00+00:00
[2026-09-03T07:51:36.778+0000] {processor.py:183} INFO - Processing /opt/airflow/dags/recommendation_training_dag.py took 3.009 seconds
[2026-09-03T07:52:07.571+0000] {processor.py:161} INFO - Started process (PID=819) to work on /opt/airflow/dags/recommendation_training_dag.py
[2026-09-03T07:52:07.572+0000] {processor.py:830} INFO - Processing file /opt/airflow/dags/recommendation_training_dag.py for tasks to queue
[2026-09-03T07:52:07.574+0000] {logging_mixin.py:188} INFO - [2026-09-03T07:52:07.574+0000] {dagbag.py:545} INFO - Filling up the DagBag from /opt/airflow/dags/recommendation_training_dag.py
[2026-09-03T07:52:09.787+0000] {processor.py:840} INFO - DAG(s) 'recommendation_system_training' retrieved from /opt/airflow/dags/recommendation_training_dag.py
[2026-09-03T07:52:09.855+0000] {logging_mixin.py:188} INFO - [2026-09-03T07:52:09.854+0000] {dag.py:3096} INFO - Sync 1 DAGs
[2026-09-03T07:52:09.898+0000] {logging_mixin.py:188} INFO - [2026-09-03T07:52:09.898+0000] {dag.py:3954} INFO - Setting next_dagrun for recommendation_system_training to 2026-08-23 02:00:00+00:00, run_after=2026-08-30 02:00:00+00:00
[2026-09-03T07:52:09.981+0000] {processor.py:183} INFO - Processing /opt/airflow/dags/recommendation_training_dag.py took 2.418 seconds
[2026-09-03T07:52:40.844+0000] {processor.py:161} INFO - Started process (PID=831) to work on /opt/airflow/dags/recommendation_training_dag.py
[2026-09-03T07:52:40.847+0000] {processor.py:830} INFO - Processing file /opt/airflow/dags/recommendation_training_dag.py for tasks to queue
[2026-09-03T07:52:40.852+0000] {logging_mixin.py:188} INFO - [2026-09-03T07:52:40.851+0000] {dagbag.py:545} INFO - Filling up the DagBag from /opt/airflow/dags/recommendation_training_dag.py
[2026-09-03T07:52:43.155+0000] {processor.py:840} INFO - DAG(s) 'recommendation_system_training' retrieved from /opt/airflow/dags/recommendation_training_dag.py
[2026-09-03T07:52:43.180+0000] {logging_mixin.py:188} INFO - [2026-09-03T07:52:43.179+0000] {dag.py:3096} INFO - Sync 1 DAGs
[2026-09-03T07:52:43.204+0000] {logging_mixin.py:188} INFO - [2026-09-03T07:52:43.204+0000] {dag.py:3954} INFO - Setting next_dagrun for recommendation_system_training to 2026-08-23 02:00:00+00:00, run_after=2026-08-30 02:00:00+00:00
[2026-09-03T07:52:43.305+0000] {processor.py:183} INFO - Processing /opt/airflow/dags/recommendation_training_dag.py took 2.473 seconds
[2026-09-03T07:53:13.839+0000] {processor.py:161} INFO - Started process (PID=843) to work on /opt/airflow/dags/recommendation_training_dag.py
[2026-09-03T07:53:13.841+0000] {processor.py:830} INFO - Processing file /opt/airflow/dags/recommendation_training_dag.py for tasks to queue
[2026-09-03T07:53:13.845+0000] {logging_mixin.py:188} INFO - [2026-09-03T07:53:13.845+0000] {dagbag.py:545} INFO - Filling up the DagBag from /opt/airflow/dags/recommendation_training_dag.py
[2026-09-03T07:53:16.071+0000] {processor.py:840} INFO - DAG(s) 'recommendation_system_training' retrieved from /opt/airflow/dags/recommendation_training_dag.py
[2026-09-03T07:53:16.094+0000] {logging_mixin.py:188} INFO - [2026-09-03T07:53:16.093+0000] {dag.py:3096} INFO - Sync 1 DAGs
[2026-09-03T07:53:16.118+0000] {logging_mixin.py:188} INFO - [2026-09-03T07:53:16.118+0000] {dag.py:3954} INFO - Setting next_dagrun for recommendation_system_training to 2026-08-23 02:00:00+00:00, run_after=2026-08-30 02:00:00+00:00
[2026-09-03T07:53:16.174+0000] {processor.py:183} INFO - Processing /opt/airflow/dags/recommendation_training_dag.py took 2.350 seconds
[2026-09-03T07:53:48.557+0000] {processor.py:161} INFO - Started process (PID=856) to work on /opt/airflow/dags/recommendation_training_dag.py
[2026-09-03T07:53:48.558+0000] {processor.py:830} INFO - Processing file /opt/airflow/dags/recommendation_training_dag.py for tasks to queue
[2026-09-03T07:53:48.562+0000] {logging_mixin.py:188} INFO - [2026-09-03T07:53:48.561+0000] {dagbag.py:545} INFO - Filling up the DagBag from /opt/airflow/dags/recommendation_training_dag.py
[2026-09-03T07:53:50.864+0000] {processor.py:840} INFO - DAG(s) 'recommendation_system_training' retrieved from /opt/airflow/dags/recommendation_training_dag.py
[2026-09-03T07:53:50.883+0000] {logging_mixin.py:188} INFO - [2026-09-03T07:53:50.882+0000] {dag.py:3096} INFO - Sync 1 DAGs
[2026-09-03T07:53:50.899+0000] {logging_mixin.py:188} INFO - [2026-09-03T07:53:50.899+0000] {dag.py:3954} INFO - Setting next_dagrun for recommendation_system_training to 2026-08-23 02:00:00+00:00, run_after=2026-08-30 02:00:00+00:00
[2026-09-03T07:53:50.971+0000] {processor.py:183} INFO - Processing /opt/airflow/dags/recommendation_training_dag.py took 2.429 seconds
[2026-09-03T07:54:21.845+0000] {processor.py:161} INFO - Started process (PID=868) to work on /opt/airflow/dags/recommendation_training_dag.py
[2026-09-03T07:54:21.847+0000] {processor.py:830} INFO - Processing file /opt/airflow/dags/recommendation_training_dag.py for tasks to queue
[2026-09-03T07:54:21.850+0000] {logging_mixin.py:188} INFO - [2026-09-03T07:54:21.849+0000] {dagbag.py:545} INFO - Filling up the DagBag from /opt/airflow/dags/recommendation_training_dag.py
[2026-09-03T07:54:24.055+0000] {processor.py:840} INFO - DAG(s) 'recommendation_system_training' retrieved from /opt/airflow/dags/recommendation_training_dag.py
[2026-09-03T07:54:24.079+0000] {logging_mixin.py:188} INFO - [2026-09-03T07:54:24.078+0000] {dag.py:3096} INFO - Sync 1 DAGs
[2026-09-03T07:54:24.130+0000] {logging_mixin.py:188} INFO - [2026-09-03T07:54:24.130+0000] {dag.py:3954} INFO - Setting next_dagrun for recommendation_system_training to 2026-08-23 02:00:00+00:00, run_after=2026-08-30 02:00:00+00:00
[2026-09-03T07:54:24.240+0000] {processor.py:183} INFO - Processing /opt/airflow/dags/recommendation_training_dag.py took 2.407 seconds
[2026-09-03T07:54:54.834+0000] {processor.py:161} INFO - Started process (PID=880) to work on /opt/airflow/dags/recommendation_training_dag.py
[2026-09-03T07:54:54.835+0000] {processor.py:830} INFO - Processing file /opt/airflow/dags/recommendation_training_dag.py for tasks to queue
[2026-09-03T07:54:54.837+0000] {logging_mixin.py:188} INFO - [2026-09-03T07:54:54.837+0000] {dagbag.py:545} INFO - Filling up the DagBag from /opt/airflow/dags/recommendation_training_dag.py
[2026-09-03T07:54:57.192+0000] {processor.py:840} INFO - DAG(s) 'recommendation_system_training' retrieved from /opt/airflow/dags/recommendation_training_dag.py
[2026-09-03T07:54:57.233+0000] {logging_mixin.py:188} INFO - [2026-09-03T07:54:57.233+0000] {dag.py:3096} INFO - Sync 1 DAGs
[2026-09-03T07:54:57.274+0000] {logging_mixin.py:188} INFO - [2026-09-03T07:54:57.274+0000] {dag.py:3954} INFO - Setting next_dagrun for recommendation_system_training to 2026-08-23 02:00:00+00:00, run_after=2026-08-30 02:00:00+00:00
[2026-09-03T07:54:57.386+0000] {processor.py:183} INFO - Processing /opt/airflow/dags/recommendation_training_dag.py took 2.561 seconds
[2026-09-03T07:55:28.068+0000] {processor.py:161} INFO - Started process (PID=892) to work on /opt/airflow/dags/recommendation_training_dag.py
[2026-09-03T07:55:28.071+0000] {processor.py:830} INFO - Processing file /opt/airflow/dags/recommendation_training_dag.py for tasks to queue
[2026-09-03T07:55:28.076+0000] {logging_mixin.py:188} INFO - [2026-09-03T07:55:28.076+0000] {dagbag.py:545} INFO - Filling up the DagBag from /opt/airflow/dags/recommendation_training_dag.py
[2026-09-03T07:55:30.308+0000] {processor.py:840} INFO - DAG(s) 'recommendation_system_training' retrieved from /opt/airflow/dags/recommendation_training_dag.py
[2026-09-03T07:55:30.340+0000] {logging_mixin.py:188} INFO - [2026-09-03T07:55:30.339+0000] {dag.py:3096} INFO - Sync 1 DAGs
[2026-09-03T07:55:30.359+0000] {logging_mixin.py:188} INFO - [2026-09-03T07:55:30.358+0000] {dag.py:3954} INFO - Setting next_dagrun for recommendation_system_training to 2026-08-23 02:00:00+00:00, run_after=2026-08-30 02:00:00+00:00
[2026-09-03T07:55:30.452+0000] {processor.py:183} INFO - Processing /opt/airflow/dags/recommendation_training_dag.py took 2.403 seconds
[2026-09-03T07:56:00.558+0000] {processor.py:161} INFO - Started process (PID=904) to work on /opt/airflow/dags/recommendation_training_dag.py
[2026-09-03T07:56:00.560+0000] {processor.py:830} INFO - Processing file /opt/airflow/dags/recommendation_training_dag.py for tasks to queue
[2026-09-03T07:56:00.563+0000] {logging_mixin.py:188} INFO - [2026-09-03T07:56:00.563+0000] {dagbag.py:545} INFO - Filling up the DagBag from /opt/airflow/dags/recommendation_training_dag.py
[2026-09-03T07:56:03.096+0000] {processor.py:840} INFO - DAG(s) 'recommendation_system_training' retrieved from /opt/airflow/dags/recommendation_training_dag.py
[2026-09-03T07:56:03.205+0000] {logging_mixin.py:188} INFO - [2026-09-03T07:56:03.204+0000] {dag.py:3096} INFO - Sync 1 DAGs
[2026-09-03T07:56:03.257+0000] {logging_mixin.py:188} INFO - [2026-09-03T07:56:03.257+0000] {dag.py:3954} INFO - Setting next_dagrun for recommendation_system_training to 2026-08-23 02:00:00+00:00, run_after=2026-08-30 02:00:00+00:00
[2026-09-03T07:56:03.415+0000] {processor.py:183} INFO - Processing /opt/airflow/dags/recommendation_training_dag.py took 2.872 seconds
[2026-09-03T07:56:34.313+0000] {processor.py:161} INFO - Started process (PID=916) to work on /opt/airflow/dags/recommendation_training_dag.py
[2026-09-03T07:56:34.315+0000] {processor.py:830} INFO - Processing file /opt/airflow/dags/recommendation_training_dag.py for tasks to queue
[2026-09-03T07:56:34.319+0000] {logging_mixin.py:188} INFO - [2026-09-03T07:56:34.318+0000] {dagbag.py:545} INFO - Filling up the DagBag from /opt/airflow/dags/recommendation_training_dag.py
[2026-09-03T07:56:36.037+0000] {processor.py:840} INFO - DAG(s) 'recommendation_system_training' retrieved from /opt/airflow/dags/recommendation_training_dag.py
[2026-09-03T07:56:36.071+0000] {logging_mixin.py:188} INFO - [2026-09-03T07:56:36.069+0000] {dag.py:3096} INFO - Sync 1 DAGs
[2026-09-03T07:56:36.100+0000] {logging_mixin.py:188} INFO - [2026-09-03T07:56:36.099+0000] {dag.py:3954} INFO - Setting next_dagrun for recommendation_system_training to 2026-08-23 02:00:00+00:00, run_after=2026-08-30 02:00:00+00:00
[2026-09-03T07:56:36.169+0000] {processor.py:183} INFO - Processing /opt/airflow/dags/recommendation_training_dag.py took 2.523 seconds
[2026-09-03T07:57:05.829+0000] {processor.py:161} INFO - Started process (PID=928) to work on /opt/airflow/dags/recommendation_training_dag.py
[2026-09-03T07:57:05.831+0000] {processor.py:830} INFO - Processing file /opt/airflow/dags/recommendation_training_dag.py for tasks to queue
[2026-09-03T07:57:05.834+0000] {logging_mixin.py:188} INFO - [2026-09-03T07:57:05.834+0000] {dagbag.py:545} INFO - Filling up the DagBag from /opt/airflow/dags/recommendation_training_dag.py
[2026-09-03T07:57:08.179+0000] {processor.py:840} INFO - DAG(s) 'recommendation_system_training' retrieved from /opt/airflow/dags/recommendation_training_dag.py
[2026-09-03T07:57:08.222+0000] {logging_mixin.py:188} INFO - [2026-09-03T07:57:08.221+0000] {dag.py:3096} INFO - Sync 1 DAGs
[2026-09-03T07:57:08.256+0000] {logging_mixin.py:188} INFO - [2026-09-03T07:57:08.255+0000] {dag.py:3954} INFO - Setting next_dagrun for recommendation_system_training to 2026-08-23 02:00:00+00:00, run_after=2026-08-30 02:00:00+00:00
[2026-09-03T07:57:08.415+0000] {processor.py:183} INFO - Processing /opt/airflow/dags/recommendation_training_dag.py took 2.601 seconds
[2026-09-03T07:57:38.863+0000] {processor.py:161} INFO - Started process (PID=940) to work on /opt/airflow/dags/recommendation_training_dag.py
[2026-09-03T07:57:38.865+0000] {processor.py:830} INFO - Processing file /opt/airflow/dags/recommendation_training_dag.py for tasks to queue
[2026-09-03T07:57:38.869+0000] {logging_mixin.py:188} INFO - [2026-09-03T07:57:38.868+0000] {dagbag.py:545} INFO - Filling up the DagBag from /opt/airflow/dags/recommendation_training_dag.py
[2026-09-03T07:57:41.173+0000] {processor.py:840} INFO - DAG(s) 'recommendation_system_training' retrieved from /opt/airflow/dags/recommendation_training_dag.py
[2026-09-03T07:57:41.262+0000] {logging_mixin.py:188} INFO - [2026-09-03T07:57:41.262+0000] {dag.py:3096} INFO - Sync 1 DAGs
[2026-09-03T07:57:41.395+0000] {logging_mixin.py:188} INFO - [2026-09-03T07:57:41.393+0000] {dag.py:3954} INFO - Setting next_dagrun for recommendation_system_training to 2026-08-23 02:00:00+00:00, run_after=2026-08-30 02:00:00+00:00
[2026-09-03T07:57:41.560+0000] {processor.py:183} INFO - Processing /opt/airflow/dags/recommendation_training_dag.py took 2.712 seconds
[2026-09-03T07:58:12.176+0000] {processor.py:161} INFO - Started process (PID=952) to work on /opt/airflow/dags/recommendation_training_dag.py
[2026-09-03T07:58:12.178+0000] {processor.py:830} INFO - Processing file /opt/airflow/dags/recommendation_training_dag.py for tasks to queue
[2026-09-03T07:58:12.181+0000] {logging_mixin.py:188} INFO - [2026-09-03T07:58:12.180+0000] {dagbag.py:545} INFO - Filling up the DagBag from /opt/airflow/dags/recommendation_training_dag.py
[2026-09-03T07:58:14.607+0000] {processor.py:840} INFO - DAG(s) 'recommendation_system_training' retrieved from /opt/airflow/dags/recommendation_training_dag.py
[2026-09-03T07:58:14.646+0000] {logging_mixin.py:188} INFO - [2026-09-03T07:58:14.645+0000] {dag.py:3096} INFO - Sync 1 DAGs
[2026-09-03T07:58:14.671+0000] {logging_mixin.py:188} INFO - [2026-09-03T07:58:14.670+0000] {dag.py:3954} INFO - Setting next_dagrun for recommendation_system_training to 2026-08-23 02:00:00+00:00, run_after=2026-08-30 02:00:00+00:00
[2026-09-03T07:58:14.773+0000] {processor.py:183} INFO - Processing /opt/airflow/dags/recommendation_training_dag.py took 2.606 seconds
[2026-09-03T07:58:45.723+0000] {processor.py:161} INFO - Started process (PID=964) to work on /opt/airflow/dags/recommendation_training_dag.py
[2026-09-03T07:58:45.725+0000] {processor.py:830} INFO - Processing file /opt/airflow/dags/recommendation_training_dag.py for tasks to queue
[2026-09-03T07:58:45.728+0000] {logging_mixin.py:188} INFO - [2026-09-03T07:58:45.727+0000] {dagbag.py:545} INFO - Filling up the DagBag from /opt/airflow/dags/recommendation_training_dag.py
[2026-09-03T07:58:48.014+0000] {processor.py:840} INFO - DAG(s) 'recommendation_system_training' retrieved from /opt/airflow/dags/recommendation_training_dag.py
[2026-09-03T07:58:48.034+0000] {logging_mixin.py:188} INFO - [2026-09-03T07:58:48.034+0000] {dag.py:3096} INFO - Sync 1 DAGs
[2026-09-03T07:58:48.058+0000] {logging_mixin.py:188} INFO - [2026-09-03T07:58:48.057+0000] {dag.py:3954} INFO - Setting next_dagrun for recommendation_system_training to 2026-08-23 02:00:00+00:00, run_after=2026-08-30 02:00:00+00:00
[2026-09-03T07:58:48.192+0000] {processor.py:183} INFO - Processing /opt/airflow/dags/recommendation_training_dag.py took 2.480 seconds
[2026-09-03T07:59:18.572+0000] {processor.py:161} INFO - Started process (PID=976) to work on /opt/airflow/dags/recommendation_training_dag.py
[2026-09-03T07:59:18.576+0000] {processor.py:830} INFO - Processing file /opt/airflow/dags/recommendation_training_dag.py for tasks to queue
[2026-09-03T07:59:18.580+0000] {logging_mixin.py:188} INFO - [2026-09-03T07:59:18.579+0000] {dagbag.py:545} INFO - Filling up the DagBag from /opt/airflow/dags/recommendation_training_dag.py
[2026-09-03T07:59:20.885+0000] {processor.py:840} INFO - DAG(s) 'recommendation_system_training' retrieved from /opt/airflow/dags/recommendation_training_dag.py
[2026-09-03T07:59:20.926+0000] {logging_mixin.py:188} INFO - [2026-09-03T07:59:20.925+0000] {dag.py:3096} INFO - Sync 1 DAGs
[2026-09-03T07:59:20.974+0000] {logging_mixin.py:188} INFO - [2026-09-03T07:59:20.973+0000] {dag.py:3954} INFO - Setting next_dagrun for recommendation_system_training to 2026-08-23 02:00:00+00:00, run_after=2026-08-30 02:00:00+00:00
[2026-09-03T07:59:21.117+0000] {processor.py:183} INFO - Processing /opt/airflow/dags/recommendation_training_dag.py took 2.558 seconds
[2026-09-03T07:59:51.777+0000] {processor.py:161} INFO - Started process (PID=988) to work on /opt/airflow/dags/recommendation_training_dag.py
[2026-09-03T07:59:51.779+0000] {processor.py:830} INFO - Processing file /opt/airflow/dags/recommendation_training_dag.py for tasks to queue
[2026-09-03T07:59:51.782+0000] {logging_mixin.py:188} INFO - [2026-09-03T07:59:51.782+0000] {dagbag.py:545} INFO - Filling up the DagBag from /opt/airflow/dags/recommendation_training_dag.py
[2026-09-03T07:59:54.199+0000] {processor.py:840} INFO - DAG(s) 'recommendation_system_training' retrieved from /opt/airflow/dags/recommendation_training_dag.py
[2026-09-03T07:59:54.235+0000] {logging_mixin.py:188} INFO - [2026-09-03T07:59:54.235+0000] {dag.py:3096} INFO - Sync 1 DAGs
[2026-09-03T07:59:54.261+0000] {logging_mixin.py:188} INFO - [2026-09-03T07:59:54.260+0000] {dag.py:3954} INFO - Setting next_dagrun for recommendation_system_training to 2026-08-23 02:00:00+00:00, run_after=2026-08-30 02:00:00+00:00
[2026-09-03T07:59:54.364+0000] {processor.py:183} INFO - Processing /opt/airflow/dags/recommendation_training_dag.py took 2.599 seconds
[2026-09-03T08:00:25.549+0000] {processor.py:161} INFO - Started process (PID=1000) to work on /opt/airflow/dags/recommendation_training_dag.py
[2026-09-03T08:00:25.551+0000] {processor.py:830} INFO - Processing file /opt/airflow/dags/recommendation_training_dag.py for tasks to queue
[2026-09-03T08:00:25.557+0000] {logging_mixin.py:188} INFO - [2026-09-03T08:00:25.556+0000] {dagbag.py:545} INFO - Filling up the DagBag from /opt/airflow/dags/recommendation_training_dag.py
[2026-09-03T08:00:27.866+0000] {processor.py:840} INFO - DAG(s) 'recommendation_system_training' retrieved from /opt/airflow/dags/recommendation_training_dag.py
[2026-09-03T08:00:27.960+0000] {logging_mixin.py:188} INFO - [2026-09-03T08:00:27.959+0000] {dag.py:3096} INFO - Sync 1 DAGs
[2026-09-03T08:00:28.020+0000] {logging_mixin.py:188} INFO - [2026-09-03T08:00:28.019+0000] {dag.py:3954} INFO - Setting next_dagrun for recommendation_system_training to 2026-08-23 02:00:00+00:00, run_after=2026-08-30 02:00:00+00:00
[2026-09-03T08:00:28.120+0000] {processor.py:183} INFO - Processing /opt/airflow/dags/recommendation_training_dag.py took 2.594 seconds
[2026-09-03T08:00:58.323+0000] {processor.py:161} INFO - Started process (PID=1012) to work on /opt/airflow/dags/recommendation_training_dag.py
[2026-09-03T08:00:58.325+0000] {processor.py:830} INFO - Processing file /opt/airflow/dags/recommendation_training_dag.py for tasks to queue
[2026-09-03T08:00:58.329+0000] {logging_mixin.py:188} INFO - [2026-09-03T08:00:58.328+0000] {dagbag.py:545} INFO - Filling up the DagBag from /opt/airflow/dags/recommendation_training_dag.py
[2026-09-03T08:01:00.506+0000] {processor.py:840} INFO - DAG(s) 'recommendation_system_training' retrieved from /opt/airflow/dags/recommendation_training_dag.py
[2026-09-03T08:01:00.526+0000] {logging_mixin.py:188} INFO - [2026-09-03T08:01:00.526+0000] {dag.py:3096} INFO - Sync 1 DAGs
[2026-09-03T08:01:00.544+0000] {logging_mixin.py:188} INFO - [2026-09-03T08:01:00.544+0000] {dag.py:3954} INFO - Setting next_dagrun for recommendation_system_training to 2026-08-23 02:00:00+00:00, run_after=2026-08-30 02:00:00+00:00
[2026-09-03T08:01:00.650+0000] {processor.py:183} INFO - Processing /opt/airflow/dags/recommendation_training_dag.py took 2.338 seconds
[2026-09-03T08:01:31.545+0000] {processor.py:161} INFO - Started process (PID=1024) to work on /opt/airflow/dags/recommendation_training_dag.py
[2026-09-03T08:01:31.547+0000] {processor.py:830} INFO - Processing file /opt/airflow/dags/recommendation_training_dag.py for tasks to queue
[2026-09-03T08:01:31.551+0000] {logging_mixin.py:188} INFO - [2026-09-03T08:01:31.550+0000] {dagbag.py:545} INFO - Filling up the DagBag from /opt/airflow/dags/recommendation_training_dag.py
[2026-09-03T08:01:33.857+0000] {processor.py:840} INFO - DAG(s) 'recommendation_system_training' retrieved from /opt/airflow/dags/recommendation_training_dag.py
[2026-09-03T08:01:33.912+0000] {logging_mixin.py:188} INFO - [2026-09-03T08:01:33.911+0000] {dag.py:3096} INFO - Sync 1 DAGs
[2026-09-03T08:01:33.945+0000] {logging_mixin.py:188} INFO - [2026-09-03T08:01:33.945+0000] {dag.py:3954} INFO - Setting next_dagrun for recommendation_system_training to 2026-08-23 02:00:00+00:00, run_after=2026-08-30 02:00:00+00:00
[2026-09-03T08:01:34.103+0000] {processor.py:183} INFO - Processing /opt/airflow/dags/recommendation_training_dag.py took 2.573 seconds
[2026-09-03T08:02:04.394+0000] {processor.py:161} INFO - Started process (PID=1036) to work on /opt/airflow/dags/recommendation_training_dag.py
[2026-09-03T08:02:04.395+0000] {processor.py:830} INFO - Processing file /opt/airflow/dags/recommendation_training_dag.py for tasks to queue
[2026-09-03T08:02:04.398+0000] {logging_mixin.py:188} INFO - [2026-09-03T08:02:04.398+0000] {dagbag.py:545} INFO - Filling up the DagBag from /opt/airflow/dags/recommendation_training_dag.py
[2026-09-03T08:02:06.716+0000] {processor.py:840} INFO - DAG(s) 'recommendation_system_training' retrieved from /opt/airflow/dags/recommendation_training_dag.py
[2026-09-03T08:02:06.812+0000] {logging_mixin.py:188} INFO - [2026-09-03T08:02:06.811+0000] {dag.py:3096} INFO - Sync 1 DAGs
[2026-09-03T08:02:06.896+0000] {logging_mixin.py:188} INFO - [2026-09-03T08:02:06.896+0000] {dag.py:3954} INFO - Setting next_dagrun for recommendation_system_training to 2026-08-23 02:00:00+00:00, run_after=2026-08-30 02:00:00+00:00
[2026-09-03T08:02:07.002+0000] {processor.py:183} INFO - Processing /opt/airflow/dags/recommendation_training_dag.py took 2.619 seconds
[2026-09-03T08:02:37.681+0000] {processor.py:161} INFO - Started process (PID=1048) to work on /opt/airflow/dags/recommendation_training_dag.py
[2026-09-03T08:02:37.683+0000] {processor.py:830} INFO - Processing file /opt/airflow/dags/recommendation_training_dag.py for tasks to queue
[2026-09-03T08:02:37.685+0000] {logging_mixin.py:188} INFO - [2026-09-03T08:02:37.685+0000] {dagbag.py:545} INFO - Filling up the DagBag from /opt/airflow/dags/recommendation_training_dag.py
[2026-09-03T08:02:40.076+0000] {processor.py:840} INFO - DAG(s) 'recommendation_system_training' retrieved from /opt/airflow/dags/recommendation_training_dag.py
[2026-09-03T08:02:40.120+0000] {logging_mixin.py:188} INFO - [2026-09-03T08:02:40.120+0000] {dag.py:3096} INFO - Sync 1 DAGs
[2026-09-03T08:02:40.142+0000] {logging_mixin.py:188} INFO - [2026-09-03T08:02:40.142+0000] {dag.py:3954} INFO - Setting next_dagrun for recommendation_system_training to 2026-08-23 02:00:00+00:00, run_after=2026-08-30 02:00:00+00:00
[2026-09-03T08:02:40.204+0000] {processor.py:183} INFO - Processing /opt/airflow/dags/recommendation_training_dag.py took 2.545 seconds
[2026-09-03T08:03:11.013+0000] {processor.py:161} INFO - Started process (PID=1060) to work on /opt/airflow/dags/recommendation_training_dag.py
[2026-09-03T08:03:11.016+0000] {processor.py:830} INFO - Processing file /opt/airflow/dags/recommendation_training_dag.py for tasks to queue
[2026-09-03T08:03:11.019+0000] {logging_mixin.py:188} INFO - [2026-09-03T08:03:11.019+0000] {dagbag.py:545} INFO - Filling up the DagBag from /opt/airflow/dags/recommendation_training_dag.py
[2026-09-03T08:03:13.597+0000] {processor.py:840} INFO - DAG(s) 'recommendation_system_training' retrieved from /opt/airflow/dags/recommendation_training_dag.py
[2026-09-03T08:03:13.626+0000] {logging_mixin.py:188} INFO - [2026-09-03T08:03:13.626+0000] {dag.py:3096} INFO - Sync 1 DAGs
[2026-09-03T08:03:13.662+0000] {logging_mixin.py:188} INFO - [2026-09-03T08:03:13.661+0000] {dag.py:3954} INFO - Setting next_dagrun for recommendation_system_training to 2026-08-23 02:00:00+00:00, run_after=2026-08-30 02:00:00+00:00
[2026-09-03T08:03:13.762+0000] {processor.py:183} INFO - Processing /opt/airflow/dags/recommendation_training_dag.py took 2.764 seconds
[2026-09-03T08:03:44.351+0000] {processor.py:161} INFO - Started process (PID=1072) to work on /opt/airflow/dags/recommendation_training_dag.py
[2026-09-03T08:03:44.353+0000] {processor.py:830} INFO - Processing file /opt/airflow/dags/recommendation_training_dag.py for tasks to queue
[2026-09-03T08:03:44.357+0000] {logging_mixin.py:188} INFO - [2026-09-03T08:03:44.356+0000] {dagbag.py:545} INFO - Filling up the DagBag from /opt/airflow/dags/recommendation_training_dag.py
[2026-09-03T08:03:46.563+0000] {processor.py:840} INFO - DAG(s) 'recommendation_system_training' retrieved from /opt/airflow/dags/recommendation_training_dag.py
[2026-09-03T08:03:46.587+0000] {logging_mixin.py:188} INFO - [2026-09-03T08:03:46.587+0000] {dag.py:3096} INFO - Sync 1 DAGs
[2026-09-03T08:03:46.605+0000] {logging_mixin.py:188} INFO - [2026-09-03T08:03:46.605+0000] {dag.py:3954} INFO - Setting next_dagrun for recommendation_system_training to 2026-08-23 02:00:00+00:00, run_after=2026-08-30 02:00:00+00:00
[2026-09-03T08:03:46.699+0000] {processor.py:183} INFO - Processing /opt/airflow/dags/recommendation_training_dag.py took 2.365 seconds
[2026-09-03T08:04:19.123+0000] {processor.py:161} INFO - Started process (PID=1085) to work on /opt/airflow/dags/recommendation_training_dag.py
[2026-09-03T08:04:19.125+0000] {processor.py:830} INFO - Processing file /opt/airflow/dags/recommendation_training_dag.py for tasks to queue
[2026-09-03T08:04:19.128+0000] {logging_mixin.py:188} INFO - [2026-09-03T08:04:19.127+0000] {dagbag.py:545} INFO - Filling up the DagBag from /opt/airflow/dags/recommendation_training_dag.py
[2026-09-03T08:04:21.319+0000] {processor.py:840} INFO - DAG(s) 'recommendation_system_training' retrieved from /opt/airflow/dags/recommendation_training_dag.py
[2026-09-03T08:04:21.341+0000] {logging_mixin.py:188} INFO - [2026-09-03T08:04:21.341+0000] {dag.py:3096} INFO - Sync 1 DAGs
[2026-09-03T08:04:21.358+0000] {logging_mixin.py:188} INFO - [2026-09-03T08:04:21.358+0000] {dag.py:3954} INFO - Setting next_dagrun for recommendation_system_training to 2026-08-23 02:00:00+00:00, run_after=2026-08-30 02:00:00+00:00
[2026-09-03T08:04:21.426+0000] {processor.py:183} INFO - Processing /opt/airflow/dags/recommendation_training_dag.py took 2.315 seconds
[2026-09-03T08:04:52.200+0000] {processor.py:161} INFO - Started process (PID=1097) to work on /opt/airflow/dags/recommendation_training_dag.py
[2026-09-03T08:04:52.202+0000] {processor.py:830} INFO - Processing file /opt/airflow/dags/recommendation_training_dag.py for tasks to queue
[2026-09-03T08:04:52.206+0000] {logging_mixin.py:188} INFO - [2026-09-03T08:04:52.205+0000] {dagbag.py:545} INFO - Filling up the DagBag from /opt/airflow/dags/recommendation_training_dag.py
[2026-09-03T08:04:54.552+0000] {processor.py:840} INFO - DAG(s) 'recommendation_system_training' retrieved from /opt/airflow/dags/recommendation_training_dag.py
[2026-09-03T08:04:54.602+0000] {logging_mixin.py:188} INFO - [2026-09-03T08:04:54.601+0000] {dag.py:3096} INFO - Sync 1 DAGs
[2026-09-03T08:04:54.763+0000] {logging_mixin.py:188} INFO - [2026-09-03T08:04:54.763+0000] {dag.py:3954} INFO - Setting next_dagrun for recommendation_system_training to 2026-08-23 02:00:00+00:00, run_after=2026-08-30 02:00:00+00:00
[2026-09-03T08:04:54.853+0000] {processor.py:183} INFO - Processing /opt/airflow/dags/recommendation_training_dag.py took 2.668 seconds
[2026-09-03T08:05:25.199+0000] {processor.py:161} INFO - Started process (PID=1109) to work on /opt/airflow/dags/recommendation_training_dag.py
[2026-09-03T08:05:25.201+0000] {processor.py:830} INFO - Processing file /opt/airflow/dags/recommendation_training_dag.py for tasks to queue
[2026-09-03T08:05:25.204+0000] {logging_mixin.py:188} INFO - [2026-09-03T08:05:25.203+0000] {dagbag.py:545} INFO - Filling up the DagBag from /opt/airflow/dags/recommendation_training_dag.py
[2026-09-03T08:05:27.596+0000] {processor.py:840} INFO - DAG(s) 'recommendation_system_training' retrieved from /opt/airflow/dags/recommendation_training_dag.py
[2026-09-03T08:05:27.695+0000] {logging_mixin.py:188} INFO - [2026-09-03T08:05:27.694+0000] {dag.py:3096} INFO - Sync 1 DAGs
[2026-09-03T08:05:27.791+0000] {logging_mixin.py:188} INFO - [2026-09-03T08:05:27.791+0000] {dag.py:3954} INFO - Setting next_dagrun for recommendation_system_training to 2026-08-23 02:00:00+00:00, run_after=2026-08-30 02:00:00+00:00
[2026-09-03T08:05:27.908+0000] {processor.py:183} INFO - Processing /opt/airflow/dags/recommendation_training_dag.py took 2.723 seconds
[2026-09-03T08:05:58.753+0000] {processor.py:161} INFO - Started process (PID=1121) to work on /opt/airflow/dags/recommendation_training_dag.py
[2026-09-03T08:05:58.755+0000] {processor.py:830} INFO - Processing file /opt/airflow/dags/recommendation_training_dag.py for tasks to queue
[2026-09-03T08:05:58.760+0000] {logging_mixin.py:188} INFO - [2026-09-03T08:05:58.759+0000] {dagbag.py:545} INFO - Filling up the DagBag from /opt/airflow/dags/recommendation_training_dag.py
[2026-09-03T08:06:01.139+0000] {processor.py:840} INFO - DAG(s) 'recommendation_system_training' retrieved from /opt/airflow/dags/recommendation_training_dag.py
[2026-09-03T08:06:01.162+0000] {logging_mixin.py:188} INFO - [2026-09-03T08:06:01.162+0000] {dag.py:3096} INFO - Sync 1 DAGs
[2026-09-03T08:06:01.204+0000] {logging_mixin.py:188} INFO - [2026-09-03T08:06:01.204+0000] {dag.py:3954} INFO - Setting next_dagrun for recommendation_system_training to 2026-08-23 02:00:00+00:00, run_after=2026-08-30 02:00:00+00:00
[2026-09-03T08:06:01.405+0000] {processor.py:183} INFO - Processing /opt/airflow/dags/recommendation_training_dag.py took 2.666 seconds
[2026-09-03T08:06:32.594+0000] {processor.py:161} INFO - Started process (PID=1133) to work on /opt/airflow/dags/recommendation_training_dag.py
[2026-09-03T08:06:32.596+0000] {processor.py:830} INFO - Processing file /opt/airflow/dags/recommendation_training_dag.py for tasks to queue
[2026-09-03T08:06:32.598+0000] {logging_mixin.py:188} INFO - [2026-09-03T08:06:32.598+0000] {dagbag.py:545} INFO - Filling up the DagBag from /opt/airflow/dags/recommendation_training_dag.py
[2026-09-03T08:06:34.846+0000] {processor.py:840} INFO - DAG(s) 'recommendation_system_training' retrieved from /opt/airflow/dags/recommendation_training_dag.py
[2026-09-03T08:06:34.883+0000] {logging_mixin.py:188} INFO - [2026-09-03T08:06:34.881+0000] {dag.py:3096} INFO - Sync 1 DAGs
[2026-09-03T08:06:34.918+0000] {logging_mixin.py:188} INFO - [2026-09-03T08:06:34.918+0000] {dag.py:3954} INFO - Setting next_dagrun for recommendation_system_training to 2026-08-23 02:00:00+00:00, run_after=2026-08-30 02:00:00+00:00
[2026-09-03T08:06:35.038+0000] {processor.py:183} INFO - Processing /opt/airflow/dags/recommendation_training_dag.py took 2.454 seconds
[2026-09-03T08:07:05.177+0000] {processor.py:161} INFO - Started process (PID=1145) to work on /opt/airflow/dags/recommendation_training_dag.py
[2026-09-03T08:07:05.178+0000] {processor.py:830} INFO - Processing file /opt/airflow/dags/recommendation_training_dag.py for tasks to queue
[2026-09-03T08:07:05.181+0000] {logging_mixin.py:188} INFO - [2026-09-03T08:07:05.180+0000] {dagbag.py:545} INFO - Filling up the DagBag from /opt/airflow/dags/recommendation_training_dag.py
[2026-09-03T08:07:07.393+0000] {processor.py:840} INFO - DAG(s) 'recommendation_system_training' retrieved from /opt/airflow/dags/recommendation_training_dag.py
[2026-09-03T08:07:07.418+0000] {logging_mixin.py:188} INFO - [2026-09-03T08:07:07.418+0000] {dag.py:3096} INFO - Sync 1 DAGs
[2026-09-03T08:07:07.437+0000] {logging_mixin.py:188} INFO - [2026-09-03T08:07:07.436+0000] {dag.py:3954} INFO - Setting next_dagrun for recommendation_system_training to 2026-08-23 02:00:00+00:00, run_after=2026-08-30 02:00:00+00:00
[2026-09-03T08:07:07.535+0000] {processor.py:183} INFO - Processing /opt/airflow/dags/recommendation_training_dag.py took 2.368 seconds
[2026-09-03T08:07:37.713+0000] {processor.py:161} INFO - Started process (PID=1157) to work on /opt/airflow/dags/recommendation_training_dag.py
[2026-09-03T08:07:37.716+0000] {processor.py:830} INFO - Processing file /opt/airflow/dags/recommendation_training_dag.py for tasks to queue
[2026-09-03T08:07:37.720+0000] {logging_mixin.py:188} INFO - [2026-09-03T08:07:37.719+0000] {dagbag.py:545} INFO - Filling up the DagBag from /opt/airflow/dags/recommendation_training_dag.py
[2026-09-03T08:07:39.894+0000] {processor.py:840} INFO - DAG(s) 'recommendation_system_training' retrieved from /opt/airflow/dags/recommendation_training_dag.py
[2026-09-03T08:07:39.919+0000] {logging_mixin.py:188} INFO - [2026-09-03T08:07:39.918+0000] {dag.py:3096} INFO - Sync 1 DAGs
[2026-09-03T08:07:40.058+0000] {logging_mixin.py:188} INFO - [2026-09-03T08:07:40.058+0000] {dag.py:3954} INFO - Setting next_dagrun for recommendation_system_training to 2026-08-23 02:00:00+00:00, run_after=2026-08-30 02:00:00+00:00
[2026-09-03T08:07:40.155+0000] {processor.py:183} INFO - Processing /opt/airflow/dags/recommendation_training_dag.py took 2.456 seconds
[2026-09-03T08:08:10.856+0000] {processor.py:161} INFO - Started process (PID=1169) to work on /opt/airflow/dags/recommendation_training_dag.py
[2026-09-03T08:08:10.857+0000] {processor.py:830} INFO - Processing file /opt/airflow/dags/recommendation_training_dag.py for tasks to queue
[2026-09-03T08:08:10.859+0000] {logging_mixin.py:188} INFO - [2026-09-03T08:08:10.859+0000] {dagbag.py:545} INFO - Filling up the DagBag from /opt/airflow/dags/recommendation_training_dag.py
[2026-09-03T08:08:13.251+0000] {processor.py:840} INFO - DAG(s) 'recommendation_system_training' retrieved from /opt/airflow/dags/recommendation_training_dag.py
[2026-09-03T08:08:13.299+0000] {logging_mixin.py:188} INFO - [2026-09-03T08:08:13.298+0000] {dag.py:3096} INFO - Sync 1 DAGs
[2026-09-03T08:08:13.393+0000] {logging_mixin.py:188} INFO - [2026-09-03T08:08:13.393+0000] {dag.py:3954} INFO - Setting next_dagrun for recommendation_system_training to 2026-08-23 02:00:00+00:00, run_after=2026-08-30 02:00:00+00:00
[2026-09-03T08:08:13.524+0000] {processor.py:183} INFO - Processing /opt/airflow/dags/recommendation_training_dag.py took 2.679 seconds
[2026-09-03T08:08:44.322+0000] {processor.py:161} INFO - Started process (PID=1181) to work on /opt/airflow/dags/recommendation_training_dag.py
[2026-09-03T08:08:44.323+0000] {processor.py:830} INFO - Processing file /opt/airflow/dags/recommendation_training_dag.py for tasks to queue
[2026-09-03T08:08:44.325+0000] {logging_mixin.py:188} INFO - [2026-09-03T08:08:44.325+0000] {dagbag.py:545} INFO - Filling up the DagBag from /opt/airflow/dags/recommendation_training_dag.py
[2026-09-03T08:08:46.558+0000] {processor.py:840} INFO - DAG(s) 'recommendation_system_training' retrieved from /opt/airflow/dags/recommendation_training_dag.py
[2026-09-03T08:08:46.581+0000] {logging_mixin.py:188} INFO - [2026-09-03T08:08:46.580+0000] {dag.py:3096} INFO - Sync 1 DAGs
[2026-09-03T08:08:46.602+0000] {logging_mixin.py:188} INFO - [2026-09-03T08:08:46.602+0000] {dag.py:3954} INFO - Setting next_dagrun for recommendation_system_training to 2026-08-23 02:00:00+00:00, run_after=2026-08-30 02:00:00+00:00
[2026-09-03T08:08:46.682+0000] {processor.py:183} INFO - Processing /opt/airflow/dags/recommendation_training_dag.py took 2.368 seconds
[2026-09-03T08:09:17.472+0000] {processor.py:161} INFO - Started process (PID=1193) to work on /opt/airflow/dags/recommendation_training_dag.py
[2026-09-03T08:09:17.473+0000] {processor.py:830} INFO - Processing file /opt/airflow/dags/recommendation_training_dag.py for tasks to queue
[2026-09-03T08:09:17.476+0000] {logging_mixin.py:188} INFO - [2026-09-03T08:09:17.476+0000] {dagbag.py:545} INFO - Filling up the DagBag from /opt/airflow/dags/recommendation_training_dag.py
[2026-09-03T08:09:19.829+0000] {processor.py:840} INFO - DAG(s) 'recommendation_system_training' retrieved from /opt/airflow/dags/recommendation_training_dag.py
[2026-09-03T08:09:19.886+0000] {logging_mixin.py:188} INFO - [2026-09-03T08:09:19.885+0000] {dag.py:3096} INFO - Sync 1 DAGs
[2026-09-03T08:09:19.963+0000] {logging_mixin.py:188} INFO - [2026-09-03T08:09:19.963+0000] {dag.py:3954} INFO - Setting next_dagrun for recommendation_system_training to 2026-08-23 02:00:00+00:00, run_after=2026-08-30 02:00:00+00:00
[2026-09-03T08:09:20.076+0000] {processor.py:183} INFO - Processing /opt/airflow/dags/recommendation_training_dag.py took 2.614 seconds
[2026-09-03T08:09:50.475+0000] {processor.py:161} INFO - Started process (PID=1205) to work on /opt/airflow/dags/recommendation_training_dag.py
[2026-09-03T08:09:50.477+0000] {processor.py:830} INFO - Processing file /opt/airflow/dags/recommendation_training_dag.py for tasks to queue
[2026-09-03T08:09:50.480+0000] {logging_mixin.py:188} INFO - [2026-09-03T08:09:50.480+0000] {dagbag.py:545} INFO - Filling up the DagBag from /opt/airflow/dags/recommendation_training_dag.py
[2026-09-03T08:09:52.965+0000] {processor.py:840} INFO - DAG(s) 'recommendation_system_training' retrieved from /opt/airflow/dags/recommendation_training_dag.py
[2026-09-03T08:09:52.988+0000] {logging_mixin.py:188} INFO - [2026-09-03T08:09:52.987+0000] {dag.py:3096} INFO - Sync 1 DAGs
[2026-09-03T08:09:53.004+0000] {logging_mixin.py:188} INFO - [2026-09-03T08:09:53.004+0000] {dag.py:3954} INFO - Setting next_dagrun for recommendation_system_training to 2026-08-23 02:00:00+00:00, run_after=2026-08-30 02:00:00+00:00
[2026-09-03T08:09:53.099+0000] {processor.py:183} INFO - Processing /opt/airflow/dags/recommendation_training_dag.py took 2.639 seconds
[2026-09-03T08:10:23.747+0000] {processor.py:161} INFO - Started process (PID=1217) to work on /opt/airflow/dags/recommendation_training_dag.py
[2026-09-03T08:10:23.748+0000] {processor.py:830} INFO - Processing file /opt/airflow/dags/recommendation_training_dag.py for tasks to queue
[2026-09-03T08:10:23.751+0000] {logging_mixin.py:188} INFO - [2026-09-03T08:10:23.750+0000] {dagbag.py:545} INFO - Filling up the DagBag from /opt/airflow/dags/recommendation_training_dag.py
[2026-09-03T08:10:26.227+0000] {processor.py:840} INFO - DAG(s) 'recommendation_system_training' retrieved from /opt/airflow/dags/recommendation_training_dag.py
[2026-09-03T08:10:26.255+0000] {logging_mixin.py:188} INFO - [2026-09-03T08:10:26.255+0000] {dag.py:3096} INFO - Sync 1 DAGs
[2026-09-03T08:10:26.359+0000] {logging_mixin.py:188} INFO - [2026-09-03T08:10:26.359+0000] {dag.py:3954} INFO - Setting next_dagrun for recommendation_system_training to 2026-08-23 02:00:00+00:00, run_after=2026-08-30 02:00:00+00:00
[2026-09-03T08:10:26.477+0000] {processor.py:183} INFO - Processing /opt/airflow/dags/recommendation_training_dag.py took 2.743 seconds
[2026-09-03T08:10:57.455+0000] {processor.py:161} INFO - Started process (PID=1229) to work on /opt/airflow/dags/recommendation_training_dag.py
[2026-09-03T08:10:57.458+0000] {processor.py:830} INFO - Processing file /opt/airflow/dags/recommendation_training_dag.py for tasks to queue
[2026-09-03T08:10:57.464+0000] {logging_mixin.py:188} INFO - [2026-09-03T08:10:57.463+0000] {dagbag.py:545} INFO - Filling up the DagBag from /opt/airflow/dags/recommendation_training_dag.py
[2026-09-03T08:11:00.063+0000] {processor.py:840} INFO - DAG(s) 'recommendation_system_training' retrieved from /opt/airflow/dags/recommendation_training_dag.py
[2026-09-03T08:11:00.095+0000] {logging_mixin.py:188} INFO - [2026-09-03T08:11:00.094+0000] {dag.py:3096} INFO - Sync 1 DAGs
[2026-09-03T08:11:00.115+0000] {logging_mixin.py:188} INFO - [2026-09-03T08:11:00.114+0000] {dag.py:3954} INFO - Setting next_dagrun for recommendation_system_training to 2026-08-23 02:00:00+00:00, run_after=2026-08-30 02:00:00+00:00
[2026-09-03T08:11:00.193+0000] {processor.py:183} INFO - Processing /opt/airflow/dags/recommendation_training_dag.py took 2.757 seconds
[2026-09-03T08:11:30.735+0000] {processor.py:161} INFO - Started process (PID=1241) to work on /opt/airflow/dags/recommendation_training_dag.py
[2026-09-03T08:11:30.737+0000] {processor.py:830} INFO - Processing file /opt/airflow/dags/recommendation_training_dag.py for tasks to queue
[2026-09-03T08:11:30.740+0000] {logging_mixin.py:188} INFO - [2026-09-03T08:11:30.739+0000] {dagbag.py:545} INFO - Filling up the DagBag from /opt/airflow/dags/recommendation_training_dag.py
[2026-09-03T08:11:33.440+0000] {processor.py:840} INFO - DAG(s) 'recommendation_system_training' retrieved from /opt/airflow/dags/recommendation_training_dag.py
[2026-09-03T08:11:33.488+0000] {logging_mixin.py:188} INFO - [2026-09-03T08:11:33.488+0000] {dag.py:3096} INFO - Sync 1 DAGs
[2026-09-03T08:11:33.515+0000] {logging_mixin.py:188} INFO - [2026-09-03T08:11:33.515+0000] {dag.py:3954} INFO - Setting next_dagrun for recommendation_system_training to 2026-08-23 02:00:00+00:00, run_after=2026-08-30 02:00:00+00:00
[2026-09-03T08:11:33.584+0000] {processor.py:183} INFO - Processing /opt/airflow/dags/recommendation_training_dag.py took 2.864 seconds
[2026-09-03T08:12:04.234+0000] {processor.py:161} INFO - Started process (PID=1253) to work on /opt/airflow/dags/recommendation_training_dag.py
[2026-09-03T08:12:04.236+0000] {processor.py:830} INFO - Processing file /opt/airflow/dags/recommendation_training_dag.py for tasks to queue
[2026-09-03T08:12:04.239+0000] {logging_mixin.py:188} INFO - [2026-09-03T08:12:04.238+0000] {dagbag.py:545} INFO - Filling up the DagBag from /opt/airflow/dags/recommendation_training_dag.py
[2026-09-03T08:12:06.913+0000] {processor.py:840} INFO - DAG(s) 'recommendation_system_training' retrieved from /opt/airflow/dags/recommendation_training_dag.py
[2026-09-03T08:12:06.948+0000] {logging_mixin.py:188} INFO - [2026-09-03T08:12:06.947+0000] {dag.py:3096} INFO - Sync 1 DAGs
[2026-09-03T08:12:06.982+0000] {logging_mixin.py:188} INFO - [2026-09-03T08:12:06.982+0000] {dag.py:3954} INFO - Setting next_dagrun for recommendation_system_training to 2026-08-23 02:00:00+00:00, run_after=2026-08-30 02:00:00+00:00
[2026-09-03T08:12:07.054+0000] {processor.py:183} INFO - Processing /opt/airflow/dags/recommendation_training_dag.py took 2.833 seconds
[2026-09-03T08:12:37.751+0000] {processor.py:161} INFO - Started process (PID=1265) to work on /opt/airflow/dags/recommendation_training_dag.py
[2026-09-03T08:12:37.754+0000] {processor.py:830} INFO - Processing file /opt/airflow/dags/recommendation_training_dag.py for tasks to queue
[2026-09-03T08:12:37.758+0000] {logging_mixin.py:188} INFO - [2026-09-03T08:12:37.757+0000] {dagbag.py:545} INFO - Filling up the DagBag from /opt/airflow/dags/recommendation_training_dag.py
[2026-09-03T08:12:40.645+0000] {processor.py:840} INFO - DAG(s) 'recommendation_system_training' retrieved from /opt/airflow/dags/recommendation_training_dag.py
[2026-09-03T08:12:40.683+0000] {logging_mixin.py:188} INFO - [2026-09-03T08:12:40.683+0000] {dag.py:3096} INFO - Sync 1 DAGs
[2026-09-03T08:12:40.724+0000] {logging_mixin.py:188} INFO - [2026-09-03T08:12:40.723+0000] {dag.py:3954} INFO - Setting next_dagrun for recommendation_system_training to 2026-08-23 02:00:00+00:00, run_after=2026-08-30 02:00:00+00:00
[2026-09-03T08:12:40.809+0000] {processor.py:183} INFO - Processing /opt/airflow/dags/recommendation_training_dag.py took 3.072 seconds
[2026-09-03T08:13:11.478+0000] {processor.py:161} INFO - Started process (PID=1277) to work on /opt/airflow/dags/recommendation_training_dag.py
[2026-09-03T08:13:11.480+0000] {processor.py:830} INFO - Processing file /opt/airflow/dags/recommendation_training_dag.py for tasks to queue
[2026-09-03T08:13:11.484+0000] {logging_mixin.py:188} INFO - [2026-09-03T08:13:11.483+0000] {dagbag.py:545} INFO - Filling up the DagBag from /opt/airflow/dags/recommendation_training_dag.py
[2026-09-03T08:13:14.334+0000] {processor.py:840} INFO - DAG(s) 'recommendation_system_training' retrieved from /opt/airflow/dags/recommendation_training_dag.py
[2026-09-03T08:13:14.421+0000] {logging_mixin.py:188} INFO - [2026-09-03T08:13:14.419+0000] {dag.py:3096} INFO - Sync 1 DAGs
[2026-09-03T08:13:14.481+0000] {logging_mixin.py:188} INFO - [2026-09-03T08:13:14.480+0000] {dag.py:3954} INFO - Setting next_dagrun for recommendation_system_training to 2026-08-23 02:00:00+00:00, run_after=2026-08-30 02:00:00+00:00
[2026-09-03T08:13:14.638+0000] {processor.py:183} INFO - Processing /opt/airflow/dags/recommendation_training_dag.py took 4.683 seconds
[2026-09-03T08:13:45.998+0000] {processor.py:161} INFO - Started process (PID=1289) to work on /opt/airflow/dags/recommendation_training_dag.py
[2026-09-03T08:13:46.001+0000] {processor.py:830} INFO - Processing file /opt/airflow/dags/recommendation_training_dag.py for tasks to queue
[2026-09-03T08:13:46.005+0000] {logging_mixin.py:188} INFO - [2026-09-03T08:13:46.004+0000] {dagbag.py:545} INFO - Filling up the DagBag from /opt/airflow/dags/recommendation_training_dag.py
[2026-09-03T08:13:49.708+0000] {processor.py:840} INFO - DAG(s) 'recommendation_system_training' retrieved from /opt/airflow/dags/recommendation_training_dag.py
[2026-09-03T08:13:49.757+0000] {logging_mixin.py:188} INFO - [2026-09-03T08:13:49.755+0000] {dag.py:3096} INFO - Sync 1 DAGs
[2026-09-03T08:13:49.797+0000] {logging_mixin.py:188} INFO - [2026-09-03T08:13:49.796+0000] {dag.py:3954} INFO - Setting next_dagrun for recommendation_system_training to 2026-08-23 02:00:00+00:00, run_after=2026-08-30 02:00:00+00:00
[2026-09-03T08:13:49.888+0000] {processor.py:183} INFO - Processing /opt/airflow/dags/recommendation_training_dag.py took 3.912 seconds
[2026-09-03T08:14:20.849+0000] {processor.py:161} INFO - Started process (PID=1301) to work on /opt/airflow/dags/recommendation_training_dag.py
[2026-09-03T08:14:20.851+0000] {processor.py:830} INFO - Processing file /opt/airflow/dags/recommendation_training_dag.py for tasks to queue
[2026-09-03T08:14:20.855+0000] {logging_mixin.py:188} INFO - [2026-09-03T08:14:20.855+0000] {dagbag.py:545} INFO - Filling up the DagBag from /opt/airflow/dags/recommendation_training_dag.py
[2026-09-03T08:14:24.148+0000] {processor.py:840} INFO - DAG(s) 'recommendation_system_training' retrieved from /opt/airflow/dags/recommendation_training_dag.py
[2026-09-03T08:14:24.184+0000] {logging_mixin.py:188} INFO - [2026-09-03T08:14:24.184+0000] {dag.py:3096} INFO - Sync 1 DAGs
[2026-09-03T08:14:24.217+0000] {logging_mixin.py:188} INFO - [2026-09-03T08:14:24.217+0000] {dag.py:3954} INFO - Setting next_dagrun for recommendation_system_training to 2026-08-23 02:00:00+00:00, run_after=2026-08-30 02:00:00+00:00
[2026-09-03T08:14:24.332+0000] {processor.py:183} INFO - Processing /opt/airflow/dags/recommendation_training_dag.py took 3.502 seconds
[2026-09-03T08:14:54.600+0000] {processor.py:161} INFO - Started process (PID=1313) to work on /opt/airflow/dags/recommendation_training_dag.py
[2026-09-03T08:14:54.601+0000] {processor.py:830} INFO - Processing file /opt/airflow/dags/recommendation_training_dag.py for tasks to queue
[2026-09-03T08:14:54.603+0000] {logging_mixin.py:188} INFO - [2026-09-03T08:14:54.603+0000] {dagbag.py:545} INFO - Filling up the DagBag from /opt/airflow/dags/recommendation_training_dag.py
[2026-09-03T08:14:56.967+0000] {processor.py:840} INFO - DAG(s) 'recommendation_system_training' retrieved from /opt/airflow/dags/recommendation_training_dag.py
[2026-09-03T08:14:56.991+0000] {logging_mixin.py:188} INFO - [2026-09-03T08:14:56.990+0000] {dag.py:3096} INFO - Sync 1 DAGs
[2026-09-03T08:14:57.010+0000] {logging_mixin.py:188} INFO - [2026-09-03T08:14:57.010+0000] {dag.py:3954} INFO - Setting next_dagrun for recommendation_system_training to 2026-08-23 02:00:00+00:00, run_after=2026-08-30 02:00:00+00:00
[2026-09-03T08:14:57.101+0000] {processor.py:183} INFO - Processing /opt/airflow/dags/recommendation_training_dag.py took 2.512 seconds
[2026-09-03T08:15:28.272+0000] {processor.py:161} INFO - Started process (PID=1325) to work on /opt/airflow/dags/recommendation_training_dag.py
[2026-09-03T08:15:28.274+0000] {processor.py:830} INFO - Processing file /opt/airflow/dags/recommendation_training_dag.py for tasks to queue
[2026-09-03T08:15:28.279+0000] {logging_mixin.py:188} INFO - [2026-09-03T08:15:28.278+0000] {dagbag.py:545} INFO - Filling up the DagBag from /opt/airflow/dags/recommendation_training_dag.py
[2026-09-03T08:15:30.683+0000] {processor.py:840} INFO - DAG(s) 'recommendation_system_training' retrieved from /opt/airflow/dags/recommendation_training_dag.py
[2026-09-03T08:15:30.726+0000] {logging_mixin.py:188} INFO - [2026-09-03T08:15:30.725+0000] {dag.py:3096} INFO - Sync 1 DAGs
[2026-09-03T08:15:30.767+0000] {logging_mixin.py:188} INFO - [2026-09-03T08:15:30.767+0000] {dag.py:3954} INFO - Setting next_dagrun for recommendation_system_training to 2026-08-23 02:00:00+00:00, run_after=2026-08-30 02:00:00+00:00
[2026-09-03T08:15:30.862+0000] {processor.py:183} INFO - Processing /opt/airflow/dags/recommendation_training_dag.py took 2.604 seconds
[2026-09-03T08:16:01.356+0000] {processor.py:161} INFO - Started process (PID=1337) to work on /opt/airflow/dags/recommendation_training_dag.py
[2026-09-03T08:16:01.358+0000] {processor.py:830} INFO - Processing file /opt/airflow/dags/recommendation_training_dag.py for tasks to queue
[2026-09-03T08:16:01.363+0000] {logging_mixin.py:188} INFO - [2026-09-03T08:16:01.363+0000] {dagbag.py:545} INFO - Filling up the DagBag from /opt/airflow/dags/recommendation_training_dag.py
[2026-09-03T08:16:03.939+0000] {processor.py:840} INFO - DAG(s) 'recommendation_system_training' retrieved from /opt/airflow/dags/recommendation_training_dag.py
[2026-09-03T08:16:03.970+0000] {logging_mixin.py:188} INFO - [2026-09-03T08:16:03.970+0000] {dag.py:3096} INFO - Sync 1 DAGs
[2026-09-03T08:16:03.998+0000] {logging_mixin.py:188} INFO - [2026-09-03T08:16:03.998+0000] {dag.py:3954} INFO - Setting next_dagrun for recommendation_system_training to 2026-08-23 02:00:00+00:00, run_after=2026-08-30 02:00:00+00:00
[2026-09-03T08:16:04.100+0000] {processor.py:183} INFO - Processing /opt/airflow/dags/recommendation_training_dag.py took 2.762 seconds
[2026-09-03T08:16:35.144+0000] {processor.py:161} INFO - Started process (PID=1349) to work on /opt/airflow/dags/recommendation_training_dag.py
[2026-09-03T08:16:35.145+0000] {processor.py:830} INFO - Processing file /opt/airflow/dags/recommendation_training_dag.py for tasks to queue
[2026-09-03T08:16:35.148+0000] {logging_mixin.py:188} INFO - [2026-09-03T08:16:35.147+0000] {dagbag.py:545} INFO - Filling up the DagBag from /opt/airflow/dags/recommendation_training_dag.py
[2026-09-03T08:16:39.742+0000] {processor.py:840} INFO - DAG(s) 'recommendation_system_training' retrieved from /opt/airflow/dags/recommendation_training_dag.py
[2026-09-03T08:16:39.827+0000] {logging_mixin.py:188} INFO - [2026-09-03T08:16:39.827+0000] {dag.py:3096} INFO - Sync 1 DAGs
[2026-09-03T08:16:39.945+0000] {logging_mixin.py:188} INFO - [2026-09-03T08:16:39.945+0000] {dag.py:3954} INFO - Setting next_dagrun for recommendation_system_training to 2026-08-23 02:00:00+00:00, run_after=2026-08-30 02:00:00+00:00
[2026-09-03T08:16:40.088+0000] {processor.py:183} INFO - Processing /opt/airflow/dags/recommendation_training_dag.py took 4.961 seconds
[2026-09-03T08:17:11.086+0000] {processor.py:161} INFO - Started process (PID=1361) to work on /opt/airflow/dags/recommendation_training_dag.py
[2026-09-03T08:17:11.088+0000] {processor.py:830} INFO - Processing file /opt/airflow/dags/recommendation_training_dag.py for tasks to queue
[2026-09-03T08:17:11.091+0000] {logging_mixin.py:188} INFO - [2026-09-03T08:17:11.090+0000] {dagbag.py:545} INFO - Filling up the DagBag from /opt/airflow/dags/recommendation_training_dag.py
[2026-09-03T08:17:14.497+0000] {processor.py:840} INFO - DAG(s) 'recommendation_system_training' retrieved from /opt/airflow/dags/recommendation_training_dag.py
[2026-09-03T08:17:14.525+0000] {logging_mixin.py:188} INFO - [2026-09-03T08:17:14.524+0000] {dag.py:3096} INFO - Sync 1 DAGs
[2026-09-03T08:17:14.546+0000] {logging_mixin.py:188} INFO - [2026-09-03T08:17:14.546+0000] {dag.py:3954} INFO - Setting next_dagrun for recommendation_system_training to 2026-08-23 02:00:00+00:00, run_after=2026-08-30 02:00:00+00:00
[2026-09-03T08:17:14.609+0000] {processor.py:183} INFO - Processing /opt/airflow/dags/recommendation_training_dag.py took 3.541 seconds
[2026-09-03T08:17:44.940+0000] {processor.py:161} INFO - Started process (PID=1373) to work on /opt/airflow/dags/recommendation_training_dag.py
[2026-09-03T08:17:44.943+0000] {processor.py:830} INFO - Processing file /opt/airflow/dags/recommendation_training_dag.py for tasks to queue
[2026-09-03T08:17:44.948+0000] {logging_mixin.py:188} INFO - [2026-09-03T08:17:44.947+0000] {dagbag.py:545} INFO - Filling up the DagBag from /opt/airflow/dags/recommendation_training_dag.py
[2026-09-03T08:17:47.694+0000] {processor.py:840} INFO - DAG(s) 'recommendation_system_training' retrieved from /opt/airflow/dags/recommendation_training_dag.py
[2026-09-03T08:17:47.724+0000] {logging_mixin.py:188} INFO - [2026-09-03T08:17:47.723+0000] {dag.py:3096} INFO - Sync 1 DAGs
[2026-09-03T08:17:47.746+0000] {logging_mixin.py:188} INFO - [2026-09-03T08:17:47.746+0000] {dag.py:3954} INFO - Setting next_dagrun for recommendation_system_training to 2026-08-23 02:00:00+00:00, run_after=2026-08-30 02:00:00+00:00
[2026-09-03T08:17:47.858+0000] {processor.py:183} INFO - Processing /opt/airflow/dags/recommendation_training_dag.py took 2.935 seconds
[2026-09-03T08:18:18.900+0000] {processor.py:161} INFO - Started process (PID=1385) to work on /opt/airflow/dags/recommendation_training_dag.py
[2026-09-03T08:18:18.904+0000] {processor.py:830} INFO - Processing file /opt/airflow/dags/recommendation_training_dag.py for tasks to queue
[2026-09-03T08:18:18.907+0000] {logging_mixin.py:188} INFO - [2026-09-03T08:18:18.906+0000] {dagbag.py:545} INFO - Filling up the DagBag from /opt/airflow/dags/recommendation_training_dag.py
[2026-09-03T08:18:21.780+0000] {processor.py:840} INFO - DAG(s) 'recommendation_system_training' retrieved from /opt/airflow/dags/recommendation_training_dag.py
[2026-09-03T08:18:21.805+0000] {logging_mixin.py:188} INFO - [2026-09-03T08:18:21.804+0000] {dag.py:3096} INFO - Sync 1 DAGs
[2026-09-03T08:18:21.858+0000] {logging_mixin.py:188} INFO - [2026-09-03T08:18:21.857+0000] {dag.py:3954} INFO - Setting next_dagrun for recommendation_system_training to 2026-08-23 02:00:00+00:00, run_after=2026-08-30 02:00:00+00:00
[2026-09-03T08:18:21.950+0000] {processor.py:183} INFO - Processing /opt/airflow/dags/recommendation_training_dag.py took 3.080 seconds
[2026-09-03T08:18:54.471+0000] {processor.py:161} INFO - Started process (PID=1398) to work on /opt/airflow/dags/recommendation_training_dag.py
[2026-09-03T08:18:54.474+0000] {processor.py:830} INFO - Processing file /opt/airflow/dags/recommendation_training_dag.py for tasks to queue
[2026-09-03T08:18:54.478+0000] {logging_mixin.py:188} INFO - [2026-09-03T08:18:54.477+0000] {dagbag.py:545} INFO - Filling up the DagBag from /opt/airflow/dags/recommendation_training_dag.py
[2026-09-03T08:18:56.472+0000] {processor.py:840} INFO - DAG(s) 'recommendation_system_training' retrieved from /opt/airflow/dags/recommendation_training_dag.py
[2026-09-03T08:18:56.505+0000] {logging_mixin.py:188} INFO - [2026-09-03T08:18:56.504+0000] {dag.py:3096} INFO - Sync 1 DAGs
[2026-09-03T08:18:56.526+0000] {logging_mixin.py:188} INFO - [2026-09-03T08:18:56.526+0000] {dag.py:3954} INFO - Setting next_dagrun for recommendation_system_training to 2026-08-23 02:00:00+00:00, run_after=2026-08-30 02:00:00+00:00
[2026-09-03T08:18:56.597+0000] {processor.py:183} INFO - Processing /opt/airflow/dags/recommendation_training_dag.py took 2.878 seconds
[2026-09-03T08:19:27.397+0000] {processor.py:161} INFO - Started process (PID=1410) to work on /opt/airflow/dags/recommendation_training_dag.py
[2026-09-03T08:19:27.398+0000] {processor.py:830} INFO - Processing file /opt/airflow/dags/recommendation_training_dag.py for tasks to queue
[2026-09-03T08:19:27.400+0000] {logging_mixin.py:188} INFO - [2026-09-03T08:19:27.400+0000] {dagbag.py:545} INFO - Filling up the DagBag from /opt/airflow/dags/recommendation_training_dag.py
[2026-09-03T08:19:30.094+0000] {processor.py:840} INFO - DAG(s) 'recommendation_system_training' retrieved from /opt/airflow/dags/recommendation_training_dag.py
[2026-09-03T08:19:30.129+0000] {logging_mixin.py:188} INFO - [2026-09-03T08:19:30.129+0000] {dag.py:3096} INFO - Sync 1 DAGs
[2026-09-03T08:19:30.150+0000] {logging_mixin.py:188} INFO - [2026-09-03T08:19:30.150+0000] {dag.py:3954} INFO - Setting next_dagrun for recommendation_system_training to 2026-08-23 02:00:00+00:00, run_after=2026-08-30 02:00:00+00:00
[2026-09-03T08:19:30.213+0000] {processor.py:183} INFO - Processing /opt/airflow/dags/recommendation_training_dag.py took 2.829 seconds
[2026-09-03T08:20:00.576+0000] {processor.py:161} INFO - Started process (PID=1422) to work on /opt/airflow/dags/recommendation_training_dag.py
[2026-09-03T08:20:00.577+0000] {processor.py:830} INFO - Processing file /opt/airflow/dags/recommendation_training_dag.py for tasks to queue
[2026-09-03T08:20:00.579+0000] {logging_mixin.py:188} INFO - [2026-09-03T08:20:00.579+0000] {dagbag.py:545} INFO - Filling up the DagBag from /opt/airflow/dags/recommendation_training_dag.py
[2026-09-03T08:20:04.227+0000] {processor.py:840} INFO - DAG(s) 'recommendation_system_training' retrieved from /opt/airflow/dags/recommendation_training_dag.py
[2026-09-03T08:20:04.261+0000] {logging_mixin.py:188} INFO - [2026-09-03T08:20:04.261+0000] {dag.py:3096} INFO - Sync 1 DAGs
[2026-09-03T08:20:04.285+0000] {logging_mixin.py:188} INFO - [2026-09-03T08:20:04.284+0000] {dag.py:3954} INFO - Setting next_dagrun for recommendation_system_training to 2026-08-23 02:00:00+00:00, run_after=2026-08-30 02:00:00+00:00
[2026-09-03T08:20:04.355+0000] {processor.py:183} INFO - Processing /opt/airflow/dags/recommendation_training_dag.py took 3.788 seconds
[2026-09-03T08:20:35.343+0000] {processor.py:161} INFO - Started process (PID=1434) to work on /opt/airflow/dags/recommendation_training_dag.py
[2026-09-03T08:20:35.345+0000] {processor.py:830} INFO - Processing file /opt/airflow/dags/recommendation_training_dag.py for tasks to queue
[2026-09-03T08:20:35.347+0000] {logging_mixin.py:188} INFO - [2026-09-03T08:20:35.347+0000] {dagbag.py:545} INFO - Filling up the DagBag from /opt/airflow/dags/recommendation_training_dag.py
[2026-09-03T08:20:38.187+0000] {processor.py:840} INFO - DAG(s) 'recommendation_system_training' retrieved from /opt/airflow/dags/recommendation_training_dag.py
[2026-09-03T08:20:38.221+0000] {logging_mixin.py:188} INFO - [2026-09-03T08:20:38.220+0000] {dag.py:3096} INFO - Sync 1 DAGs
[2026-09-03T08:20:38.246+0000] {logging_mixin.py:188} INFO - [2026-09-03T08:20:38.246+0000] {dag.py:3954} INFO - Setting next_dagrun for recommendation_system_training to 2026-08-23 02:00:00+00:00, run_after=2026-08-30 02:00:00+00:00
[2026-09-03T08:20:38.335+0000] {processor.py:183} INFO - Processing /opt/airflow/dags/recommendation_training_dag.py took 3.005 seconds
[2026-09-03T08:21:08.922+0000] {processor.py:161} INFO - Started process (PID=1446) to work on /opt/airflow/dags/recommendation_training_dag.py
[2026-09-03T08:21:08.924+0000] {processor.py:830} INFO - Processing file /opt/airflow/dags/recommendation_training_dag.py for tasks to queue
[2026-09-03T08:21:08.928+0000] {logging_mixin.py:188} INFO - [2026-09-03T08:21:08.927+0000] {dagbag.py:545} INFO - Filling up the DagBag from /opt/airflow/dags/recommendation_training_dag.py
[2026-09-03T08:21:11.629+0000] {processor.py:840} INFO - DAG(s) 'recommendation_system_training' retrieved from /opt/airflow/dags/recommendation_training_dag.py
[2026-09-03T08:21:11.663+0000] {logging_mixin.py:188} INFO - [2026-09-03T08:21:11.663+0000] {dag.py:3096} INFO - Sync 1 DAGs
[2026-09-03T08:21:11.685+0000] {logging_mixin.py:188} INFO - [2026-09-03T08:21:11.685+0000] {dag.py:3954} INFO - Setting next_dagrun for recommendation_system_training to 2026-08-23 02:00:00+00:00, run_after=2026-08-30 02:00:00+00:00
[2026-09-03T08:21:11.770+0000] {processor.py:183} INFO - Processing /opt/airflow/dags/recommendation_training_dag.py took 2.860 seconds
[2026-09-03T08:21:42.725+0000] {processor.py:161} INFO - Started process (PID=1458) to work on /opt/airflow/dags/recommendation_training_dag.py
[2026-09-03T08:21:42.727+0000] {processor.py:830} INFO - Processing file /opt/airflow/dags/recommendation_training_dag.py for tasks to queue
[2026-09-03T08:21:42.730+0000] {logging_mixin.py:188} INFO - [2026-09-03T08:21:42.729+0000] {dagbag.py:545} INFO - Filling up the DagBag from /opt/airflow/dags/recommendation_training_dag.py
[2026-09-03T08:21:45.883+0000] {processor.py:840} INFO - DAG(s) 'recommendation_system_training' retrieved from /opt/airflow/dags/recommendation_training_dag.py
[2026-09-03T08:21:45.928+0000] {logging_mixin.py:188} INFO - [2026-09-03T08:21:45.928+0000] {dag.py:3096} INFO - Sync 1 DAGs
[2026-09-03T08:21:45.966+0000] {logging_mixin.py:188} INFO - [2026-09-03T08:21:45.965+0000] {dag.py:3954} INFO - Setting next_dagrun for recommendation_system_training to 2026-08-23 02:00:00+00:00, run_after=2026-08-30 02:00:00+00:00
[2026-09-03T08:21:46.061+0000] {processor.py:183} INFO - Processing /opt/airflow/dags/recommendation_training_dag.py took 3.346 seconds
[2026-09-03T08:22:17.258+0000] {processor.py:161} INFO - Started process (PID=1470) to work on /opt/airflow/dags/recommendation_training_dag.py
[2026-09-03T08:22:17.260+0000] {processor.py:830} INFO - Processing file /opt/airflow/dags/recommendation_training_dag.py for tasks to queue
[2026-09-03T08:22:17.262+0000] {logging_mixin.py:188} INFO - [2026-09-03T08:22:17.262+0000] {dagbag.py:545} INFO - Filling up the DagBag from /opt/airflow/dags/recommendation_training_dag.py
[2026-09-03T08:22:19.931+0000] {processor.py:840} INFO - DAG(s) 'recommendation_system_training' retrieved from /opt/airflow/dags/recommendation_training_dag.py
[2026-09-03T08:22:19.965+0000] {logging_mixin.py:188} INFO - [2026-09-03T08:22:19.965+0000] {dag.py:3096} INFO - Sync 1 DAGs
[2026-09-03T08:22:19.992+0000] {logging_mixin.py:188} INFO - [2026-09-03T08:22:19.992+0000] {dag.py:3954} INFO - Setting next_dagrun for recommendation_system_training to 2026-08-23 02:00:00+00:00, run_after=2026-08-30 02:00:00+00:00
[2026-09-03T08:22:20.070+0000] {processor.py:183} INFO - Processing /opt/airflow/dags/recommendation_training_dag.py took 2.824 seconds
[2026-09-03T08:22:51.352+0000] {processor.py:161} INFO - Started process (PID=1482) to work on /opt/airflow/dags/recommendation_training_dag.py
[2026-09-03T08:22:51.356+0000] {processor.py:830} INFO - Processing file /opt/airflow/dags/recommendation_training_dag.py for tasks to queue
[2026-09-03T08:22:51.359+0000] {logging_mixin.py:188} INFO - [2026-09-03T08:22:51.359+0000] {dagbag.py:545} INFO - Filling up the DagBag from /opt/airflow/dags/recommendation_training_dag.py
[2026-09-03T08:22:54.503+0000] {processor.py:840} INFO - DAG(s) 'recommendation_system_training' retrieved from /opt/airflow/dags/recommendation_training_dag.py
[2026-09-03T08:22:54.553+0000] {logging_mixin.py:188} INFO - [2026-09-03T08:22:54.552+0000] {dag.py:3096} INFO - Sync 1 DAGs
[2026-09-03T08:22:54.591+0000] {logging_mixin.py:188} INFO - [2026-09-03T08:22:54.591+0000] {dag.py:3954} INFO - Setting next_dagrun for recommendation_system_training to 2026-08-23 02:00:00+00:00, run_after=2026-08-30 02:00:00+00:00
[2026-09-03T08:22:54.708+0000] {processor.py:183} INFO - Processing /opt/airflow/dags/recommendation_training_dag.py took 3.381 seconds
[2026-09-03T08:23:24.992+0000] {processor.py:161} INFO - Started process (PID=1494) to work on /opt/airflow/dags/recommendation_training_dag.py
[2026-09-03T08:23:24.998+0000] {processor.py:830} INFO - Processing file /opt/airflow/dags/recommendation_training_dag.py for tasks to queue
[2026-09-03T08:23:25.000+0000] {logging_mixin.py:188} INFO - [2026-09-03T08:23:25.000+0000] {dagbag.py:545} INFO - Filling up the DagBag from /opt/airflow/dags/recommendation_training_dag.py
[2026-09-03T08:23:28.346+0000] {processor.py:840} INFO - DAG(s) 'recommendation_system_training' retrieved from /opt/airflow/dags/recommendation_training_dag.py
[2026-09-03T08:23:28.381+0000] {logging_mixin.py:188} INFO - [2026-09-03T08:23:28.380+0000] {dag.py:3096} INFO - Sync 1 DAGs
[2026-09-03T08:23:28.412+0000] {logging_mixin.py:188} INFO - [2026-09-03T08:23:28.412+0000] {dag.py:3954} INFO - Setting next_dagrun for recommendation_system_training to 2026-08-23 02:00:00+00:00, run_after=2026-08-30 02:00:00+00:00
[2026-09-03T08:23:28.485+0000] {processor.py:183} INFO - Processing /opt/airflow/dags/recommendation_training_dag.py took 3.516 seconds
[2026-09-03T08:23:59.661+0000] {processor.py:161} INFO - Started process (PID=1506) to work on /opt/airflow/dags/recommendation_training_dag.py
[2026-09-03T08:23:59.663+0000] {processor.py:830} INFO - Processing file /opt/airflow/dags/recommendation_training_dag.py for tasks to queue
[2026-09-03T08:23:59.667+0000] {logging_mixin.py:188} INFO - [2026-09-03T08:23:59.666+0000] {dagbag.py:545} INFO - Filling up the DagBag from /opt/airflow/dags/recommendation_training_dag.py
[2026-09-03T08:24:02.503+0000] {processor.py:840} INFO - DAG(s) 'recommendation_system_training' retrieved from /opt/airflow/dags/recommendation_training_dag.py
[2026-09-03T08:24:02.542+0000] {logging_mixin.py:188} INFO - [2026-09-03T08:24:02.542+0000] {dag.py:3096} INFO - Sync 1 DAGs
[2026-09-03T08:24:02.572+0000] {logging_mixin.py:188} INFO - [2026-09-03T08:24:02.572+0000] {dag.py:3954} INFO - Setting next_dagrun for recommendation_system_training to 2026-08-23 02:00:00+00:00, run_after=2026-08-30 02:00:00+00:00
[2026-09-03T08:24:02.663+0000] {processor.py:183} INFO - Processing /opt/airflow/dags/recommendation_training_dag.py took 3.020 seconds
[2026-09-03T08:24:33.048+0000] {processor.py:161} INFO - Started process (PID=1518) to work on /opt/airflow/dags/recommendation_training_dag.py
[2026-09-03T08:24:33.050+0000] {processor.py:830} INFO - Processing file /opt/airflow/dags/recommendation_training_dag.py for tasks to queue
[2026-09-03T08:24:33.053+0000] {logging_mixin.py:188} INFO - [2026-09-03T08:24:33.052+0000] {dagbag.py:545} INFO - Filling up the DagBag from /opt/airflow/dags/recommendation_training_dag.py
[2026-09-03T08:24:36.080+0000] {processor.py:840} INFO - DAG(s) 'recommendation_system_training' retrieved from /opt/airflow/dags/recommendation_training_dag.py
[2026-09-03T08:24:36.113+0000] {logging_mixin.py:188} INFO - [2026-09-03T08:24:36.112+0000] {dag.py:3096} INFO - Sync 1 DAGs
[2026-09-03T08:24:36.134+0000] {logging_mixin.py:188} INFO - [2026-09-03T08:24:36.134+0000] {dag.py:3954} INFO - Setting next_dagrun for recommendation_system_training to 2026-08-23 02:00:00+00:00, run_after=2026-08-30 02:00:00+00:00
[2026-09-03T08:24:36.238+0000] {processor.py:183} INFO - Processing /opt/airflow/dags/recommendation_training_dag.py took 3.206 seconds
[2026-09-03T08:25:06.894+0000] {processor.py:161} INFO - Started process (PID=1530) to work on /opt/airflow/dags/recommendation_training_dag.py
[2026-09-03T08:25:06.895+0000] {processor.py:830} INFO - Processing file /opt/airflow/dags/recommendation_training_dag.py for tasks to queue
[2026-09-03T08:25:06.899+0000] {logging_mixin.py:188} INFO - [2026-09-03T08:25:06.899+0000] {dagbag.py:545} INFO - Filling up the DagBag from /opt/airflow/dags/recommendation_training_dag.py
[2026-09-03T08:25:08.389+0000] {processor.py:840} INFO - DAG(s) 'recommendation_system_training' retrieved from /opt/airflow/dags/recommendation_training_dag.py
[2026-09-03T08:25:08.419+0000] {logging_mixin.py:188} INFO - [2026-09-03T08:25:08.419+0000] {dag.py:3096} INFO - Sync 1 DAGs
[2026-09-03T08:25:08.439+0000] {logging_mixin.py:188} INFO - [2026-09-03T08:25:08.439+0000] {dag.py:3954} INFO - Setting next_dagrun for recommendation_system_training to 2026-08-23 02:00:00+00:00, run_after=2026-08-30 02:00:00+00:00
[2026-09-03T08:25:08.496+0000] {processor.py:183} INFO - Processing /opt/airflow/dags/recommendation_training_dag.py took 3.074 seconds
[2026-09-03T08:25:39.082+0000] {processor.py:161} INFO - Started process (PID=1542) to work on /opt/airflow/dags/recommendation_training_dag.py
[2026-09-03T08:25:39.085+0000] {processor.py:830} INFO - Processing file /opt/airflow/dags/recommendation_training_dag.py for tasks to queue
[2026-09-03T08:25:39.088+0000] {logging_mixin.py:188} INFO - [2026-09-03T08:25:39.088+0000] {dagbag.py:545} INFO - Filling up the DagBag from /opt/airflow/dags/recommendation_training_dag.py
[2026-09-03T08:25:42.060+0000] {processor.py:840} INFO - DAG(s) 'recommendation_system_training' retrieved from /opt/airflow/dags/recommendation_training_dag.py
[2026-09-03T08:25:42.092+0000] {logging_mixin.py:188} INFO - [2026-09-03T08:25:42.092+0000] {dag.py:3096} INFO - Sync 1 DAGs
[2026-09-03T08:25:42.113+0000] {logging_mixin.py:188} INFO - [2026-09-03T08:25:42.113+0000] {dag.py:3954} INFO - Setting next_dagrun for recommendation_system_training to 2026-08-23 02:00:00+00:00, run_after=2026-08-30 02:00:00+00:00
[2026-09-03T08:25:42.185+0000] {processor.py:183} INFO - Processing /opt/airflow/dags/recommendation_training_dag.py took 3.131 seconds
[2026-09-03T08:26:13.177+0000] {processor.py:161} INFO - Started process (PID=1554) to work on /opt/airflow/dags/recommendation_training_dag.py
[2026-09-03T08:26:13.179+0000] {processor.py:830} INFO - Processing file /opt/airflow/dags/recommendation_training_dag.py for tasks to queue
[2026-09-03T08:26:13.182+0000] {logging_mixin.py:188} INFO - [2026-09-03T08:26:13.182+0000] {dagbag.py:545} INFO - Filling up the DagBag from /opt/airflow/dags/recommendation_training_dag.py
[2026-09-03T08:26:16.420+0000] {processor.py:840} INFO - DAG(s) 'recommendation_system_training' retrieved from /opt/airflow/dags/recommendation_training_dag.py
[2026-09-03T08:26:16.463+0000] {logging_mixin.py:188} INFO - [2026-09-03T08:26:16.462+0000] {dag.py:3096} INFO - Sync 1 DAGs
[2026-09-03T08:26:16.507+0000] {logging_mixin.py:188} INFO - [2026-09-03T08:26:16.505+0000] {dag.py:3954} INFO - Setting next_dagrun for recommendation_system_training to 2026-08-23 02:00:00+00:00, run_after=2026-08-30 02:00:00+00:00
[2026-09-03T08:26:16.610+0000] {processor.py:183} INFO - Processing /opt/airflow/dags/recommendation_training_dag.py took 3.448 seconds
[2026-09-03T08:26:46.835+0000] {processor.py:161} INFO - Started process (PID=1566) to work on /opt/airflow/dags/recommendation_training_dag.py
[2026-09-03T08:26:46.836+0000] {processor.py:830} INFO - Processing file /opt/airflow/dags/recommendation_training_dag.py for tasks to queue
[2026-09-03T08:26:46.839+0000] {logging_mixin.py:188} INFO - [2026-09-03T08:26:46.838+0000] {dagbag.py:545} INFO - Filling up the DagBag from /opt/airflow/dags/recommendation_training_dag.py
[2026-09-03T08:26:49.667+0000] {processor.py:840} INFO - DAG(s) 'recommendation_system_training' retrieved from /opt/airflow/dags/recommendation_training_dag.py
[2026-09-03T08:26:49.704+0000] {logging_mixin.py:188} INFO - [2026-09-03T08:26:49.704+0000] {dag.py:3096} INFO - Sync 1 DAGs
[2026-09-03T08:26:49.731+0000] {logging_mixin.py:188} INFO - [2026-09-03T08:26:49.731+0000] {dag.py:3954} INFO - Setting next_dagrun for recommendation_system_training to 2026-08-23 02:00:00+00:00, run_after=2026-08-30 02:00:00+00:00
[2026-09-03T08:26:49.812+0000] {processor.py:183} INFO - Processing /opt/airflow/dags/recommendation_training_dag.py took 2.989 seconds
[2026-09-03T08:27:21.147+0000] {processor.py:161} INFO - Started process (PID=1578) to work on /opt/airflow/dags/recommendation_training_dag.py
[2026-09-03T08:27:21.148+0000] {processor.py:830} INFO - Processing file /opt/airflow/dags/recommendation_training_dag.py for tasks to queue
[2026-09-03T08:27:21.151+0000] {logging_mixin.py:188} INFO - [2026-09-03T08:27:21.150+0000] {dagbag.py:545} INFO - Filling up the DagBag from /opt/airflow/dags/recommendation_training_dag.py
[2026-09-03T08:27:25.579+0000] {processor.py:840} INFO - DAG(s) 'recommendation_system_training' retrieved from /opt/airflow/dags/recommendation_training_dag.py
[2026-09-03T08:27:25.669+0000] {logging_mixin.py:188} INFO - [2026-09-03T08:27:25.668+0000] {dag.py:3096} INFO - Sync 1 DAGs
[2026-09-03T08:27:25.736+0000] {logging_mixin.py:188} INFO - [2026-09-03T08:27:25.735+0000] {dag.py:3954} INFO - Setting next_dagrun for recommendation_system_training to 2026-08-23 02:00:00+00:00, run_after=2026-08-30 02:00:00+00:00
[2026-09-03T08:27:25.888+0000] {processor.py:183} INFO - Processing /opt/airflow/dags/recommendation_training_dag.py took 4.762 seconds
[2026-09-03T08:27:56.356+0000] {processor.py:161} INFO - Started process (PID=1590) to work on /opt/airflow/dags/recommendation_training_dag.py
[2026-09-03T08:27:56.357+0000] {processor.py:830} INFO - Processing file /opt/airflow/dags/recommendation_training_dag.py for tasks to queue
[2026-09-03T08:27:56.361+0000] {logging_mixin.py:188} INFO - [2026-09-03T08:27:56.360+0000] {dagbag.py:545} INFO - Filling up the DagBag from /opt/airflow/dags/recommendation_training_dag.py
[2026-09-03T08:27:58.293+0000] {processor.py:840} INFO - DAG(s) 'recommendation_system_training' retrieved from /opt/airflow/dags/recommendation_training_dag.py
[2026-09-03T08:27:58.330+0000] {logging_mixin.py:188} INFO - [2026-09-03T08:27:58.329+0000] {dag.py:3096} INFO - Sync 1 DAGs
[2026-09-03T08:27:58.354+0000] {logging_mixin.py:188} INFO - [2026-09-03T08:27:58.354+0000] {dag.py:3954} INFO - Setting next_dagrun for recommendation_system_training to 2026-08-23 02:00:00+00:00, run_after=2026-08-30 02:00:00+00:00
[2026-09-03T08:27:58.426+0000] {processor.py:183} INFO - Processing /opt/airflow/dags/recommendation_training_dag.py took 3.566 seconds
[2026-09-03T08:28:28.765+0000] {processor.py:161} INFO - Started process (PID=1602) to work on /opt/airflow/dags/recommendation_training_dag.py
[2026-09-03T08:28:28.766+0000] {processor.py:830} INFO - Processing file /opt/airflow/dags/recommendation_training_dag.py for tasks to queue
[2026-09-03T08:28:28.768+0000] {logging_mixin.py:188} INFO - [2026-09-03T08:28:28.768+0000] {dagbag.py:545} INFO - Filling up the DagBag from /opt/airflow/dags/recommendation_training_dag.py
[2026-09-03T08:28:32.039+0000] {processor.py:840} INFO - DAG(s) 'recommendation_system_training' retrieved from /opt/airflow/dags/recommendation_training_dag.py
[2026-09-03T08:28:32.073+0000] {logging_mixin.py:188} INFO - [2026-09-03T08:28:32.073+0000] {dag.py:3096} INFO - Sync 1 DAGs
[2026-09-03T08:28:32.105+0000] {logging_mixin.py:188} INFO - [2026-09-03T08:28:32.105+0000] {dag.py:3954} INFO - Setting next_dagrun for recommendation_system_training to 2026-08-23 02:00:00+00:00, run_after=2026-08-30 02:00:00+00:00
[2026-09-03T08:28:32.173+0000] {processor.py:183} INFO - Processing /opt/airflow/dags/recommendation_training_dag.py took 3.423 seconds
[2026-09-03T08:29:03.245+0000] {processor.py:161} INFO - Started process (PID=1614) to work on /opt/airflow/dags/recommendation_training_dag.py
[2026-09-03T08:29:03.247+0000] {processor.py:830} INFO - Processing file /opt/airflow/dags/recommendation_training_dag.py for tasks to queue
[2026-09-03T08:29:03.250+0000] {logging_mixin.py:188} INFO - [2026-09-03T08:29:03.249+0000] {dagbag.py:545} INFO - Filling up the DagBag from /opt/airflow/dags/recommendation_training_dag.py
[2026-09-03T08:29:06.686+0000] {processor.py:840} INFO - DAG(s) 'recommendation_system_training' retrieved from /opt/airflow/dags/recommendation_training_dag.py
[2026-09-03T08:29:06.725+0000] {logging_mixin.py:188} INFO - [2026-09-03T08:29:06.724+0000] {dag.py:3096} INFO - Sync 1 DAGs
[2026-09-03T08:29:06.755+0000] {logging_mixin.py:188} INFO - [2026-09-03T08:29:06.754+0000] {dag.py:3954} INFO - Setting next_dagrun for recommendation_system_training to 2026-08-23 02:00:00+00:00, run_after=2026-08-30 02:00:00+00:00
[2026-09-03T08:29:06.818+0000] {processor.py:183} INFO - Processing /opt/airflow/dags/recommendation_training_dag.py took 3.594 seconds
[2026-09-03T08:29:37.936+0000] {processor.py:161} INFO - Started process (PID=1626) to work on /opt/airflow/dags/recommendation_training_dag.py
[2026-09-03T08:29:37.938+0000] {processor.py:830} INFO - Processing file /opt/airflow/dags/recommendation_training_dag.py for tasks to queue
[2026-09-03T08:29:37.942+0000] {logging_mixin.py:188} INFO - [2026-09-03T08:29:37.941+0000] {dagbag.py:545} INFO - Filling up the DagBag from /opt/airflow/dags/recommendation_training_dag.py
[2026-09-03T08:29:41.295+0000] {processor.py:840} INFO - DAG(s) 'recommendation_system_training' retrieved from /opt/airflow/dags/recommendation_training_dag.py
[2026-09-03T08:29:41.326+0000] {logging_mixin.py:188} INFO - [2026-09-03T08:29:41.326+0000] {dag.py:3096} INFO - Sync 1 DAGs
[2026-09-03T08:29:41.369+0000] {logging_mixin.py:188} INFO - [2026-09-03T08:29:41.369+0000] {dag.py:3954} INFO - Setting next_dagrun for recommendation_system_training to 2026-08-23 02:00:00+00:00, run_after=2026-08-30 02:00:00+00:00
[2026-09-03T08:29:41.466+0000] {processor.py:183} INFO - Processing /opt/airflow/dags/recommendation_training_dag.py took 3.547 seconds
[2026-09-03T08:30:11.877+0000] {processor.py:161} INFO - Started process (PID=1638) to work on /opt/airflow/dags/recommendation_training_dag.py
[2026-09-03T08:30:11.879+0000] {processor.py:830} INFO - Processing file /opt/airflow/dags/recommendation_training_dag.py for tasks to queue
[2026-09-03T08:30:11.883+0000] {logging_mixin.py:188} INFO - [2026-09-03T08:30:11.882+0000] {dagbag.py:545} INFO - Filling up the DagBag from /opt/airflow/dags/recommendation_training_dag.py
[2026-09-03T08:30:14.618+0000] {processor.py:840} INFO - DAG(s) 'recommendation_system_training' retrieved from /opt/airflow/dags/recommendation_training_dag.py
[2026-09-03T08:30:14.641+0000] {logging_mixin.py:188} INFO - [2026-09-03T08:30:14.640+0000] {dag.py:3096} INFO - Sync 1 DAGs
[2026-09-03T08:30:14.659+0000] {logging_mixin.py:188} INFO - [2026-09-03T08:30:14.658+0000] {dag.py:3954} INFO - Setting next_dagrun for recommendation_system_training to 2026-08-23 02:00:00+00:00, run_after=2026-08-30 02:00:00+00:00
[2026-09-03T08:30:14.702+0000] {processor.py:183} INFO - Processing /opt/airflow/dags/recommendation_training_dag.py took 2.861 seconds
[2026-09-03T08:30:44.928+0000] {processor.py:161} INFO - Started process (PID=1650) to work on /opt/airflow/dags/recommendation_training_dag.py
[2026-09-03T08:30:44.932+0000] {processor.py:830} INFO - Processing file /opt/airflow/dags/recommendation_training_dag.py for tasks to queue
[2026-09-03T08:30:44.935+0000] {logging_mixin.py:188} INFO - [2026-09-03T08:30:44.934+0000] {dagbag.py:545} INFO - Filling up the DagBag from /opt/airflow/dags/recommendation_training_dag.py
[2026-09-03T08:30:48.544+0000] {processor.py:840} INFO - DAG(s) 'recommendation_system_training' retrieved from /opt/airflow/dags/recommendation_training_dag.py
[2026-09-03T08:30:48.591+0000] {logging_mixin.py:188} INFO - [2026-09-03T08:30:48.591+0000] {dag.py:3096} INFO - Sync 1 DAGs
[2026-09-03T08:30:48.645+0000] {logging_mixin.py:188} INFO - [2026-09-03T08:30:48.644+0000] {dag.py:3954} INFO - Setting next_dagrun for recommendation_system_training to 2026-08-23 02:00:00+00:00, run_after=2026-08-30 02:00:00+00:00
[2026-09-03T08:30:48.758+0000] {processor.py:183} INFO - Processing /opt/airflow/dags/recommendation_training_dag.py took 3.845 seconds
[2026-09-03T08:31:20.917+0000] {processor.py:161} INFO - Started process (PID=1663) to work on /opt/airflow/dags/recommendation_training_dag.py
[2026-09-03T08:31:20.919+0000] {processor.py:830} INFO - Processing file /opt/airflow/dags/recommendation_training_dag.py for tasks to queue
[2026-09-03T08:31:20.921+0000] {logging_mixin.py:188} INFO - [2026-09-03T08:31:20.921+0000] {dagbag.py:545} INFO - Filling up the DagBag from /opt/airflow/dags/recommendation_training_dag.py
[2026-09-03T08:31:24.424+0000] {processor.py:840} INFO - DAG(s) 'recommendation_system_training' retrieved from /opt/airflow/dags/recommendation_training_dag.py
[2026-09-03T08:31:24.456+0000] {logging_mixin.py:188} INFO - [2026-09-03T08:31:24.455+0000] {dag.py:3096} INFO - Sync 1 DAGs
[2026-09-03T08:31:24.478+0000] {logging_mixin.py:188} INFO - [2026-09-03T08:31:24.477+0000] {dag.py:3954} INFO - Setting next_dagrun for recommendation_system_training to 2026-08-23 02:00:00+00:00, run_after=2026-08-30 02:00:00+00:00
[2026-09-03T08:31:24.549+0000] {processor.py:183} INFO - Processing /opt/airflow/dags/recommendation_training_dag.py took 3.646 seconds
[2026-09-03T08:31:55.128+0000] {processor.py:161} INFO - Started process (PID=1675) to work on /opt/airflow/dags/recommendation_training_dag.py
[2026-09-03T08:31:55.130+0000] {processor.py:830} INFO - Processing file /opt/airflow/dags/recommendation_training_dag.py for tasks to queue
[2026-09-03T08:31:55.132+0000] {logging_mixin.py:188} INFO - [2026-09-03T08:31:55.132+0000] {dagbag.py:545} INFO - Filling up the DagBag from /opt/airflow/dags/recommendation_training_dag.py
[2026-09-03T08:31:58.170+0000] {processor.py:840} INFO - DAG(s) 'recommendation_system_training' retrieved from /opt/airflow/dags/recommendation_training_dag.py
[2026-09-03T08:31:58.207+0000] {logging_mixin.py:188} INFO - [2026-09-03T08:31:58.206+0000] {dag.py:3096} INFO - Sync 1 DAGs
[2026-09-03T08:31:58.227+0000] {logging_mixin.py:188} INFO - [2026-09-03T08:31:58.227+0000] {dag.py:3954} INFO - Setting next_dagrun for recommendation_system_training to 2026-08-23 02:00:00+00:00, run_after=2026-08-30 02:00:00+00:00
[2026-09-03T08:31:58.331+0000] {processor.py:183} INFO - Processing /opt/airflow/dags/recommendation_training_dag.py took 3.216 seconds
[2026-09-03T08:32:28.878+0000] {processor.py:161} INFO - Started process (PID=1687) to work on /opt/airflow/dags/recommendation_training_dag.py
[2026-09-03T08:32:28.880+0000] {processor.py:830} INFO - Processing file /opt/airflow/dags/recommendation_training_dag.py for tasks to queue
[2026-09-03T08:32:28.882+0000] {logging_mixin.py:188} INFO - [2026-09-03T08:32:28.882+0000] {dagbag.py:545} INFO - Filling up the DagBag from /opt/airflow/dags/recommendation_training_dag.py
[2026-09-03T08:32:31.765+0000] {processor.py:840} INFO - DAG(s) 'recommendation_system_training' retrieved from /opt/airflow/dags/recommendation_training_dag.py
[2026-09-03T08:32:31.791+0000] {logging_mixin.py:188} INFO - [2026-09-03T08:32:31.791+0000] {dag.py:3096} INFO - Sync 1 DAGs
[2026-09-03T08:32:31.810+0000] {logging_mixin.py:188} INFO - [2026-09-03T08:32:31.809+0000] {dag.py:3954} INFO - Setting next_dagrun for recommendation_system_training to 2026-08-23 02:00:00+00:00, run_after=2026-08-30 02:00:00+00:00
[2026-09-03T08:32:31.881+0000] {processor.py:183} INFO - Processing /opt/airflow/dags/recommendation_training_dag.py took 3.014 seconds
[2026-09-03T08:33:02.500+0000] {processor.py:161} INFO - Started process (PID=1699) to work on /opt/airflow/dags/recommendation_training_dag.py
[2026-09-03T08:33:02.502+0000] {processor.py:830} INFO - Processing file /opt/airflow/dags/recommendation_training_dag.py for tasks to queue
[2026-09-03T08:33:02.505+0000] {logging_mixin.py:188} INFO - [2026-09-03T08:33:02.505+0000] {dagbag.py:545} INFO - Filling up the DagBag from /opt/airflow/dags/recommendation_training_dag.py
[2026-09-03T08:33:05.634+0000] {processor.py:840} INFO - DAG(s) 'recommendation_system_training' retrieved from /opt/airflow/dags/recommendation_training_dag.py
[2026-09-03T08:33:05.700+0000] {logging_mixin.py:188} INFO - [2026-09-03T08:33:05.700+0000] {dag.py:3096} INFO - Sync 1 DAGs
[2026-09-03T08:33:05.753+0000] {logging_mixin.py:188} INFO - [2026-09-03T08:33:05.753+0000] {dag.py:3954} INFO - Setting next_dagrun for recommendation_system_training to 2026-08-23 02:00:00+00:00, run_after=2026-08-30 02:00:00+00:00
[2026-09-03T08:33:05.913+0000] {processor.py:183} INFO - Processing /opt/airflow/dags/recommendation_training_dag.py took 3.425 seconds
[2026-09-03T08:33:36.351+0000] {processor.py:161} INFO - Started process (PID=1711) to work on /opt/airflow/dags/recommendation_training_dag.py
[2026-09-03T08:33:36.352+0000] {processor.py:830} INFO - Processing file /opt/airflow/dags/recommendation_training_dag.py for tasks to queue
[2026-09-03T08:33:36.354+0000] {logging_mixin.py:188} INFO - [2026-09-03T08:33:36.354+0000] {dagbag.py:545} INFO - Filling up the DagBag from /opt/airflow/dags/recommendation_training_dag.py
[2026-09-03T08:33:39.700+0000] {processor.py:840} INFO - DAG(s) 'recommendation_system_training' retrieved from /opt/airflow/dags/recommendation_training_dag.py
[2026-09-03T08:33:39.736+0000] {logging_mixin.py:188} INFO - [2026-09-03T08:33:39.736+0000] {dag.py:3096} INFO - Sync 1 DAGs
[2026-09-03T08:33:39.764+0000] {logging_mixin.py:188} INFO - [2026-09-03T08:33:39.764+0000] {dag.py:3954} INFO - Setting next_dagrun for recommendation_system_training to 2026-08-23 02:00:00+00:00, run_after=2026-08-30 02:00:00+00:00
[2026-09-03T08:33:39.832+0000] {processor.py:183} INFO - Processing /opt/airflow/dags/recommendation_training_dag.py took 3.495 seconds
[2026-09-03T08:34:10.277+0000] {processor.py:161} INFO - Started process (PID=1723) to work on /opt/airflow/dags/recommendation_training_dag.py
[2026-09-03T08:34:10.279+0000] {processor.py:830} INFO - Processing file /opt/airflow/dags/recommendation_training_dag.py for tasks to queue
[2026-09-03T08:34:10.286+0000] {logging_mixin.py:188} INFO - [2026-09-03T08:34:10.286+0000] {dagbag.py:545} INFO - Filling up the DagBag from /opt/airflow/dags/recommendation_training_dag.py
[2026-09-03T08:34:13.022+0000] {processor.py:840} INFO - DAG(s) 'recommendation_system_training' retrieved from /opt/airflow/dags/recommendation_training_dag.py
[2026-09-03T08:34:13.045+0000] {logging_mixin.py:188} INFO - [2026-09-03T08:34:13.044+0000] {dag.py:3096} INFO - Sync 1 DAGs
[2026-09-03T08:34:13.062+0000] {logging_mixin.py:188} INFO - [2026-09-03T08:34:13.062+0000] {dag.py:3954} INFO - Setting next_dagrun for recommendation_system_training to 2026-08-23 02:00:00+00:00, run_after=2026-08-30 02:00:00+00:00
[2026-09-03T08:34:13.114+0000] {processor.py:183} INFO - Processing /opt/airflow/dags/recommendation_training_dag.py took 2.860 seconds
[2026-09-03T08:34:44.118+0000] {processor.py:161} INFO - Started process (PID=1735) to work on /opt/airflow/dags/recommendation_training_dag.py
[2026-09-03T08:34:44.120+0000] {processor.py:830} INFO - Processing file /opt/airflow/dags/recommendation_training_dag.py for tasks to queue
[2026-09-03T08:34:44.122+0000] {logging_mixin.py:188} INFO - [2026-09-03T08:34:44.122+0000] {dagbag.py:545} INFO - Filling up the DagBag from /opt/airflow/dags/recommendation_training_dag.py
[2026-09-03T08:34:46.898+0000] {processor.py:840} INFO - DAG(s) 'recommendation_system_training' retrieved from /opt/airflow/dags/recommendation_training_dag.py
[2026-09-03T08:34:46.923+0000] {logging_mixin.py:188} INFO - [2026-09-03T08:34:46.923+0000] {dag.py:3096} INFO - Sync 1 DAGs
[2026-09-03T08:34:46.946+0000] {logging_mixin.py:188} INFO - [2026-09-03T08:34:46.945+0000] {dag.py:3954} INFO - Setting next_dagrun for recommendation_system_training to 2026-08-23 02:00:00+00:00, run_after=2026-08-30 02:00:00+00:00
[2026-09-03T08:34:46.991+0000] {processor.py:183} INFO - Processing /opt/airflow/dags/recommendation_training_dag.py took 2.892 seconds
[2026-09-03T08:35:17.212+0000] {processor.py:161} INFO - Started process (PID=1747) to work on /opt/airflow/dags/recommendation_training_dag.py
[2026-09-03T08:35:17.214+0000] {processor.py:830} INFO - Processing file /opt/airflow/dags/recommendation_training_dag.py for tasks to queue
[2026-09-03T08:35:17.216+0000] {logging_mixin.py:188} INFO - [2026-09-03T08:35:17.216+0000] {dagbag.py:545} INFO - Filling up the DagBag from /opt/airflow/dags/recommendation_training_dag.py
[2026-09-03T08:35:21.261+0000] {processor.py:840} INFO - DAG(s) 'recommendation_system_training' retrieved from /opt/airflow/dags/recommendation_training_dag.py
[2026-09-03T08:35:21.338+0000] {logging_mixin.py:188} INFO - [2026-09-03T08:35:21.338+0000] {dag.py:3096} INFO - Sync 1 DAGs
[2026-09-03T08:35:21.370+0000] {logging_mixin.py:188} INFO - [2026-09-03T08:35:21.370+0000] {dag.py:3954} INFO - Setting next_dagrun for recommendation_system_training to 2026-08-23 02:00:00+00:00, run_after=2026-08-30 02:00:00+00:00
[2026-09-03T08:35:21.451+0000] {processor.py:183} INFO - Processing /opt/airflow/dags/recommendation_training_dag.py took 4.250 seconds
[2026-09-03T08:35:52.593+0000] {processor.py:161} INFO - Started process (PID=1759) to work on /opt/airflow/dags/recommendation_training_dag.py
[2026-09-03T08:35:52.595+0000] {processor.py:830} INFO - Processing file /opt/airflow/dags/recommendation_training_dag.py for tasks to queue
[2026-09-03T08:35:52.599+0000] {logging_mixin.py:188} INFO - [2026-09-03T08:35:52.598+0000] {dagbag.py:545} INFO - Filling up the DagBag from /opt/airflow/dags/recommendation_training_dag.py
[2026-09-03T08:35:55.766+0000] {processor.py:840} INFO - DAG(s) 'recommendation_system_training' retrieved from /opt/airflow/dags/recommendation_training_dag.py
[2026-09-03T08:35:55.808+0000] {logging_mixin.py:188} INFO - [2026-09-03T08:35:55.808+0000] {dag.py:3096} INFO - Sync 1 DAGs
[2026-09-03T08:35:55.840+0000] {logging_mixin.py:188} INFO - [2026-09-03T08:35:55.840+0000] {dag.py:3954} INFO - Setting next_dagrun for recommendation_system_training to 2026-08-23 02:00:00+00:00, run_after=2026-08-30 02:00:00+00:00
[2026-09-03T08:35:55.935+0000] {processor.py:183} INFO - Processing /opt/airflow/dags/recommendation_training_dag.py took 3.375 seconds
[2026-09-03T08:36:26.454+0000] {processor.py:161} INFO - Started process (PID=1771) to work on /opt/airflow/dags/recommendation_training_dag.py
[2026-09-03T08:36:26.461+0000] {processor.py:830} INFO - Processing file /opt/airflow/dags/recommendation_training_dag.py for tasks to queue
[2026-09-03T08:36:26.466+0000] {logging_mixin.py:188} INFO - [2026-09-03T08:36:26.466+0000] {dagbag.py:545} INFO - Filling up the DagBag from /opt/airflow/dags/recommendation_training_dag.py
[2026-09-03T08:36:29.761+0000] {processor.py:840} INFO - DAG(s) 'recommendation_system_training' retrieved from /opt/airflow/dags/recommendation_training_dag.py
[2026-09-03T08:36:29.804+0000] {logging_mixin.py:188} INFO - [2026-09-03T08:36:29.803+0000] {dag.py:3096} INFO - Sync 1 DAGs
[2026-09-03T08:36:29.854+0000] {logging_mixin.py:188} INFO - [2026-09-03T08:36:29.854+0000] {dag.py:3954} INFO - Setting next_dagrun for recommendation_system_training to 2026-08-23 02:00:00+00:00, run_after=2026-08-30 02:00:00+00:00
[2026-09-03T08:36:29.963+0000] {processor.py:183} INFO - Processing /opt/airflow/dags/recommendation_training_dag.py took 3.526 seconds
[2026-09-03T08:37:00.831+0000] {processor.py:161} INFO - Started process (PID=1783) to work on /opt/airflow/dags/recommendation_training_dag.py
[2026-09-03T08:37:00.832+0000] {processor.py:830} INFO - Processing file /opt/airflow/dags/recommendation_training_dag.py for tasks to queue
[2026-09-03T08:37:00.837+0000] {logging_mixin.py:188} INFO - [2026-09-03T08:37:00.837+0000] {dagbag.py:545} INFO - Filling up the DagBag from /opt/airflow/dags/recommendation_training_dag.py
[2026-09-03T08:37:03.413+0000] {processor.py:840} INFO - DAG(s) 'recommendation_system_training' retrieved from /opt/airflow/dags/recommendation_training_dag.py
[2026-09-03T08:37:03.444+0000] {logging_mixin.py:188} INFO - [2026-09-03T08:37:03.444+0000] {dag.py:3096} INFO - Sync 1 DAGs
[2026-09-03T08:37:03.468+0000] {logging_mixin.py:188} INFO - [2026-09-03T08:37:03.468+0000] {dag.py:3954} INFO - Setting next_dagrun for recommendation_system_training to 2026-08-23 02:00:00+00:00, run_after=2026-08-30 02:00:00+00:00
[2026-09-03T08:37:03.546+0000] {processor.py:183} INFO - Processing /opt/airflow/dags/recommendation_training_dag.py took 2.804 seconds
[2026-09-03T08:37:34.760+0000] {processor.py:161} INFO - Started process (PID=1795) to work on /opt/airflow/dags/recommendation_training_dag.py
[2026-09-03T08:37:34.763+0000] {processor.py:830} INFO - Processing file /opt/airflow/dags/recommendation_training_dag.py for tasks to queue
[2026-09-03T08:37:34.766+0000] {logging_mixin.py:188} INFO - [2026-09-03T08:37:34.766+0000] {dagbag.py:545} INFO - Filling up the DagBag from /opt/airflow/dags/recommendation_training_dag.py
[2026-09-03T08:37:38.191+0000] {processor.py:840} INFO - DAG(s) 'recommendation_system_training' retrieved from /opt/airflow/dags/recommendation_training_dag.py
[2026-09-03T08:37:38.251+0000] {logging_mixin.py:188} INFO - [2026-09-03T08:37:38.249+0000] {dag.py:3096} INFO - Sync 1 DAGs
[2026-09-03T08:37:38.281+0000] {logging_mixin.py:188} INFO - [2026-09-03T08:37:38.281+0000] {dag.py:3954} INFO - Setting next_dagrun for recommendation_system_training to 2026-08-23 02:00:00+00:00, run_after=2026-08-30 02:00:00+00:00
[2026-09-03T08:37:38.352+0000] {processor.py:183} INFO - Processing /opt/airflow/dags/recommendation_training_dag.py took 3.614 seconds
[2026-09-03T08:38:11.236+0000] {processor.py:161} INFO - Started process (PID=1808) to work on /opt/airflow/dags/recommendation_training_dag.py
[2026-09-03T08:38:11.237+0000] {processor.py:830} INFO - Processing file /opt/airflow/dags/recommendation_training_dag.py for tasks to queue
[2026-09-03T08:38:11.240+0000] {logging_mixin.py:188} INFO - [2026-09-03T08:38:11.239+0000] {dagbag.py:545} INFO - Filling up the DagBag from /opt/airflow/dags/recommendation_training_dag.py
[2026-09-03T08:38:12.789+0000] {processor.py:840} INFO - DAG(s) 'recommendation_system_training' retrieved from /opt/airflow/dags/recommendation_training_dag.py
[2026-09-03T08:38:12.841+0000] {logging_mixin.py:188} INFO - [2026-09-03T08:38:12.840+0000] {dag.py:3096} INFO - Sync 1 DAGs
[2026-09-03T08:38:12.870+0000] {logging_mixin.py:188} INFO - [2026-09-03T08:38:12.869+0000] {dag.py:3954} INFO - Setting next_dagrun for recommendation_system_training to 2026-08-23 02:00:00+00:00, run_after=2026-08-30 02:00:00+00:00
[2026-09-03T08:38:12.948+0000] {processor.py:183} INFO - Processing /opt/airflow/dags/recommendation_training_dag.py took 3.360 seconds
[2026-09-03T08:38:43.928+0000] {processor.py:161} INFO - Started process (PID=1820) to work on /opt/airflow/dags/recommendation_training_dag.py
[2026-09-03T08:38:43.930+0000] {processor.py:830} INFO - Processing file /opt/airflow/dags/recommendation_training_dag.py for tasks to queue
[2026-09-03T08:38:43.938+0000] {logging_mixin.py:188} INFO - [2026-09-03T08:38:43.936+0000] {dagbag.py:545} INFO - Filling up the DagBag from /opt/airflow/dags/recommendation_training_dag.py
[2026-09-03T08:38:46.940+0000] {processor.py:840} INFO - DAG(s) 'recommendation_system_training' retrieved from /opt/airflow/dags/recommendation_training_dag.py
[2026-09-03T08:38:47.062+0000] {logging_mixin.py:188} INFO - [2026-09-03T08:38:47.060+0000] {dag.py:3096} INFO - Sync 1 DAGs
[2026-09-03T08:38:47.116+0000] {logging_mixin.py:188} INFO - [2026-09-03T08:38:47.116+0000] {dag.py:3954} INFO - Setting next_dagrun for recommendation_system_training to 2026-08-23 02:00:00+00:00, run_after=2026-08-30 02:00:00+00:00
[2026-09-03T08:38:47.232+0000] {processor.py:183} INFO - Processing /opt/airflow/dags/recommendation_training_dag.py took 3.313 seconds
[2026-09-03T08:39:18.472+0000] {processor.py:161} INFO - Started process (PID=1832) to work on /opt/airflow/dags/recommendation_training_dag.py
[2026-09-03T08:39:18.474+0000] {processor.py:830} INFO - Processing file /opt/airflow/dags/recommendation_training_dag.py for tasks to queue
[2026-09-03T08:39:18.478+0000] {logging_mixin.py:188} INFO - [2026-09-03T08:39:18.477+0000] {dagbag.py:545} INFO - Filling up the DagBag from /opt/airflow/dags/recommendation_training_dag.py
[2026-09-03T08:39:21.150+0000] {processor.py:840} INFO - DAG(s) 'recommendation_system_training' retrieved from /opt/airflow/dags/recommendation_training_dag.py
[2026-09-03T08:39:21.188+0000] {logging_mixin.py:188} INFO - [2026-09-03T08:39:21.188+0000] {dag.py:3096} INFO - Sync 1 DAGs
[2026-09-03T08:39:21.210+0000] {logging_mixin.py:188} INFO - [2026-09-03T08:39:21.209+0000] {dag.py:3954} INFO - Setting next_dagrun for recommendation_system_training to 2026-08-23 02:00:00+00:00, run_after=2026-08-30 02:00:00+00:00
[2026-09-03T08:39:21.288+0000] {processor.py:183} INFO - Processing /opt/airflow/dags/recommendation_training_dag.py took 2.830 seconds
[2026-09-03T08:39:52.487+0000] {processor.py:161} INFO - Started process (PID=1844) to work on /opt/airflow/dags/recommendation_training_dag.py
[2026-09-03T08:39:52.489+0000] {processor.py:830} INFO - Processing file /opt/airflow/dags/recommendation_training_dag.py for tasks to queue
[2026-09-03T08:39:52.492+0000] {logging_mixin.py:188} INFO - [2026-09-03T08:39:52.492+0000] {dagbag.py:545} INFO - Filling up the DagBag from /opt/airflow/dags/recommendation_training_dag.py
[2026-09-03T08:39:55.193+0000] {processor.py:840} INFO - DAG(s) 'recommendation_system_training' retrieved from /opt/airflow/dags/recommendation_training_dag.py
[2026-09-03T08:39:55.231+0000] {logging_mixin.py:188} INFO - [2026-09-03T08:39:55.230+0000] {dag.py:3096} INFO - Sync 1 DAGs
[2026-09-03T08:39:55.256+0000] {logging_mixin.py:188} INFO - [2026-09-03T08:39:55.256+0000] {dag.py:3954} INFO - Setting next_dagrun for recommendation_system_training to 2026-08-23 02:00:00+00:00, run_after=2026-08-30 02:00:00+00:00
[2026-09-03T08:39:55.349+0000] {processor.py:183} INFO - Processing /opt/airflow/dags/recommendation_training_dag.py took 2.877 seconds
[2026-09-03T08:40:25.615+0000] {processor.py:161} INFO - Started process (PID=1856) to work on /opt/airflow/dags/recommendation_training_dag.py
[2026-09-03T08:40:25.617+0000] {processor.py:830} INFO - Processing file /opt/airflow/dags/recommendation_training_dag.py for tasks to queue
[2026-09-03T08:40:25.622+0000] {logging_mixin.py:188} INFO - [2026-09-03T08:40:25.621+0000] {dagbag.py:545} INFO - Filling up the DagBag from /opt/airflow/dags/recommendation_training_dag.py
[2026-09-03T08:40:28.593+0000] {processor.py:840} INFO - DAG(s) 'recommendation_system_training' retrieved from /opt/airflow/dags/recommendation_training_dag.py
[2026-09-03T08:40:28.621+0000] {logging_mixin.py:188} INFO - [2026-09-03T08:40:28.619+0000] {dag.py:3096} INFO - Sync 1 DAGs
[2026-09-03T08:40:28.661+0000] {logging_mixin.py:188} INFO - [2026-09-03T08:40:28.661+0000] {dag.py:3954} INFO - Setting next_dagrun for recommendation_system_training to 2026-08-23 02:00:00+00:00, run_after=2026-08-30 02:00:00+00:00
[2026-09-03T08:40:28.744+0000] {processor.py:183} INFO - Processing /opt/airflow/dags/recommendation_training_dag.py took 3.145 seconds
[2026-09-03T08:40:59.937+0000] {processor.py:161} INFO - Started process (PID=1868) to work on /opt/airflow/dags/recommendation_training_dag.py
[2026-09-03T08:40:59.939+0000] {processor.py:830} INFO - Processing file /opt/airflow/dags/recommendation_training_dag.py for tasks to queue
[2026-09-03T08:40:59.942+0000] {logging_mixin.py:188} INFO - [2026-09-03T08:40:59.941+0000] {dagbag.py:545} INFO - Filling up the DagBag from /opt/airflow/dags/recommendation_training_dag.py
[2026-09-03T08:41:02.910+0000] {processor.py:840} INFO - DAG(s) 'recommendation_system_training' retrieved from /opt/airflow/dags/recommendation_training_dag.py
[2026-09-03T08:41:02.954+0000] {logging_mixin.py:188} INFO - [2026-09-03T08:41:02.953+0000] {dag.py:3096} INFO - Sync 1 DAGs
[2026-09-03T08:41:02.984+0000] {logging_mixin.py:188} INFO - [2026-09-03T08:41:02.984+0000] {dag.py:3954} INFO - Setting next_dagrun for recommendation_system_training to 2026-08-23 02:00:00+00:00, run_after=2026-08-30 02:00:00+00:00
[2026-09-03T08:41:03.091+0000] {processor.py:183} INFO - Processing /opt/airflow/dags/recommendation_training_dag.py took 3.170 seconds
[2026-09-03T08:41:34.358+0000] {processor.py:161} INFO - Started process (PID=1880) to work on /opt/airflow/dags/recommendation_training_dag.py
[2026-09-03T08:41:34.359+0000] {processor.py:830} INFO - Processing file /opt/airflow/dags/recommendation_training_dag.py for tasks to queue
[2026-09-03T08:41:34.361+0000] {logging_mixin.py:188} INFO - [2026-09-03T08:41:34.361+0000] {dagbag.py:545} INFO - Filling up the DagBag from /opt/airflow/dags/recommendation_training_dag.py
[2026-09-03T08:41:37.289+0000] {processor.py:840} INFO - DAG(s) 'recommendation_system_training' retrieved from /opt/airflow/dags/recommendation_training_dag.py
[2026-09-03T08:41:37.321+0000] {logging_mixin.py:188} INFO - [2026-09-03T08:41:37.320+0000] {dag.py:3096} INFO - Sync 1 DAGs
[2026-09-03T08:41:37.345+0000] {logging_mixin.py:188} INFO - [2026-09-03T08:41:37.344+0000] {dag.py:3954} INFO - Setting next_dagrun for recommendation_system_training to 2026-08-23 02:00:00+00:00, run_after=2026-08-30 02:00:00+00:00
[2026-09-03T08:41:37.407+0000] {processor.py:183} INFO - Processing /opt/airflow/dags/recommendation_training_dag.py took 3.062 seconds
[2026-09-03T08:42:07.905+0000] {processor.py:161} INFO - Started process (PID=1892) to work on /opt/airflow/dags/recommendation_training_dag.py
[2026-09-03T08:42:07.909+0000] {processor.py:830} INFO - Processing file /opt/airflow/dags/recommendation_training_dag.py for tasks to queue
[2026-09-03T08:42:07.912+0000] {logging_mixin.py:188} INFO - [2026-09-03T08:42:07.912+0000] {dagbag.py:545} INFO - Filling up the DagBag from /opt/airflow/dags/recommendation_training_dag.py
[2026-09-03T08:42:11.258+0000] {processor.py:840} INFO - DAG(s) 'recommendation_system_training' retrieved from /opt/airflow/dags/recommendation_training_dag.py
[2026-09-03T08:42:11.295+0000] {logging_mixin.py:188} INFO - [2026-09-03T08:42:11.293+0000] {dag.py:3096} INFO - Sync 1 DAGs
[2026-09-03T08:42:11.316+0000] {logging_mixin.py:188} INFO - [2026-09-03T08:42:11.316+0000] {dag.py:3954} INFO - Setting next_dagrun for recommendation_system_training to 2026-08-23 02:00:00+00:00, run_after=2026-08-30 02:00:00+00:00
[2026-09-03T08:42:11.367+0000] {processor.py:183} INFO - Processing /opt/airflow/dags/recommendation_training_dag.py took 3.481 seconds
[2026-09-03T08:42:41.509+0000] {processor.py:161} INFO - Started process (PID=1904) to work on /opt/airflow/dags/recommendation_training_dag.py
[2026-09-03T08:42:41.511+0000] {processor.py:830} INFO - Processing file /opt/airflow/dags/recommendation_training_dag.py for tasks to queue
[2026-09-03T08:42:41.513+0000] {logging_mixin.py:188} INFO - [2026-09-03T08:42:41.513+0000] {dagbag.py:545} INFO - Filling up the DagBag from /opt/airflow/dags/recommendation_training_dag.py
[2026-09-03T08:42:43.016+0000] {processor.py:840} INFO - DAG(s) 'recommendation_system_training' retrieved from /opt/airflow/dags/recommendation_training_dag.py
[2026-09-03T08:42:43.050+0000] {logging_mixin.py:188} INFO - [2026-09-03T08:42:43.049+0000] {dag.py:3096} INFO - Sync 1 DAGs
[2026-09-03T08:42:43.073+0000] {logging_mixin.py:188} INFO - [2026-09-03T08:42:43.073+0000] {dag.py:3954} INFO - Setting next_dagrun for recommendation_system_training to 2026-08-23 02:00:00+00:00, run_after=2026-08-30 02:00:00+00:00
[2026-09-03T08:42:43.147+0000] {processor.py:183} INFO - Processing /opt/airflow/dags/recommendation_training_dag.py took 3.165 seconds
[2026-09-03T08:43:13.770+0000] {processor.py:161} INFO - Started process (PID=1916) to work on /opt/airflow/dags/recommendation_training_dag.py
[2026-09-03T08:43:13.772+0000] {processor.py:830} INFO - Processing file /opt/airflow/dags/recommendation_training_dag.py for tasks to queue
[2026-09-03T08:43:13.777+0000] {logging_mixin.py:188} INFO - [2026-09-03T08:43:13.775+0000] {dagbag.py:545} INFO - Filling up the DagBag from /opt/airflow/dags/recommendation_training_dag.py
[2026-09-03T08:43:16.654+0000] {processor.py:840} INFO - DAG(s) 'recommendation_system_training' retrieved from /opt/airflow/dags/recommendation_training_dag.py
[2026-09-03T08:43:16.680+0000] {logging_mixin.py:188} INFO - [2026-09-03T08:43:16.679+0000] {dag.py:3096} INFO - Sync 1 DAGs
[2026-09-03T08:43:16.702+0000] {logging_mixin.py:188} INFO - [2026-09-03T08:43:16.701+0000] {dag.py:3954} INFO - Setting next_dagrun for recommendation_system_training to 2026-08-23 02:00:00+00:00, run_after=2026-08-30 02:00:00+00:00
[2026-09-03T08:43:16.768+0000] {processor.py:183} INFO - Processing /opt/airflow/dags/recommendation_training_dag.py took 3.029 seconds
[2026-09-03T08:43:47.331+0000] {processor.py:161} INFO - Started process (PID=1928) to work on /opt/airflow/dags/recommendation_training_dag.py
[2026-09-03T08:43:47.334+0000] {processor.py:830} INFO - Processing file /opt/airflow/dags/recommendation_training_dag.py for tasks to queue
[2026-09-03T08:43:47.339+0000] {logging_mixin.py:188} INFO - [2026-09-03T08:43:47.338+0000] {dagbag.py:545} INFO - Filling up the DagBag from /opt/airflow/dags/recommendation_training_dag.py
[2026-09-03T08:43:50.033+0000] {processor.py:840} INFO - DAG(s) 'recommendation_system_training' retrieved from /opt/airflow/dags/recommendation_training_dag.py
[2026-09-03T08:43:50.067+0000] {logging_mixin.py:188} INFO - [2026-09-03T08:43:50.065+0000] {dag.py:3096} INFO - Sync 1 DAGs
[2026-09-03T08:43:50.096+0000] {logging_mixin.py:188} INFO - [2026-09-03T08:43:50.096+0000] {dag.py:3954} INFO - Setting next_dagrun for recommendation_system_training to 2026-08-23 02:00:00+00:00, run_after=2026-08-30 02:00:00+00:00
[2026-09-03T08:43:50.180+0000] {processor.py:183} INFO - Processing /opt/airflow/dags/recommendation_training_dag.py took 2.870 seconds
[2026-09-03T08:44:20.575+0000] {processor.py:161} INFO - Started process (PID=1940) to work on /opt/airflow/dags/recommendation_training_dag.py
[2026-09-03T08:44:20.576+0000] {processor.py:830} INFO - Processing file /opt/airflow/dags/recommendation_training_dag.py for tasks to queue
[2026-09-03T08:44:20.579+0000] {logging_mixin.py:188} INFO - [2026-09-03T08:44:20.578+0000] {dagbag.py:545} INFO - Filling up the DagBag from /opt/airflow/dags/recommendation_training_dag.py
[2026-09-03T08:44:23.924+0000] {processor.py:840} INFO - DAG(s) 'recommendation_system_training' retrieved from /opt/airflow/dags/recommendation_training_dag.py
[2026-09-03T08:44:23.970+0000] {logging_mixin.py:188} INFO - [2026-09-03T08:44:23.968+0000] {dag.py:3096} INFO - Sync 1 DAGs
[2026-09-03T08:44:24.061+0000] {logging_mixin.py:188} INFO - [2026-09-03T08:44:24.061+0000] {dag.py:3954} INFO - Setting next_dagrun for recommendation_system_training to 2026-08-23 02:00:00+00:00, run_after=2026-08-30 02:00:00+00:00
[2026-09-03T08:44:24.194+0000] {processor.py:183} INFO - Processing /opt/airflow/dags/recommendation_training_dag.py took 3.632 seconds
[2026-09-03T08:44:55.010+0000] {processor.py:161} INFO - Started process (PID=1952) to work on /opt/airflow/dags/recommendation_training_dag.py
[2026-09-03T08:44:55.012+0000] {processor.py:830} INFO - Processing file /opt/airflow/dags/recommendation_training_dag.py for tasks to queue
[2026-09-03T08:44:55.015+0000] {logging_mixin.py:188} INFO - [2026-09-03T08:44:55.014+0000] {dagbag.py:545} INFO - Filling up the DagBag from /opt/airflow/dags/recommendation_training_dag.py
[2026-09-03T08:44:58.221+0000] {processor.py:840} INFO - DAG(s) 'recommendation_system_training' retrieved from /opt/airflow/dags/recommendation_training_dag.py
[2026-09-03T08:44:58.253+0000] {logging_mixin.py:188} INFO - [2026-09-03T08:44:58.253+0000] {dag.py:3096} INFO - Sync 1 DAGs
[2026-09-03T08:44:58.284+0000] {logging_mixin.py:188} INFO - [2026-09-03T08:44:58.283+0000] {dag.py:3954} INFO - Setting next_dagrun for recommendation_system_training to 2026-08-23 02:00:00+00:00, run_after=2026-08-30 02:00:00+00:00
[2026-09-03T08:44:58.390+0000] {processor.py:183} INFO - Processing /opt/airflow/dags/recommendation_training_dag.py took 3.396 seconds
[2026-09-03T08:45:30.920+0000] {processor.py:161} INFO - Started process (PID=1965) to work on /opt/airflow/dags/recommendation_training_dag.py
[2026-09-03T08:45:30.923+0000] {processor.py:830} INFO - Processing file /opt/airflow/dags/recommendation_training_dag.py for tasks to queue
[2026-09-03T08:45:30.928+0000] {logging_mixin.py:188} INFO - [2026-09-03T08:45:30.927+0000] {dagbag.py:545} INFO - Filling up the DagBag from /opt/airflow/dags/recommendation_training_dag.py
[2026-09-03T08:45:33.054+0000] {processor.py:840} INFO - DAG(s) 'recommendation_system_training' retrieved from /opt/airflow/dags/recommendation_training_dag.py
[2026-09-03T08:45:33.089+0000] {logging_mixin.py:188} INFO - [2026-09-03T08:45:33.089+0000] {dag.py:3096} INFO - Sync 1 DAGs
[2026-09-03T08:45:32.179+0000] {logging_mixin.py:188} INFO - [2026-09-03T08:45:32.179+0000] {dag.py:3954} INFO - Setting next_dagrun for recommendation_system_training to 2026-08-23 02:00:00+00:00, run_after=2026-08-30 02:00:00+00:00
[2026-09-03T08:45:32.266+0000] {processor.py:183} INFO - Processing /opt/airflow/dags/recommendation_training_dag.py took 2.938 seconds
[2026-09-03T08:46:03.131+0000] {processor.py:161} INFO - Started process (PID=1977) to work on /opt/airflow/dags/recommendation_training_dag.py
[2026-09-03T08:46:03.132+0000] {processor.py:830} INFO - Processing file /opt/airflow/dags/recommendation_training_dag.py for tasks to queue
[2026-09-03T08:46:03.135+0000] {logging_mixin.py:188} INFO - [2026-09-03T08:46:03.134+0000] {dagbag.py:545} INFO - Filling up the DagBag from /opt/airflow/dags/recommendation_training_dag.py
[2026-09-03T08:46:05.817+0000] {processor.py:840} INFO - DAG(s) 'recommendation_system_training' retrieved from /opt/airflow/dags/recommendation_training_dag.py
[2026-09-03T08:46:05.852+0000] {logging_mixin.py:188} INFO - [2026-09-03T08:46:05.851+0000] {dag.py:3096} INFO - Sync 1 DAGs
[2026-09-03T08:46:05.883+0000] {logging_mixin.py:188} INFO - [2026-09-03T08:46:05.883+0000] {dag.py:3954} INFO - Setting next_dagrun for recommendation_system_training to 2026-08-23 02:00:00+00:00, run_after=2026-08-30 02:00:00+00:00
[2026-09-03T08:46:05.965+0000] {processor.py:183} INFO - Processing /opt/airflow/dags/recommendation_training_dag.py took 2.844 seconds
[2026-09-03T08:46:36.316+0000] {processor.py:161} INFO - Started process (PID=1989) to work on /opt/airflow/dags/recommendation_training_dag.py
[2026-09-03T08:46:36.318+0000] {processor.py:830} INFO - Processing file /opt/airflow/dags/recommendation_training_dag.py for tasks to queue
[2026-09-03T08:46:36.322+0000] {logging_mixin.py:188} INFO - [2026-09-03T08:46:36.321+0000] {dagbag.py:545} INFO - Filling up the DagBag from /opt/airflow/dags/recommendation_training_dag.py
[2026-09-03T08:46:39.328+0000] {processor.py:840} INFO - DAG(s) 'recommendation_system_training' retrieved from /opt/airflow/dags/recommendation_training_dag.py
[2026-09-03T08:46:39.360+0000] {logging_mixin.py:188} INFO - [2026-09-03T08:46:39.360+0000] {dag.py:3096} INFO - Sync 1 DAGs
[2026-09-03T08:46:39.381+0000] {logging_mixin.py:188} INFO - [2026-09-03T08:46:39.380+0000] {dag.py:3954} INFO - Setting next_dagrun for recommendation_system_training to 2026-08-23 02:00:00+00:00, run_after=2026-08-30 02:00:00+00:00
[2026-09-03T08:46:39.457+0000] {processor.py:183} INFO - Processing /opt/airflow/dags/recommendation_training_dag.py took 3.154 seconds
[2026-09-03T08:47:10.158+0000] {processor.py:161} INFO - Started process (PID=2001) to work on /opt/airflow/dags/recommendation_training_dag.py
[2026-09-03T08:47:10.161+0000] {processor.py:830} INFO - Processing file /opt/airflow/dags/recommendation_training_dag.py for tasks to queue
[2026-09-03T08:47:10.166+0000] {logging_mixin.py:188} INFO - [2026-09-03T08:47:10.165+0000] {dagbag.py:545} INFO - Filling up the DagBag from /opt/airflow/dags/recommendation_training_dag.py
[2026-09-03T08:47:12.946+0000] {processor.py:840} INFO - DAG(s) 'recommendation_system_training' retrieved from /opt/airflow/dags/recommendation_training_dag.py
[2026-09-03T08:47:12.983+0000] {logging_mixin.py:188} INFO - [2026-09-03T08:47:12.982+0000] {dag.py:3096} INFO - Sync 1 DAGs
[2026-09-03T08:47:13.016+0000] {logging_mixin.py:188} INFO - [2026-09-03T08:47:13.016+0000] {dag.py:3954} INFO - Setting next_dagrun for recommendation_system_training to 2026-08-23 02:00:00+00:00, run_after=2026-08-30 02:00:00+00:00
[2026-09-03T08:47:13.118+0000] {processor.py:183} INFO - Processing /opt/airflow/dags/recommendation_training_dag.py took 2.985 seconds
[2026-09-03T08:47:43.359+0000] {processor.py:161} INFO - Started process (PID=2013) to work on /opt/airflow/dags/recommendation_training_dag.py
[2026-09-03T08:47:43.361+0000] {processor.py:830} INFO - Processing file /opt/airflow/dags/recommendation_training_dag.py for tasks to queue
[2026-09-03T08:47:43.365+0000] {logging_mixin.py:188} INFO - [2026-09-03T08:47:43.364+0000] {dagbag.py:545} INFO - Filling up the DagBag from /opt/airflow/dags/recommendation_training_dag.py
[2026-09-03T08:47:46.337+0000] {processor.py:840} INFO - DAG(s) 'recommendation_system_training' retrieved from /opt/airflow/dags/recommendation_training_dag.py
[2026-09-03T08:47:46.373+0000] {logging_mixin.py:188} INFO - [2026-09-03T08:47:46.373+0000] {dag.py:3096} INFO - Sync 1 DAGs
[2026-09-03T08:47:46.399+0000] {logging_mixin.py:188} INFO - [2026-09-03T08:47:46.398+0000] {dag.py:3954} INFO - Setting next_dagrun for recommendation_system_training to 2026-08-23 02:00:00+00:00, run_after=2026-08-30 02:00:00+00:00
[2026-09-03T08:47:46.468+0000] {processor.py:183} INFO - Processing /opt/airflow/dags/recommendation_training_dag.py took 3.123 seconds
[2026-09-03T08:48:17.059+0000] {processor.py:161} INFO - Started process (PID=2025) to work on /opt/airflow/dags/recommendation_training_dag.py
[2026-09-03T08:48:17.060+0000] {processor.py:830} INFO - Processing file /opt/airflow/dags/recommendation_training_dag.py for tasks to queue
[2026-09-03T08:48:17.064+0000] {logging_mixin.py:188} INFO - [2026-09-03T08:48:17.063+0000] {dagbag.py:545} INFO - Filling up the DagBag from /opt/airflow/dags/recommendation_training_dag.py
[2026-09-03T08:48:20.224+0000] {processor.py:840} INFO - DAG(s) 'recommendation_system_training' retrieved from /opt/airflow/dags/recommendation_training_dag.py
[2026-09-03T08:48:20.364+0000] {logging_mixin.py:188} INFO - [2026-09-03T08:48:20.363+0000] {dag.py:3096} INFO - Sync 1 DAGs
[2026-09-03T08:48:20.472+0000] {logging_mixin.py:188} INFO - [2026-09-03T08:48:20.472+0000] {dag.py:3954} INFO - Setting next_dagrun for recommendation_system_training to 2026-08-23 02:00:00+00:00, run_after=2026-08-30 02:00:00+00:00
[2026-09-03T08:48:20.577+0000] {processor.py:183} INFO - Processing /opt/airflow/dags/recommendation_training_dag.py took 3.537 seconds
[2026-09-03T08:48:50.766+0000] {processor.py:161} INFO - Started process (PID=2037) to work on /opt/airflow/dags/recommendation_training_dag.py
[2026-09-03T08:48:50.768+0000] {processor.py:830} INFO - Processing file /opt/airflow/dags/recommendation_training_dag.py for tasks to queue
[2026-09-03T08:48:50.770+0000] {logging_mixin.py:188} INFO - [2026-09-03T08:48:50.770+0000] {dagbag.py:545} INFO - Filling up the DagBag from /opt/airflow/dags/recommendation_training_dag.py
[2026-09-03T08:48:52.978+0000] {processor.py:840} INFO - DAG(s) 'recommendation_system_training' retrieved from /opt/airflow/dags/recommendation_training_dag.py
[2026-09-03T08:48:53.007+0000] {logging_mixin.py:188} INFO - [2026-09-03T08:48:53.006+0000] {dag.py:3096} INFO - Sync 1 DAGs
[2026-09-03T08:48:53.027+0000] {logging_mixin.py:188} INFO - [2026-09-03T08:48:53.027+0000] {dag.py:3954} INFO - Setting next_dagrun for recommendation_system_training to 2026-08-23 02:00:00+00:00, run_after=2026-08-30 02:00:00+00:00
[2026-09-03T08:48:53.097+0000] {processor.py:183} INFO - Processing /opt/airflow/dags/recommendation_training_dag.py took 3.326 seconds
[2026-09-03T08:49:24.351+0000] {processor.py:161} INFO - Started process (PID=2049) to work on /opt/airflow/dags/recommendation_training_dag.py
[2026-09-03T08:49:24.353+0000] {processor.py:830} INFO - Processing file /opt/airflow/dags/recommendation_training_dag.py for tasks to queue
[2026-09-03T08:49:24.355+0000] {logging_mixin.py:188} INFO - [2026-09-03T08:49:24.354+0000] {dagbag.py:545} INFO - Filling up the DagBag from /opt/airflow/dags/recommendation_training_dag.py
[2026-09-03T08:49:27.181+0000] {processor.py:840} INFO - DAG(s) 'recommendation_system_training' retrieved from /opt/airflow/dags/recommendation_training_dag.py
[2026-09-03T08:49:27.216+0000] {logging_mixin.py:188} INFO - [2026-09-03T08:49:27.216+0000] {dag.py:3096} INFO - Sync 1 DAGs
[2026-09-03T08:49:27.249+0000] {logging_mixin.py:188} INFO - [2026-09-03T08:49:27.249+0000] {dag.py:3954} INFO - Setting next_dagrun for recommendation_system_training to 2026-08-23 02:00:00+00:00, run_after=2026-08-30 02:00:00+00:00
[2026-09-03T08:49:27.345+0000] {processor.py:183} INFO - Processing /opt/airflow/dags/recommendation_training_dag.py took 3.003 seconds
[2026-09-03T08:49:57.932+0000] {processor.py:161} INFO - Started process (PID=2061) to work on /opt/airflow/dags/recommendation_training_dag.py
[2026-09-03T08:49:57.934+0000] {processor.py:830} INFO - Processing file /opt/airflow/dags/recommendation_training_dag.py for tasks to queue
[2026-09-03T08:49:57.939+0000] {logging_mixin.py:188} INFO - [2026-09-03T08:49:57.938+0000] {dagbag.py:545} INFO - Filling up the DagBag from /opt/airflow/dags/recommendation_training_dag.py
[2026-09-03T08:50:05.488+0000] {processor.py:840} INFO - DAG(s) 'recommendation_system_training' retrieved from /opt/airflow/dags/recommendation_training_dag.py
[2026-09-03T08:50:05.634+0000] {logging_mixin.py:188} INFO - [2026-09-03T08:50:05.633+0000] {dag.py:3096} INFO - Sync 1 DAGs
[2026-09-03T08:50:05.733+0000] {logging_mixin.py:188} INFO - [2026-09-03T08:50:05.732+0000] {dag.py:3954} INFO - Setting next_dagrun for recommendation_system_training to 2026-08-23 02:00:00+00:00, run_after=2026-08-30 02:00:00+00:00
[2026-09-03T08:50:05.895+0000] {processor.py:183} INFO - Processing /opt/airflow/dags/recommendation_training_dag.py took 7.979 seconds
[2026-09-03T08:50:36.555+0000] {processor.py:161} INFO - Started process (PID=2073) to work on /opt/airflow/dags/recommendation_training_dag.py
[2026-09-03T08:50:36.585+0000] {processor.py:830} INFO - Processing file /opt/airflow/dags/recommendation_training_dag.py for tasks to queue
[2026-09-03T08:50:36.673+0000] {logging_mixin.py:188} INFO - [2026-09-03T08:50:36.662+0000] {dagbag.py:545} INFO - Filling up the DagBag from /opt/airflow/dags/recommendation_training_dag.py
[2026-09-03T08:50:40.993+0000] {processor.py:840} INFO - DAG(s) 'recommendation_system_training' retrieved from /opt/airflow/dags/recommendation_training_dag.py
[2026-09-03T08:50:41.074+0000] {logging_mixin.py:188} INFO - [2026-09-03T08:50:41.072+0000] {dag.py:3096} INFO - Sync 1 DAGs
[2026-09-03T08:50:41.146+0000] {logging_mixin.py:188} INFO - [2026-09-03T08:50:41.146+0000] {dag.py:3954} INFO - Setting next_dagrun for recommendation_system_training to 2026-08-23 02:00:00+00:00, run_after=2026-08-30 02:00:00+00:00
[2026-09-03T08:50:41.244+0000] {processor.py:183} INFO - Processing /opt/airflow/dags/recommendation_training_dag.py took 4.811 seconds
[2026-09-03T08:51:12.185+0000] {processor.py:161} INFO - Started process (PID=2085) to work on /opt/airflow/dags/recommendation_training_dag.py
[2026-09-03T08:51:12.187+0000] {processor.py:830} INFO - Processing file /opt/airflow/dags/recommendation_training_dag.py for tasks to queue
[2026-09-03T08:51:12.190+0000] {logging_mixin.py:188} INFO - [2026-09-03T08:51:12.189+0000] {dagbag.py:545} INFO - Filling up the DagBag from /opt/airflow/dags/recommendation_training_dag.py
[2026-09-03T08:51:14.567+0000] {processor.py:840} INFO - DAG(s) 'recommendation_system_training' retrieved from /opt/airflow/dags/recommendation_training_dag.py
[2026-09-03T08:51:14.616+0000] {logging_mixin.py:188} INFO - [2026-09-03T08:51:14.615+0000] {dag.py:3096} INFO - Sync 1 DAGs
[2026-09-03T08:51:14.645+0000] {logging_mixin.py:188} INFO - [2026-09-03T08:51:14.645+0000] {dag.py:3954} INFO - Setting next_dagrun for recommendation_system_training to 2026-08-23 02:00:00+00:00, run_after=2026-08-30 02:00:00+00:00
[2026-09-03T08:51:14.761+0000] {processor.py:183} INFO - Processing /opt/airflow/dags/recommendation_training_dag.py took 3.220 seconds
[2026-09-03T08:51:47.277+0000] {processor.py:161} INFO - Started process (PID=2098) to work on /opt/airflow/dags/recommendation_training_dag.py
[2026-09-03T08:51:47.280+0000] {processor.py:830} INFO - Processing file /opt/airflow/dags/recommendation_training_dag.py for tasks to queue
[2026-09-03T08:51:47.284+0000] {logging_mixin.py:188} INFO - [2026-09-03T08:51:47.283+0000] {dagbag.py:545} INFO - Filling up the DagBag from /opt/airflow/dags/recommendation_training_dag.py
[2026-09-03T08:51:50.750+0000] {processor.py:840} INFO - DAG(s) 'recommendation_system_training' retrieved from /opt/airflow/dags/recommendation_training_dag.py
[2026-09-03T08:51:50.783+0000] {logging_mixin.py:188} INFO - [2026-09-03T08:51:50.782+0000] {dag.py:3096} INFO - Sync 1 DAGs
[2026-09-03T08:51:50.808+0000] {logging_mixin.py:188} INFO - [2026-09-03T08:51:50.808+0000] {dag.py:3954} INFO - Setting next_dagrun for recommendation_system_training to 2026-08-23 02:00:00+00:00, run_after=2026-08-30 02:00:00+00:00
[2026-09-03T08:51:50.884+0000] {processor.py:183} INFO - Processing /opt/airflow/dags/recommendation_training_dag.py took 3.617 seconds
[2026-09-03T08:52:21.664+0000] {processor.py:161} INFO - Started process (PID=2110) to work on /opt/airflow/dags/recommendation_training_dag.py
[2026-09-03T08:52:21.666+0000] {processor.py:830} INFO - Processing file /opt/airflow/dags/recommendation_training_dag.py for tasks to queue
[2026-09-03T08:52:21.669+0000] {logging_mixin.py:188} INFO - [2026-09-03T08:52:21.669+0000] {dagbag.py:545} INFO - Filling up the DagBag from /opt/airflow/dags/recommendation_training_dag.py
[2026-09-03T08:52:26.840+0000] {processor.py:840} INFO - DAG(s) 'recommendation_system_training' retrieved from /opt/airflow/dags/recommendation_training_dag.py
[2026-09-03T08:52:26.943+0000] {logging_mixin.py:188} INFO - [2026-09-03T08:52:26.943+0000] {dag.py:3096} INFO - Sync 1 DAGs
[2026-09-03T08:52:26.995+0000] {logging_mixin.py:188} INFO - [2026-09-03T08:52:26.995+0000] {dag.py:3954} INFO - Setting next_dagrun for recommendation_system_training to 2026-08-23 02:00:00+00:00, run_after=2026-08-30 02:00:00+00:00
[2026-09-03T08:52:27.119+0000] {processor.py:183} INFO - Processing /opt/airflow/dags/recommendation_training_dag.py took 5.466 seconds
[2026-09-03T08:52:58.158+0000] {processor.py:161} INFO - Started process (PID=2122) to work on /opt/airflow/dags/recommendation_training_dag.py
[2026-09-03T08:52:58.160+0000] {processor.py:830} INFO - Processing file /opt/airflow/dags/recommendation_training_dag.py for tasks to queue
[2026-09-03T08:52:58.164+0000] {logging_mixin.py:188} INFO - [2026-09-03T08:52:58.163+0000] {dagbag.py:545} INFO - Filling up the DagBag from /opt/airflow/dags/recommendation_training_dag.py
[2026-09-03T08:53:00.951+0000] {processor.py:840} INFO - DAG(s) 'recommendation_system_training' retrieved from /opt/airflow/dags/recommendation_training_dag.py
[2026-09-03T08:53:00.985+0000] {logging_mixin.py:188} INFO - [2026-09-03T08:53:00.985+0000] {dag.py:3096} INFO - Sync 1 DAGs
[2026-09-03T08:53:01.014+0000] {logging_mixin.py:188} INFO - [2026-09-03T08:53:01.013+0000] {dag.py:3954} INFO - Setting next_dagrun for recommendation_system_training to 2026-08-23 02:00:00+00:00, run_after=2026-08-30 02:00:00+00:00
[2026-09-03T08:53:01.091+0000] {processor.py:183} INFO - Processing /opt/airflow/dags/recommendation_training_dag.py took 2.952 seconds
[2026-09-03T08:53:31.614+0000] {processor.py:161} INFO - Started process (PID=2134) to work on /opt/airflow/dags/recommendation_training_dag.py
[2026-09-03T08:53:31.616+0000] {processor.py:830} INFO - Processing file /opt/airflow/dags/recommendation_training_dag.py for tasks to queue
[2026-09-03T08:53:31.621+0000] {logging_mixin.py:188} INFO - [2026-09-03T08:53:31.620+0000] {dagbag.py:545} INFO - Filling up the DagBag from /opt/airflow/dags/recommendation_training_dag.py
[2026-09-03T08:53:35.775+0000] {processor.py:840} INFO - DAG(s) 'recommendation_system_training' retrieved from /opt/airflow/dags/recommendation_training_dag.py
[2026-09-03T08:53:35.885+0000] {logging_mixin.py:188} INFO - [2026-09-03T08:53:35.884+0000] {dag.py:3096} INFO - Sync 1 DAGs
[2026-09-03T08:53:35.966+0000] {logging_mixin.py:188} INFO - [2026-09-03T08:53:35.965+0000] {dag.py:3954} INFO - Setting next_dagrun for recommendation_system_training to 2026-08-23 02:00:00+00:00, run_after=2026-08-30 02:00:00+00:00
[2026-09-03T08:53:36.091+0000] {processor.py:183} INFO - Processing /opt/airflow/dags/recommendation_training_dag.py took 4.494 seconds
[2026-09-03T08:54:06.528+0000] {processor.py:161} INFO - Started process (PID=2146) to work on /opt/airflow/dags/recommendation_training_dag.py
[2026-09-03T08:54:06.531+0000] {processor.py:830} INFO - Processing file /opt/airflow/dags/recommendation_training_dag.py for tasks to queue
[2026-09-03T08:54:06.537+0000] {logging_mixin.py:188} INFO - [2026-09-03T08:54:06.536+0000] {dagbag.py:545} INFO - Filling up the DagBag from /opt/airflow/dags/recommendation_training_dag.py
[2026-09-03T08:54:09.338+0000] {processor.py:840} INFO - DAG(s) 'recommendation_system_training' retrieved from /opt/airflow/dags/recommendation_training_dag.py
[2026-09-03T08:54:09.427+0000] {logging_mixin.py:188} INFO - [2026-09-03T08:54:09.426+0000] {dag.py:3096} INFO - Sync 1 DAGs
[2026-09-03T08:54:09.573+0000] {logging_mixin.py:188} INFO - [2026-09-03T08:54:09.572+0000] {dag.py:3954} INFO - Setting next_dagrun for recommendation_system_training to 2026-08-23 02:00:00+00:00, run_after=2026-08-30 02:00:00+00:00
[2026-09-03T08:54:09.660+0000] {processor.py:183} INFO - Processing /opt/airflow/dags/recommendation_training_dag.py took 3.153 seconds
[2026-09-03T08:54:40.581+0000] {processor.py:161} INFO - Started process (PID=2158) to work on /opt/airflow/dags/recommendation_training_dag.py
[2026-09-03T08:54:40.583+0000] {processor.py:830} INFO - Processing file /opt/airflow/dags/recommendation_training_dag.py for tasks to queue
[2026-09-03T08:54:40.585+0000] {logging_mixin.py:188} INFO - [2026-09-03T08:54:40.585+0000] {dagbag.py:545} INFO - Filling up the DagBag from /opt/airflow/dags/recommendation_training_dag.py
[2026-09-03T08:54:44.163+0000] {processor.py:840} INFO - DAG(s) 'recommendation_system_training' retrieved from /opt/airflow/dags/recommendation_training_dag.py
[2026-09-03T08:54:44.192+0000] {logging_mixin.py:188} INFO - [2026-09-03T08:54:44.192+0000] {dag.py:3096} INFO - Sync 1 DAGs
[2026-09-03T08:54:44.213+0000] {logging_mixin.py:188} INFO - [2026-09-03T08:54:44.213+0000] {dag.py:3954} INFO - Setting next_dagrun for recommendation_system_training to 2026-08-23 02:00:00+00:00, run_after=2026-08-30 02:00:00+00:00
[2026-09-03T08:54:44.268+0000] {processor.py:183} INFO - Processing /opt/airflow/dags/recommendation_training_dag.py took 3.701 seconds
[2026-09-03T08:55:15.289+0000] {processor.py:161} INFO - Started process (PID=2170) to work on /opt/airflow/dags/recommendation_training_dag.py
[2026-09-03T08:55:15.291+0000] {processor.py:830} INFO - Processing file /opt/airflow/dags/recommendation_training_dag.py for tasks to queue
[2026-09-03T08:55:15.294+0000] {logging_mixin.py:188} INFO - [2026-09-03T08:55:15.293+0000] {dagbag.py:545} INFO - Filling up the DagBag from /opt/airflow/dags/recommendation_training_dag.py
[2026-09-03T08:55:18.797+0000] {processor.py:840} INFO - DAG(s) 'recommendation_system_training' retrieved from /opt/airflow/dags/recommendation_training_dag.py
[2026-09-03T08:55:18.828+0000] {logging_mixin.py:188} INFO - [2026-09-03T08:55:18.827+0000] {dag.py:3096} INFO - Sync 1 DAGs
[2026-09-03T08:55:18.851+0000] {logging_mixin.py:188} INFO - [2026-09-03T08:55:18.851+0000] {dag.py:3954} INFO - Setting next_dagrun for recommendation_system_training to 2026-08-23 02:00:00+00:00, run_after=2026-08-30 02:00:00+00:00
[2026-09-03T08:55:18.921+0000] {processor.py:183} INFO - Processing /opt/airflow/dags/recommendation_training_dag.py took 3.646 seconds
[2026-09-03T08:55:49.145+0000] {processor.py:161} INFO - Started process (PID=2182) to work on /opt/airflow/dags/recommendation_training_dag.py
[2026-09-03T08:55:49.146+0000] {processor.py:830} INFO - Processing file /opt/airflow/dags/recommendation_training_dag.py for tasks to queue
[2026-09-03T08:55:49.149+0000] {logging_mixin.py:188} INFO - [2026-09-03T08:55:49.149+0000] {dagbag.py:545} INFO - Filling up the DagBag from /opt/airflow/dags/recommendation_training_dag.py
[2026-09-03T08:55:52.635+0000] {processor.py:840} INFO - DAG(s) 'recommendation_system_training' retrieved from /opt/airflow/dags/recommendation_training_dag.py
[2026-09-03T08:55:52.669+0000] {logging_mixin.py:188} INFO - [2026-09-03T08:55:52.668+0000] {dag.py:3096} INFO - Sync 1 DAGs
[2026-09-03T08:55:52.699+0000] {logging_mixin.py:188} INFO - [2026-09-03T08:55:52.699+0000] {dag.py:3954} INFO - Setting next_dagrun for recommendation_system_training to 2026-08-23 02:00:00+00:00, run_after=2026-08-30 02:00:00+00:00
[2026-09-03T08:55:52.810+0000] {processor.py:183} INFO - Processing /opt/airflow/dags/recommendation_training_dag.py took 3.681 seconds
[2026-09-03T08:57:46.330+0000] {processor.py:161} INFO - Started process (PID=25) to work on /opt/airflow/dags/recommendation_training_dag.py
[2026-09-03T08:57:46.332+0000] {processor.py:830} INFO - Processing file /opt/airflow/dags/recommendation_training_dag.py for tasks to queue
[2026-09-03T08:57:46.336+0000] {logging_mixin.py:188} INFO - [2026-09-03T08:57:46.335+0000] {dagbag.py:545} INFO - Filling up the DagBag from /opt/airflow/dags/recommendation_training_dag.py
[2026-09-03T08:57:53.283+0000] {processor.py:840} INFO - DAG(s) 'recommendation_system_training' retrieved from /opt/airflow/dags/recommendation_training_dag.py
[2026-09-03T08:57:53.310+0000] {logging_mixin.py:188} INFO - [2026-09-03T08:57:53.309+0000] {dag.py:3096} INFO - Sync 1 DAGs
[2026-09-03T08:57:53.346+0000] {logging_mixin.py:188} INFO - [2026-09-03T08:57:53.346+0000] {dag.py:3954} INFO - Setting next_dagrun for recommendation_system_training to 2026-08-23 02:00:00+00:00, run_after=2026-08-30 02:00:00+00:00
[2026-09-03T08:57:53.457+0000] {processor.py:183} INFO - Processing /opt/airflow/dags/recommendation_training_dag.py took 7.149 seconds
[2026-09-03T08:58:24.565+0000] {processor.py:161} INFO - Started process (PID=38) to work on /opt/airflow/dags/recommendation_training_dag.py
[2026-09-03T08:58:24.595+0000] {processor.py:830} INFO - Processing file /opt/airflow/dags/recommendation_training_dag.py for tasks to queue
[2026-09-03T08:58:24.630+0000] {logging_mixin.py:188} INFO - [2026-09-03T08:58:24.628+0000] {dagbag.py:545} INFO - Filling up the DagBag from /opt/airflow/dags/recommendation_training_dag.py
[2026-09-03T08:58:38.884+0000] {processor.py:840} INFO - DAG(s) 'recommendation_system_training' retrieved from /opt/airflow/dags/recommendation_training_dag.py
[2026-09-03T08:58:39.358+0000] {logging_mixin.py:188} INFO - [2026-09-03T08:58:39.357+0000] {dag.py:3096} INFO - Sync 1 DAGs
[2026-09-03T08:58:39.448+0000] {logging_mixin.py:188} INFO - [2026-09-03T08:58:39.448+0000] {dag.py:3954} INFO - Setting next_dagrun for recommendation_system_training to 2026-08-23 02:00:00+00:00, run_after=2026-08-30 02:00:00+00:00
[2026-09-03T08:58:39.544+0000] {processor.py:183} INFO - Processing /opt/airflow/dags/recommendation_training_dag.py took 15.091 seconds
[2026-09-03T08:59:10.143+0000] {processor.py:161} INFO - Started process (PID=50) to work on /opt/airflow/dags/recommendation_training_dag.py
[2026-09-03T08:59:10.145+0000] {processor.py:830} INFO - Processing file /opt/airflow/dags/recommendation_training_dag.py for tasks to queue
[2026-09-03T08:59:10.148+0000] {logging_mixin.py:188} INFO - [2026-09-03T08:59:10.147+0000] {dagbag.py:545} INFO - Filling up the DagBag from /opt/airflow/dags/recommendation_training_dag.py
[2026-09-03T08:59:13.676+0000] {processor.py:840} INFO - DAG(s) 'recommendation_system_training' retrieved from /opt/airflow/dags/recommendation_training_dag.py
[2026-09-03T08:59:13.814+0000] {logging_mixin.py:188} INFO - [2026-09-03T08:59:13.813+0000] {dag.py:3096} INFO - Sync 1 DAGs
[2026-09-03T08:59:13.862+0000] {logging_mixin.py:188} INFO - [2026-09-03T08:59:13.862+0000] {dag.py:3954} INFO - Setting next_dagrun for recommendation_system_training to 2026-08-23 02:00:00+00:00, run_after=2026-08-30 02:00:00+00:00
[2026-09-03T08:59:14.004+0000] {processor.py:183} INFO - Processing /opt/airflow/dags/recommendation_training_dag.py took 3.873 seconds
[2026-09-03T08:59:44.200+0000] {processor.py:161} INFO - Started process (PID=62) to work on /opt/airflow/dags/recommendation_training_dag.py
[2026-09-03T08:59:44.202+0000] {processor.py:830} INFO - Processing file /opt/airflow/dags/recommendation_training_dag.py for tasks to queue
[2026-09-03T08:59:44.207+0000] {logging_mixin.py:188} INFO - [2026-09-03T08:59:44.206+0000] {dagbag.py:545} INFO - Filling up the DagBag from /opt/airflow/dags/recommendation_training_dag.py
[2026-09-03T08:59:47.443+0000] {processor.py:840} INFO - DAG(s) 'recommendation_system_training' retrieved from /opt/airflow/dags/recommendation_training_dag.py
[2026-09-03T08:59:47.530+0000] {logging_mixin.py:188} INFO - [2026-09-03T08:59:47.529+0000] {dag.py:3096} INFO - Sync 1 DAGs
[2026-09-03T08:59:46.731+0000] {logging_mixin.py:188} INFO - [2026-09-03T08:59:46.730+0000] {dag.py:3954} INFO - Setting next_dagrun for recommendation_system_training to 2026-08-23 02:00:00+00:00, run_after=2026-08-30 02:00:00+00:00
[2026-09-03T08:59:46.807+0000] {processor.py:183} INFO - Processing /opt/airflow/dags/recommendation_training_dag.py took 4.233 seconds
